statement_id,customer_id,statement_date,billing_period_start,billing_period_end,plan_type,data_usage,data_allowance,plan_id,last_modified,_change_request_type,bill_total
1,13495585,2025-11-01,2025-11-01,2025-11-30,mobile,,,1,2025-11-01 00:00:00,u,25
2,13495585,2025-10-01,2025-10-01,2025-10-31,mobile,,,1,2025-10-01 00:00:00,u,25
3,13495585,2025-09-01,2025-09-01,2025-09-30,mobile,,,1,2025-09-01 00:00:00,u,25
4,13495585,2025-08-01,2025-08-01,2025-08-31,mobile,,,1,2025-08-01 00:00:00,u,25
5,13495585,2025-07-01,2025-07-01,2025-07-31,mobile,,,1,2025-07-01 00:00:00,u,25
6,13495585,2025-06-01,2025-06-01,2025-06-30,mobile,,,1,2025-06-01 00:00:00,u,25
7,13495585,2025-05-01,2025-05-01,2025-05-31,mobile,,,1,2025-05-01 00:00:00,u,25
8,13495585,2025-04-01,2025-04-01,2025-04-30,mobile,,,1,2025-04-01 00:00:00,u,25
9,13495585,2025-03-01,2025-03-01,2025-03-31,mobile,,,1,2025-03-01 00:00:00,u,25
10,13495585,2025-02-01,2025-02-01,2025-02-28,mobile,,,1,2025-02-01 00:00:00,u,25
11,13495585,2025-01-01,2025-01-01,2025-01-31,mobile,,,1,2025-01-01 00:00:00,u,25
12,13495585,2024-12-01,2024-12-01,2024-12-31,mobile,,,1,2024-12-01 00:00:00,u,25
13,13495585,2024-11-01,2024-11-01,2024-11-30,mobile,,,1,2024-11-01 00:00:00,u,25
14,37938260,2025-11-01,2025-11-01,2025-11-30,mobile,,,2,2025-11-01 00:00:00,u,80
15,37938260,2025-10-01,2025-10-01,2025-10-31,mobile,,,2,2025-10-01 00:00:00,u,80
16,37938260,2025-09-01,2025-09-01,2025-09-30,mobile,,,2,2025-09-01 00:00:00,u,80
17,37938260,2025-08-01,2025-08-01,2025-08-31,mobile,,,2,2025-08-01 00:00:00,u,80
18,37938260,2025-07-01,2025-07-01,2025-07-31,mobile,,,2,2025-07-01 00:00:00,u,80
19,37938260,2025-06-01,2025-06-01,2025-06-30,mobile,,,2,2025-06-01 00:00:00,u,80
20,37938260,2025-05-01,2025-05-01,2025-05-31,mobile,,,2,2025-05-01 00:00:00,u,80
21,37938260,2025-04-01,2025-04-01,2025-04-30,mobile,,,2,2025-04-01 00:00:00,u,80
22,37938260,2025-03-01,2025-03-01,2025-03-31,mobile,,,2,2025-03-01 00:00:00,u,80
23,37938260,2025-02-01,2025-02-01,2025-02-28,mobile,,,2,2025-02-01 00:00:00,u,80
24,37938260,2025-01-01,2025-01-01,2025-01-31,mobile,,,2,2025-01-01 00:00:00,u,80
25,37938260,2024-12-01,2024-12-01,2024-12-31,mobile,,,2,2024-12-01 00:00:00,u,80
26,37938260,2024-11-01,2024-11-01,2024-11-30,mobile,,,2,2024-11-01 00:00:00,u,80
27,67740571,2025-11-01,2025-11-01,2025-11-30,mobile,,,3,2025-11-01 00:00:00,u,150
28,67740571,2025-10-01,2025-10-01,2025-10-31,mobile,,,3,2025-10-01 00:00:00,u,150
29,67740571,2025-09-01,2025-09-01,2025-09-30,mobile,,,3,2025-09-01 00:00:00,u,150
30,67740571,2025-08-01,2025-08-01,2025-08-31,mobile,,,3,2025-08-01 00:00:00,u,150
31,67740571,2025-07-01,2025-07-01,2025-07-31,mobile,,,3,2025-07-01 00:00:00,u,150
32,67740571,2025-06-01,2025-06-01,2025-06-30,mobile,,,3,2025-06-01 00:00:00,u,150
33,67740571,2025-05-01,2025-05-01,2025-05-31,mobile,,,3,2025-05-01 00:00:00,u,150
34,67740571,2025-04-01,2025-04-01,2025-04-30,mobile,,,3,2025-04-01 00:00:00,u,150
35,67740571,2025-03-01,2025-03-01,2025-03-31,mobile,,,3,2025-03-01 00:00:00,u,150
36,67740571,2025-02-01,2025-02-01,2025-02-28,mobile,,,3,2025-02-01 00:00:00,u,150
37,67740571,2025-01-01,2025-01-01,2025-01-31,mobile,,,3,2025-01-01 00:00:00,u,150
38,67740571,2024-12-01,2024-12-01,2024-12-31,mobile,,,3,2024-12-01 00:00:00,u,150
39,67740571,2024-11-01,2024-11-01,2024-11-30,mobile,,,3,2024-11-01 00:00:00,u,150
40,36124990,2025-11-01,2025-11-01,2025-11-30,mobile,,,1,2025-11-01 00:00:00,u,75
41,36124990,2025-10-01,2025-10-01,2025-10-31,mobile,,,1,2025-10-01 00:00:00,u,75
42,36124990,2025-09-01,2025-09-01,2025-09-30,mobile,,,1,2025-09-01 00:00:00,u,75
43,36124990,2025-08-01,2025-08-01,2025-08-31,mobile,,,1,2025-08-01 00:00:00,u,75
44,36124990,2025-07-01,2025-07-01,2025-07-31,mobile,,,1,2025-07-01 00:00:00,u,75
45,36124990,2025-06-01,2025-06-01,2025-06-30,mobile,,,1,2025-06-01 00:00:00,u,75
46,36124990,2025-05-01,2025-05-01,2025-05-31,mobile,,,1,2025-05-01 00:00:00,u,75
47,36124990,2025-04-01,2025-04-01,2025-04-30,mobile,,,1,2025-04-01 00:00:00,u,75
48,36124990,2025-03-01,2025-03-01,2025-03-31,mobile,,,1,2025-03-01 00:00:00,u,75
49,36124990,2025-02-01,2025-02-01,2025-02-28,mobile,,,1,2025-02-01 00:00:00,u,75
50,36124990,2025-01-01,2025-01-01,2025-01-31,mobile,,,1,2025-01-01 00:00:00,u,75
51,36124990,2024-12-01,2024-12-01,2024-12-31,mobile,,,1,2024-12-01 00:00:00,u,75
52,36124990,2024-11-01,2024-11-01,2024-11-30,mobile,,,1,2024-11-01 00:00:00,u,75
53,28158994,2025-11-01,2025-11-01,2025-11-30,mobile,,,2,2025-11-01 00:00:00,u,120
54,28158994,2025-10-01,2025-10-01,2025-10-31,mobile,,,2,2025-10-01 00:00:00,u,120
55,28158994,2025-09-01,2025-09-01,2025-09-30,mobile,,,2,2025-09-01 00:00:00,u,120
56,28158994,2025-08-01,2025-08-01,2025-08-31,mobile,,,2,2025-08-01 00:00:00,u,120
57,28158994,2025-07-01,2025-07-01,2025-07-31,mobile,,,2,2025-07-01 00:00:00,u,120
58,28158994,2025-06-01,2025-06-01,2025-06-30,mobile,,,2,2025-06-01 00:00:00,u,120
59,28158994,2025-05-01,2025-05-01,2025-05-31,mobile,,,2,2025-05-01 00:00:00,u,120
60,28158994,2025-04-01,2025-04-01,2025-04-30,mobile,,,2,2025-04-01 00:00:00,u,120
61,28158994,2025-03-01,2025-03-01,2025-03-31,mobile,,,2,2025-03-01 00:00:00,u,120
62,28158994,2025-02-01,2025-02-01,2025-02-28,mobile,,,2,2025-02-01 00:00:00,u,120
63,28158994,2025-01-01,2025-01-01,2025-01-31,mobile,,,2,2025-01-01 00:00:00,u,120
64,28158994,2024-12-01,2024-12-01,2024-12-31,mobile,,,2,2024-12-01 00:00:00,u,120
65,28158994,2024-11-01,2024-11-01,2024-11-30,mobile,,,2,2024-11-01 00:00:00,u,120
66,45749269,2025-11-01,2025-11-01,2025-11-30,mobile,,,3,2025-11-01 00:00:00,u,50
67,45749269,2025-10-01,2025-10-01,2025-10-31,mobile,,,3,2025-10-01 00:00:00,u,50
68,45749269,2025-09-01,2025-09-01,2025-09-30,mobile,,,3,2025-09-01 00:00:00,u,50
69,45749269,2025-08-01,2025-08-01,2025-08-31,mobile,,,3,2025-08-01 00:00:00,u,50
70,45749269,2025-07-01,2025-07-01,2025-07-31,mobile,,,3,2025-07-01 00:00:00,u,50
71,45749269,2025-06-01,2025-06-01,2025-06-30,mobile,,,3,2025-06-01 00:00:00,u,50
72,45749269,2025-05-01,2025-05-01,2025-05-31,mobile,,,3,2025-05-01 00:00:00,u,50
73,45749269,2025-04-01,2025-04-01,2025-04-30,mobile,,,3,2025-04-01 00:00:00,u,50
74,45749269,2025-03-01,2025-03-01,2025-03-31,mobile,,,3,2025-03-01 00:00:00,u,50
75,45749269,2025-02-01,2025-02-01,2025-02-28,mobile,,,3,2025-02-01 00:00:00,u,50
76,45749269,2025-01-01,2025-01-01,2025-01-31,mobile,,,3,2025-01-01 00:00:00,u,50
77,45749269,2024-12-01,2024-12-01,2024-12-31,mobile,,,3,2024-12-01 00:00:00,u,50
78,45749269,2024-11-01,2024-11-01,2024-11-30,mobile,,,3,2024-11-01 00:00:00,u,50
79,23025956,2025-11-01,2025-11-01,2025-11-30,mobile,,,3,2025-11-01 00:00:00,u,200
80,23025956,2025-10-01,2025-10-01,2025-10-31,mobile,,,3,2025-10-01 00:00:00,u,200
81,23025956,2025-09-01,2025-09-01,2025-09-30,mobile,,,3,2025-09-01 00:00:00,u,200
82,23025956,2025-08-01,2025-08-01,2025-08-31,mobile,,,3,2025-08-01 00:00:00,u,200
83,23025956,2025-07-01,2025-07-01,2025-07-31,mobile,,,3,2025-07-01 00:00:00,u,200
84,23025956,2025-06-01,2025-06-01,2025-06-30,mobile,,,3,2025-06-01 00:00:00,u,200
85,23025956,2025-05-01,2025-05-01,2025-05-31,mobile,,,3,2025-05-01 00:00:00,u,200
86,23025956,2025-04-01,2025-04-01,2025-04-30,mobile,,,3,2025-04-01 00:00:00,u,200
87,23025956,2025-03-01,2025-03-01,2025-03-31,mobile,,,3,2025-03-01 00:00:00,u,200
88,23025956,2025-02-01,2025-02-01,2025-02-28,mobile,,,3,2025-02-01 00:00:00,u,200
89,23025956,2025-01-01,2025-01-01,2025-01-31,mobile,,,3,2025-01-01 00:00:00,u,200
90,23025956,2024-12-01,2024-12-01,2024-12-31,mobile,,,3,2024-12-01 00:00:00,u,200
91,23025956,2024-11-01,2024-11-01,2024-11-30,mobile,,,3,2024-11-01 00:00:00,u,200
92,18927446,2025-11-01,2025-11-01,2025-11-30,mobile,,,1,2025-11-01 00:00:00,u,75
93,18927446,2025-10-01,2025-10-01,2025-10-31,mobile,,,1,2025-10-01 00:00:00,u,75
94,18927446,2025-09-01,2025-09-01,2025-09-30,mobile,,,1,2025-09-01 00:00:00,u,75
95,18927446,2025-08-01,2025-08-01,2025-08-31,mobile,,,1,2025-08-01 00:00:00,u,75
96,18927446,2025-07-01,2025-07-01,2025-07-31,mobile,,,1,2025-07-01 00:00:00,u,75
97,18927446,2025-06-01,2025-06-01,2025-06-30,mobile,,,1,2025-06-01 00:00:00,u,75
98,18927446,2025-05-01,2025-05-01,2025-05-31,mobile,,,1,2025-05-01 00:00:00,u,75
99,18927446,2025-04-01,2025-04-01,2025-04-30,mobile,,,1,2025-04-01 00:00:00,u,75
100,18927446,2025-03-01,2025-03-01,2025-03-31,mobile,,,1,2025-03-01 00:00:00,u,75
101,18927446,2025-02-01,2025-02-01,2025-02-28,mobile,,,1,2025-02-01 00:00:00,u,75
102,18927446,2025-01-01,2025-01-01,2025-01-31,mobile,,,1,2025-01-01 00:00:00,u,75
103,18927446,2024-12-01,2024-12-01,2024-12-31,mobile,,,1,2024-12-01 00:00:00,u,75
104,18927446,2024-11-01,2024-11-01,2024-11-30,mobile,,,1,2024-11-01 00:00:00,u,75
105,92445190,2025-11-01,2025-11-01,2025-11-30,mobile,,,2,2025-11-01 00:00:00,u,40
106,92445190,2025-10-01,2025-10-01,2025-10-31,mobile,,,2,2025-10-01 00:00:00,u,40
107,92445190,2025-09-01,2025-09-01,2025-09-30,mobile,,,2,2025-09-01 00:00:00,u,40
108,92445190,2025-08-01,2025-08-01,2025-08-31,mobile,,,2,2025-08-01 00:00:00,u,40
109,92445190,2025-07-01,2025-07-01,2025-07-31,mobile,,,2,2025-07-01 00:00:00,u,40
110,92445190,2025-06-01,2025-06-01,2025-06-30,mobile,,,2,2025-06-01 00:00:00,u,40
111,92445190,2025-05-01,2025-05-01,2025-05-31,mobile,,,2,2025-05-01 00:00:00,u,40
112,92445190,2025-04-01,2025-04-01,2025-04-30,mobile,,,2,2025-04-01 00:00:00,u,40
113,92445190,2025-03-01,2025-03-01,2025-03-31,mobile,,,2,2025-03-01 00:00:00,u,40
114,92445190,2025-02-01,2025-02-01,2025-02-28,mobile,,,2,2025-02-01 00:00:00,u,40
115,92445190,2025-01-01,2025-01-01,2025-01-31,mobile,,,2,2025-01-01 00:00:00,u,40
116,92445190,2024-12-01,2024-12-01,2024-12-31,mobile,,,2,2024-12-01 00:00:00,u,40
117,92445190,2024-11-01,2024-11-01,2024-11-30,mobile,,,2,2024-11-01 00:00:00,u,40
118,13714356,2025-11-01,2025-11-01,2025-11-30,mobile,,,1,2025-11-01 00:00:00,u,75
119,13714356,2025-10-01,2025-10-01,2025-10-31,mobile,,,1,2025-10-01 00:00:00,u,75
120,13714356,2025-09-01,2025-09-01,2025-09-30,mobile,,,1,2025-09-01 00:00:00,u,75
121,13714356,2025-08-01,2025-08-01,2025-08-31,mobile,,,1,2025-08-01 00:00:00,u,75
122,13714356,2025-07-01,2025-07-01,2025-07-31,mobile,,,1,2025-07-01 00:00:00,u,75
123,13714356,2025-06-01,2025-06-01,2025-06-30,mobile,,,1,2025-06-01 00:00:00,u,75
124,13714356,2025-05-01,2025-05-01,2025-05-31,mobile,,,1,2025-05-01 00:00:00,u,75
125,13714356,2025-04-01,2025-04-01,2025-04-30,mobile,,,1,2025-04-01 00:00:00,u,75
126,13714356,2025-03-01,2025-03-01,2025-03-31,mobile,,,1,2025-03-01 00:00:00,u,75
127,13714356,2025-02-01,2025-02-01,2025-02-28,mobile,,,1,2025-02-01 00:00:00,u,75
128,13714356,2025-01-01,2025-01-01,2025-01-31,mobile,,,1,2025-01-01 00:00:00,u,75
129,13714356,2024-12-01,2024-12-01,2024-12-31,mobile,,,1,2024-12-01 00:00:00,u,75
130,13714356,2024-11-01,2024-11-01,2024-11-30,mobile,,,1,2024-11-01 00:00:00,u,75
131,32364848,2025-11-01,2025-11-01,2025-11-30,mobile,,,2,2025-11-01 00:00:00,u,160
132,32364848,2025-10-01,2025-10-01,2025-10-31,mobile,,,2,2025-10-01 00:00:00,u,160
133,32364848,2025-09-01,2025-09-01,2025-09-30,mobile,,,2,2025-09-01 00:00:00,u,160
134,32364848,2025-08-01,2025-08-01,2025-08-31,mobile,,,2,2025-08-01 00:00:00,u,160
135,32364848,2025-07-01,2025-07-01,2025-07-31,mobile,,,2,2025-07-01 00:00:00,u,160
136,32364848,2025-06-01,2025-06-01,2025-06-30,mobile,,,2,2025-06-01 00:00:00,u,160
137,32364848,2025-05-01,2025-05-01,2025-05-31,mobile,,,2,2025-05-01 00:00:00,u,160
138,32364848,2025-04-01,2025-04-01,2025-04-30,mobile,,,2,2025-04-01 00:00:00,u,160
139,32364848,2025-03-01,2025-03-01,2025-03-31,mobile,,,2,2025-03-01 00:00:00,u,160
140,32364848,2025-02-01,2025-02-01,2025-02-28,mobile,,,2,2025-02-01 00:00:00,u,160
141,32364848,2025-01-01,2025-01-01,2025-01-31,mobile,,,2,2025-01-01 00:00:00,u,160
142,32364848,2024-12-01,2024-12-01,2024-12-31,mobile,,,2,2024-12-01 00:00:00,u,160
143,32364848,2024-11-01,2024-11-01,2024-11-30,mobile,,,2,2024-11-01 00:00:00,u,160
144,00569524,2025-11-01,2025-11-01,2025-11-30,mobile,,,3,2025-11-01 00:00:00,u,100
145,00569524,2025-10-01,2025-10-01,2025-10-31,mobile,,,3,2025-10-01 00:00:00,u,100
146,00569524,2025-09-01,2025-09-01,2025-09-30,mobile,,,3,2025-09-01 00:00:00,u,100
147,00569524,2025-08-01,2025-08-01,2025-08-31,mobile,,,3,2025-08-01 00:00:00,u,100
148,00569524,2025-07-01,2025-07-01,2025-07-31,mobile,,,3,2025-07-01 00:00:00,u,100
149,00569524,2025-06-01,2025-06-01,2025-06-30,mobile,,,3,2025-06-01 00:00:00,u,100
150,00569524,2025-05-01,2025-05-01,2025-05-31,mobile,,,3,2025-05-01 00:00:00,u,100
151,00569524,2025-04-01,2025-04-01,2025-04-30,mobile,,,3,2025-04-01 00:00:00,u,100
152,00569524,2025-03-01,2025-03-01,2025-03-31,mobile,,,3,2025-03-01 00:00:00,u,100
153,00569524,2025-02-01,2025-02-01,2025-02-28,mobile,,,3,2025-02-01 00:00:00,u,100
154,00569524,2025-01-01,2025-01-01,2025-01-31,mobile,,,3,2025-01-01 00:00:00,u,100
155,00569524,2024-12-01,2024-12-01,2024-12-31,mobile,,,3,2024-12-01 00:00:00,u,100
156,00569524,2024-11-01,2024-11-01,2024-11-30,mobile,,,3,2024-11-01 00:00:00,u,100
157,56119723,2025-11-01,2025-11-01,2025-11-30,mobile,,,3,2025-11-01 00:00:00,u,200
158,56119723,2025-10-01,2025-10-01,2025-10-31,mobile,,,3,2025-10-01 00:00:00,u,200
159,56119723,2025-09-01,2025-09-01,2025-09-30,mobile,,,3,2025-09-01 00:00:00,u,200
160,56119723,2025-08-01,2025-08-01,2025-08-31,mobile,,,3,2025-08-01 00:00:00,u,200
161,56119723,2025-07-01,2025-07-01,2025-07-31,mobile,,,3,2025-07-01 00:00:00,u,200
162,56119723,2025-06-01,2025-06-01,2025-06-30,mobile,,,3,2025-06-01 00:00:00,u,200
163,56119723,2025-05-01,2025-05-01,2025-05-31,mobile,,,3,2025-05-01 00:00:00,u,200
164,56119723,2025-04-01,2025-04-01,2025-04-30,mobile,,,3,2025-04-01 00:00:00,u,200
165,56119723,2025-03-01,2025-03-01,2025-03-31,mobile,,,3,2025-03-01 00:00:00,u,200
166,56119723,2025-02-01,2025-02-01,2025-02-28,mobile,,,3,2025-02-01 00:00:00,u,200
167,56119723,2025-01-01,2025-01-01,2025-01-31,mobile,,,3,2025-01-01 00:00:00,u,200
168,56119723,2024-12-01,2024-12-01,2024-12-31,mobile,,,3,2024-12-01 00:00:00,u,200
169,56119723,2024-11-01,2024-11-01,2024-11-30,mobile,,,3,2024-11-01 00:00:00,u,200
170,44873563,2025-11-01,2025-11-01,2025-11-30,mobile,,,1,2025-11-01 00:00:00,u,25
171,44873563,2025-10-01,2025-10-01,2025-10-31,mobile,,,1,2025-10-01 00:00:00,u,25
172,44873563,2025-09-01,2025-09-01,2025-09-30,mobile,,,1,2025-09-01 00:00:00,u,25
173,44873563,2025-08-01,2025-08-01,2025-08-31,mobile,,,1,2025-08-01 00:00:00,u,25
174,44873563,2025-07-01,2025-07-01,2025-07-31,mobile,,,1,2025-07-01 00:00:00,u,25
175,44873563,2025-06-01,2025-06-01,2025-06-30,mobile,,,1,2025-06-01 00:00:00,u,25
176,44873563,2025-05-01,2025-05-01,2025-05-31,mobile,,,1,2025-05-01 00:00:00,u,25
177,44873563,2025-04-01,2025-04-01,2025-04-30,mobile,,,1,2025-04-01 00:00:00,u,25
178,44873563,2025-03-01,2025-03-01,2025-03-31,mobile,,,1,2025-03-01 00:00:00,u,25
179,44873563,2025-02-01,2025-02-01,2025-02-28,mobile,,,1,2025-02-01 00:00:00,u,25
180,44873563,2025-01-01,2025-01-01,2025-01-31,mobile,,,1,2025-01-01 00:00:00,u,25
181,44873563,2024-12-01,2024-12-01,2024-12-31,mobile,,,1,2024-12-01 00:00:00,u,25
182,44873563,2024-11-01,2024-11-01,2024-11-30,mobile,,,1,2024-11-01 00:00:00,u,25
183,08610779,2025-11-01,2025-11-01,2025-11-30,mobile,,,2,2025-11-01 00:00:00,u,120
184,08610779,2025-10-01,2025-10-01,2025-10-31,mobile,,,2,2025-10-01 00:00:00,u,120
185,08610779,2025-09-01,2025-09-01,2025-09-30,mobile,,,2,2025-09-01 00:00:00,u,120
186,08610779,2025-08-01,2025-08-01,2025-08-31,mobile,,,2,2025-08-01 00:00:00,u,120
187,08610779,2025-07-01,2025-07-01,2025-07-31,mobile,,,2,2025-07-01 00:00:00,u,120
188,08610779,2025-06-01,2025-06-01,2025-06-30,mobile,,,2,2025-06-01 00:00:00,u,120
189,08610779,2025-05-01,2025-05-01,2025-05-31,mobile,,,2,2025-05-01 00:00:00,u,120
190,08610779,2025-04-01,2025-04-01,2025-04-30,mobile,,,2,2025-04-01 00:00:00,u,120
191,08610779,2025-03-01,2025-03-01,2025-03-31,mobile,,,2,2025-03-01 00:00:00,u,120
192,08610779,2025-02-01,2025-02-01,2025-02-28,mobile,,,2,2025-02-01 00:00:00,u,120
193,08610779,2025-01-01,2025-01-01,2025-01-31,mobile,,,2,2025-01-01 00:00:00,u,120
194,08610779,2024-12-01,2024-12-01,2024-12-31,mobile,,,2,2024-12-01 00:00:00,u,120
195,08610779,2024-11-01,2024-11-01,2024-11-30,mobile,,,2,2024-11-01 00:00:00,u,120
196,91566010,2025-11-01,2025-11-01,2025-11-30,mobile,,,1,2025-11-01 00:00:00,u,25
197,91566010,2025-10-01,2025-10-01,2025-10-31,mobile,,,1,2025-10-01 00:00:00,u,25
198,91566010,2025-09-01,2025-09-01,2025-09-30,mobile,,,1,2025-09-01 00:00:00,u,25
199,91566010,2025-08-01,2025-08-01,2025-08-31,mobile,,,1,2025-08-01 00:00:00,u,25
200,91566010,2025-07-01,2025-07-01,2025-07-31,mobile,,,1,2025-07-01 00:00:00,u,25
201,91566010,2025-06-01,2025-06-01,2025-06-30,mobile,,,1,2025-06-01 00:00:00,u,25
202,91566010,2025-05-01,2025-05-01,2025-05-31,mobile,,,1,2025-05-01 00:00:00,u,25
203,91566010,2025-04-01,2025-04-01,2025-04-30,mobile,,,1,2025-04-01 00:00:00,u,25
204,91566010,2025-03-01,2025-03-01,2025-03-31,mobile,,,1,2025-03-01 00:00:00,u,25
205,91566010,2025-02-01,2025-02-01,2025-02-28,mobile,,,1,2025-02-01 00:00:00,u,25
206,91566010,2025-01-01,2025-01-01,2025-01-31,mobile,,,1,2025-01-01 00:00:00,u,25
207,91566010,2024-12-01,2024-12-01,2024-12-31,mobile,,,1,2024-12-01 00:00:00,u,25
208,91566010,2024-11-01,2024-11-01,2024-11-30,mobile,,,1,2024-11-01 00:00:00,u,25
209,13409372,2025-11-01,2025-11-01,2025-11-30,mobile,,,2,2025-11-01 00:00:00,u,120
210,13409372,2025-10-01,2025-10-01,2025-10-31,mobile,,,2,2025-10-01 00:00:00,u,120
211,13409372,2025-09-01,2025-09-01,2025-09-30,mobile,,,2,2025-09-01 00:00:00,u,120
212,13409372,2025-08-01,2025-08-01,2025-08-31,mobile,,,2,2025-08-01 00:00:00,u,120
213,13409372,2025-07-01,2025-07-01,2025-07-31,mobile,,,2,2025-07-01 00:00:00,u,120
214,13409372,2025-06-01,2025-06-01,2025-06-30,mobile,,,2,2025-06-01 00:00:00,u,120
215,13409372,2025-05-01,2025-05-01,2025-05-31,mobile,,,2,2025-05-01 00:00:00,u,120
216,13409372,2025-04-01,2025-04-01,2025-04-30,mobile,,,2,2025-04-01 00:00:00,u,120
217,13409372,2025-03-01,2025-03-01,2025-03-31,mobile,,,2,2025-03-01 00:00:00,u,120
218,13409372,2025-02-01,2025-02-01,2025-02-28,mobile,,,2,2025-02-01 00:00:00,u,120
219,13409372,2025-01-01,2025-01-01,2025-01-31,mobile,,,2,2025-01-01 00:00:00,u,120
220,13409372,2024-12-01,2024-12-01,2024-12-31,mobile,,,2,2024-12-01 00:00:00,u,120
221,13409372,2024-11-01,2024-11-01,2024-11-30,mobile,,,2,2024-11-01 00:00:00,u,120
222,82123711,2025-11-01,2025-11-01,2025-11-30,mobile,,,3,2025-11-01 00:00:00,u,100
223,82123711,2025-10-01,2025-10-01,2025-10-31,mobile,,,3,2025-10-01 00:00:00,u,100
224,82123711,2025-09-01,2025-09-01,2025-09-30,mobile,,,3,2025-09-01 00:00:00,u,100
225,82123711,2025-08-01,2025-08-01,2025-08-31,mobile,,,3,2025-08-01 00:00:00,u,100
226,82123711,2025-07-01,2025-07-01,2025-07-31,mobile,,,3,2025-07-01 00:00:00,u,100
227,82123711,2025-06-01,2025-06-01,2025-06-30,mobile,,,3,2025-06-01 00:00:00,u,100
228,82123711,2025-05-01,2025-05-01,2025-05-31,mobile,,,3,2025-05-01 00:00:00,u,100
229,82123711,2025-04-01,2025-04-01,2025-04-30,mobile,,,3,2025-04-01 00:00:00,u,100
230,82123711,2025-03-01,2025-03-01,2025-03-31,mobile,,,3,2025-03-01 00:00:00,u,100
231,82123711,2025-02-01,2025-02-01,2025-02-28,mobile,,,3,2025-02-01 00:00:00,u,100
232,82123711,2025-01-01,2025-01-01,2025-01-31,mobile,,,3,2025-01-01 00:00:00,u,100
233,82123711,2024-12-01,2024-12-01,2024-12-31,mobile,,,3,2024-12-01 00:00:00,u,100
234,82123711,2024-11-01,2024-11-01,2024-11-30,mobile,,,3,2024-11-01 00:00:00,u,100
235,05604353,2025-11-01,2025-11-01,2025-11-30,mobile,,,3,2025-11-01 00:00:00,u,150
236,05604353,2025-10-01,2025-10-01,2025-10-31,mobile,,,3,2025-10-01 00:00:00,u,150
237,05604353,2025-09-01,2025-09-01,2025-09-30,mobile,,,3,2025-09-01 00:00:00,u,150
238,05604353,2025-08-01,2025-08-01,2025-08-31,mobile,,,3,2025-08-01 00:00:00,u,150
239,05604353,2025-07-01,2025-07-01,2025-07-31,mobile,,,3,2025-07-01 00:00:00,u,150
240,05604353,2025-06-01,2025-06-01,2025-06-30,mobile,,,3,2025-06-01 00:00:00,u,150
241,05604353,2025-05-01,2025-05-01,2025-05-31,mobile,,,3,2025-05-01 00:00:00,u,150
242,05604353,2025-04-01,2025-04-01,2025-04-30,mobile,,,3,2025-04-01 00:00:00,u,150
243,05604353,2025-03-01,2025-03-01,2025-03-31,mobile,,,3,2025-03-01 00:00:00,u,150
244,05604353,2025-02-01,2025-02-01,2025-02-28,mobile,,,3,2025-02-01 00:00:00,u,150
245,05604353,2025-01-01,2025-01-01,2025-01-31,mobile,,,3,2025-01-01 00:00:00,u,150
246,05604353,2024-12-01,2024-12-01,2024-12-31,mobile,,,3,2024-12-01 00:00:00,u,150
247,05604353,2024-11-01,2024-11-01,2024-11-30,mobile,,,3,2024-11-01 00:00:00,u,150
248,75880089,2025-11-01,2025-11-01,2025-11-30,mobile,,,1,2025-11-01 00:00:00,u,50
249,75880089,2025-10-01,2025-10-01,2025-10-31,mobile,,,1,2025-10-01 00:00:00,u,50
250,75880089,2025-09-01,2025-09-01,2025-09-30,mobile,,,1,2025-09-01 00:00:00,u,50
251,75880089,2025-08-01,2025-08-01,2025-08-31,mobile,,,1,2025-08-01 00:00:00,u,50
252,75880089,2025-07-01,2025-07-01,2025-07-31,mobile,,,1,2025-07-01 00:00:00,u,50
253,75880089,2025-06-01,2025-06-01,2025-06-30,mobile,,,1,2025-06-01 00:00:00,u,50
254,75880089,2025-05-01,2025-05-01,2025-05-31,mobile,,,1,2025-05-01 00:00:00,u,50
255,75880089,2025-04-01,2025-04-01,2025-04-30,mobile,,,1,2025-04-01 00:00:00,u,50
256,75880089,2025-03-01,2025-03-01,2025-03-31,mobile,,,1,2025-03-01 00:00:00,u,50
257,75880089,2025-02-01,2025-02-01,2025-02-28,mobile,,,1,2025-02-01 00:00:00,u,50
258,75880089,2025-01-01,2025-01-01,2025-01-31,mobile,,,1,2025-01-01 00:00:00,u,50
259,75880089,2024-12-01,2024-12-01,2024-12-31,mobile,,,1,2024-12-01 00:00:00,u,50
260,75880089,2024-11-01,2024-11-01,2024-11-30,mobile,,,1,2024-11-01 00:00:00,u,50
261,54590181,2025-11-01,2025-11-01,2025-11-30,mobile,,,2,2025-11-01 00:00:00,u,40
262,54590181,2025-10-01,2025-10-01,2025-10-31,mobile,,,2,2025-10-01 00:00:00,u,40
263,54590181,2025-09-01,2025-09-01,2025-09-30,mobile,,,2,2025-09-01 00:00:00,u,40
264,54590181,2025-08-01,2025-08-01,2025-08-31,mobile,,,2,2025-08-01 00:00:00,u,40
265,54590181,2025-07-01,2025-07-01,2025-07-31,mobile,,,2,2025-07-01 00:00:00,u,40
266,54590181,2025-06-01,2025-06-01,2025-06-30,mobile,,,2,2025-06-01 00:00:00,u,40
267,54590181,2025-05-01,2025-05-01,2025-05-31,mobile,,,2,2025-05-01 00:00:00,u,40
268,54590181,2025-04-01,2025-04-01,2025-04-30,mobile,,,2,2025-04-01 00:00:00,u,40
269,54590181,2025-03-01,2025-03-01,2025-03-31,mobile,,,2,2025-03-01 00:00:00,u,40
270,54590181,2025-02-01,2025-02-01,2025-02-28,mobile,,,2,2025-02-01 00:00:00,u,40
271,54590181,2025-01-01,2025-01-01,2025-01-31,mobile,,,2,2025-01-01 00:00:00,u,40
272,54590181,2024-12-01,2024-12-01,2024-12-31,mobile,,,2,2024-12-01 00:00:00,u,40
273,54590181,2024-11-01,2024-11-01,2024-11-30,mobile,,,2,2024-11-01 00:00:00,u,40
274,11851333,2025-11-01,2025-11-01,2025-11-30,mobile,,,2,2025-11-01 00:00:00,u,120
275,11851333,2025-10-01,2025-10-01,2025-10-31,mobile,,,2,2025-10-01 00:00:00,u,120
276,11851333,2025-09-01,2025-09-01,2025-09-30,mobile,,,2,2025-09-01 00:00:00,u,120
277,11851333,2025-08-01,2025-08-01,2025-08-31,mobile,,,2,2025-08-01 00:00:00,u,120
278,11851333,2025-07-01,2025-07-01,2025-07-31,mobile,,,2,2025-07-01 00:00:00,u,120
279,11851333,2025-06-01,2025-06-01,2025-06-30,mobile,,,2,2025-06-01 00:00:00,u,120
280,11851333,2025-05-01,2025-05-01,2025-05-31,mobile,,,2,2025-05-01 00:00:00,u,120
281,11851333,2025-04-01,2025-04-01,2025-04-30,mobile,,,2,2025-04-01 00:00:00,u,120
282,11851333,2025-03-01,2025-03-01,2025-03-31,mobile,,,2,2025-03-01 00:00:00,u,120
283,11851333,2025-02-01,2025-02-01,2025-02-28,mobile,,,2,2025-02-01 00:00:00,u,120
284,11851333,2025-01-01,2025-01-01,2025-01-31,mobile,,,2,2025-01-01 00:00:00,u,120
285,11851333,2024-12-01,2024-12-01,2024-12-31,mobile,,,2,2024-12-01 00:00:00,u,120
286,11851333,2024-11-01,2024-11-01,2024-11-30,mobile,,,2,2024-11-01 00:00:00,u,120
287,07068709,2025-11-01,2025-11-01,2025-11-30,mobile,,,3,2025-11-01 00:00:00,u,150
288,07068709,2025-10-01,2025-10-01,2025-10-31,mobile,,,3,2025-10-01 00:00:00,u,150
289,07068709,2025-09-01,2025-09-01,2025-09-30,mobile,,,3,2025-09-01 00:00:00,u,150
290,07068709,2025-08-01,2025-08-01,2025-08-31,mobile,,,3,2025-08-01 00:00:00,u,150
291,07068709,2025-07-01,2025-07-01,2025-07-31,mobile,,,3,2025-07-01 00:00:00,u,150
292,07068709,2025-06-01,2025-06-01,2025-06-30,mobile,,,3,2025-06-01 00:00:00,u,150
293,07068709,2025-05-01,2025-05-01,2025-05-31,mobile,,,3,2025-05-01 00:00:00,u,150
294,07068709,2025-04-01,2025-04-01,2025-04-30,mobile,,,3,2025-04-01 00:00:00,u,150
295,07068709,2025-03-01,2025-03-01,2025-03-31,mobile,,,3,2025-03-01 00:00:00,u,150
296,07068709,2025-02-01,2025-02-01,2025-02-28,mobile,,,3,2025-02-01 00:00:00,u,150
297,07068709,2025-01-01,2025-01-01,2025-01-31,mobile,,,3,2025-01-01 00:00:00,u,150
298,07068709,2024-12-01,2024-12-01,2024-12-31,mobile,,,3,2024-12-01 00:00:00,u,150
299,07068709,2024-11-01,2024-11-01,2024-11-30,mobile,,,3,2024-11-01 00:00:00,u,150
300,04561737,2025-11-01,2025-11-01,2025-11-30,mobile,,,1,2025-11-01 00:00:00,u,25
301,04561737,2025-10-01,2025-10-01,2025-10-31,mobile,,,1,2025-10-01 00:00:00,u,25
302,04561737,2025-09-01,2025-09-01,2025-09-30,mobile,,,1,2025-09-01 00:00:00,u,25
303,04561737,2025-08-01,2025-08-01,2025-08-31,mobile,,,1,2025-08-01 00:00:00,u,25
304,04561737,2025-07-01,2025-07-01,2025-07-31,mobile,,,1,2025-07-01 00:00:00,u,25
305,04561737,2025-06-01,2025-06-01,2025-06-30,mobile,,,1,2025-06-01 00:00:00,u,25
306,04561737,2025-05-01,2025-05-01,2025-05-31,mobile,,,1,2025-05-01 00:00:00,u,25
307,04561737,2025-04-01,2025-04-01,2025-04-30,mobile,,,1,2025-04-01 00:00:00,u,25
308,04561737,2025-03-01,2025-03-01,2025-03-31,mobile,,,1,2025-03-01 00:00:00,u,25
309,04561737,2025-02-01,2025-02-01,2025-02-28,mobile,,,1,2025-02-01 00:00:00,u,25
310,04561737,2025-01-01,2025-01-01,2025-01-31,mobile,,,1,2025-01-01 00:00:00,u,25
311,04561737,2024-12-01,2024-12-01,2024-12-31,mobile,,,1,2024-12-01 00:00:00,u,25
312,04561737,2024-11-01,2024-11-01,2024-11-30,mobile,,,1,2024-11-01 00:00:00,u,25
313,45770072,2025-11-01,2025-11-01,2025-11-30,mobile,,,1,2025-11-01 00:00:00,u,50
314,45770072,2025-10-01,2025-10-01,2025-10-31,mobile,,,1,2025-10-01 00:00:00,u,50
315,45770072,2025-09-01,2025-09-01,2025-09-30,mobile,,,1,2025-09-01 00:00:00,u,50
316,45770072,2025-08-01,2025-08-01,2025-08-31,mobile,,,1,2025-08-01 00:00:00,u,50
317,45770072,2025-07-01,2025-07-01,2025-07-31,mobile,,,1,2025-07-01 00:00:00,u,50
318,45770072,2025-06-01,2025-06-01,2025-06-30,mobile,,,1,2025-06-01 00:00:00,u,50
319,45770072,2025-05-01,2025-05-01,2025-05-31,mobile,,,1,2025-05-01 00:00:00,u,50
320,45770072,2025-04-01,2025-04-01,2025-04-30,mobile,,,1,2025-04-01 00:00:00,u,50
321,45770072,2025-03-01,2025-03-01,2025-03-31,mobile,,,1,2025-03-01 00:00:00,u,50
322,45770072,2025-02-01,2025-02-01,2025-02-28,mobile,,,1,2025-02-01 00:00:00,u,50
323,45770072,2025-01-01,2025-01-01,2025-01-31,mobile,,,1,2025-01-01 00:00:00,u,50
324,45770072,2024-12-01,2024-12-01,2024-12-31,mobile,,,1,2024-12-01 00:00:00,u,50
325,45770072,2024-11-01,2024-11-01,2024-11-30,mobile,,,1,2024-11-01 00:00:00,u,50
326,93166502,2025-11-01,2025-11-01,2025-11-30,mobile,,,2,2025-11-01 00:00:00,u,120
327,93166502,2025-10-01,2025-10-01,2025-10-31,mobile,,,2,2025-10-01 00:00:00,u,120
328,93166502,2025-09-01,2025-09-01,2025-09-30,mobile,,,2,2025-09-01 00:00:00,u,120
329,93166502,2025-08-01,2025-08-01,2025-08-31,mobile,,,2,2025-08-01 00:00:00,u,120
330,93166502,2025-07-01,2025-07-01,2025-07-31,mobile,,,2,2025-07-01 00:00:00,u,120
331,93166502,2025-06-01,2025-06-01,2025-06-30,mobile,,,2,2025-06-01 00:00:00,u,120
332,93166502,2025-05-01,2025-05-01,2025-05-31,mobile,,,2,2025-05-01 00:00:00,u,120
333,93166502,2025-04-01,2025-04-01,2025-04-30,mobile,,,2,2025-04-01 00:00:00,u,120
334,93166502,2025-03-01,2025-03-01,2025-03-31,mobile,,,2,2025-03-01 00:00:00,u,120
335,93166502,2025-02-01,2025-02-01,2025-02-28,mobile,,,2,2025-02-01 00:00:00,u,120
336,93166502,2025-01-01,2025-01-01,2025-01-31,mobile,,,2,2025-01-01 00:00:00,u,120
337,93166502,2024-12-01,2024-12-01,2024-12-31,mobile,,,2,2024-12-01 00:00:00,u,120
338,93166502,2024-11-01,2024-11-01,2024-11-30,mobile,,,2,2024-11-01 00:00:00,u,120
339,86996448,2025-11-01,2025-11-01,2025-11-30,mobile,,,3,2025-11-01 00:00:00,u,50
340,86996448,2025-10-01,2025-10-01,2025-10-31,mobile,,,3,2025-10-01 00:00:00,u,50
341,86996448,2025-09-01,2025-09-01,2025-09-30,mobile,,,3,2025-09-01 00:00:00,u,50
342,86996448,2025-08-01,2025-08-01,2025-08-31,mobile,,,3,2025-08-01 00:00:00,u,50
343,86996448,2025-07-01,2025-07-01,2025-07-31,mobile,,,3,2025-07-01 00:00:00,u,50
344,86996448,2025-06-01,2025-06-01,2025-06-30,mobile,,,3,2025-06-01 00:00:00,u,50
345,86996448,2025-05-01,2025-05-01,2025-05-31,mobile,,,3,2025-05-01 00:00:00,u,50
346,86996448,2025-04-01,2025-04-01,2025-04-30,mobile,,,3,2025-04-01 00:00:00,u,50
347,86996448,2025-03-01,2025-03-01,2025-03-31,mobile,,,3,2025-03-01 00:00:00,u,50
348,86996448,2025-02-01,2025-02-01,2025-02-28,mobile,,,3,2025-02-01 00:00:00,u,50
349,86996448,2025-01-01,2025-01-01,2025-01-31,mobile,,,3,2025-01-01 00:00:00,u,50
350,86996448,2024-12-01,2024-12-01,2024-12-31,mobile,,,3,2024-12-01 00:00:00,u,50
351,86996448,2024-11-01,2024-11-01,2024-11-30,mobile,,,3,2024-11-01 00:00:00,u,50
352,26522145,2025-11-01,2025-11-01,2025-11-30,mobile,,,1,2025-11-01 00:00:00,u,50
353,26522145,2025-10-01,2025-10-01,2025-10-31,mobile,,,1,2025-10-01 00:00:00,u,50
354,26522145,2025-09-01,2025-09-01,2025-09-30,mobile,,,1,2025-09-01 00:00:00,u,50
355,26522145,2025-08-01,2025-08-01,2025-08-31,mobile,,,1,2025-08-01 00:00:00,u,50
356,26522145,2025-07-01,2025-07-01,2025-07-31,mobile,,,1,2025-07-01 00:00:00,u,50
357,26522145,2025-06-01,2025-06-01,2025-06-30,mobile,,,1,2025-06-01 00:00:00,u,50
358,26522145,2025-05-01,2025-05-01,2025-05-31,mobile,,,1,2025-05-01 00:00:00,u,50
359,26522145,2025-04-01,2025-04-01,2025-04-30,mobile,,,1,2025-04-01 00:00:00,u,50
360,26522145,2025-03-01,2025-03-01,2025-03-31,mobile,,,1,2025-03-01 00:00:00,u,50
361,26522145,2025-02-01,2025-02-01,2025-02-28,mobile,,,1,2025-02-01 00:00:00,u,50
362,26522145,2025-01-01,2025-01-01,2025-01-31,mobile,,,1,2025-01-01 00:00:00,u,50
363,26522145,2024-12-01,2024-12-01,2024-12-31,mobile,,,1,2024-12-01 00:00:00,u,50
364,26522145,2024-11-01,2024-11-01,2024-11-30,mobile,,,1,2024-11-01 00:00:00,u,50
365,21657939,2025-11-01,2025-11-01,2025-11-30,mobile,,,2,2025-11-01 00:00:00,u,120
366,21657939,2025-10-01,2025-10-01,2025-10-31,mobile,,,2,2025-10-01 00:00:00,u,120
367,21657939,2025-09-01,2025-09-01,2025-09-30,mobile,,,2,2025-09-01 00:00:00,u,120
368,21657939,2025-08-01,2025-08-01,2025-08-31,mobile,,,2,2025-08-01 00:00:00,u,120
369,21657939,2025-07-01,2025-07-01,2025-07-31,mobile,,,2,2025-07-01 00:00:00,u,120
370,21657939,2025-06-01,2025-06-01,2025-06-30,mobile,,,2,2025-06-01 00:00:00,u,120
371,21657939,2025-05-01,2025-05-01,2025-05-31,mobile,,,2,2025-05-01 00:00:00,u,120
372,21657939,2025-04-01,2025-04-01,2025-04-30,mobile,,,2,2025-04-01 00:00:00,u,120
373,21657939,2025-03-01,2025-03-01,2025-03-31,mobile,,,2,2025-03-01 00:00:00,u,120
374,21657939,2025-02-01,2025-02-01,2025-02-28,mobile,,,2,2025-02-01 00:00:00,u,120
375,21657939,2025-01-01,2025-01-01,2025-01-31,mobile,,,2,2025-01-01 00:00:00,u,120
376,21657939,2024-12-01,2024-12-01,2024-12-31,mobile,,,2,2024-12-01 00:00:00,u,120
377,21657939,2024-11-01,2024-11-01,2024-11-30,mobile,,,2,2024-11-01 00:00:00,u,120
378,41900794,2025-11-01,2025-11-01,2025-11-30,mobile,,,3,2025-11-01 00:00:00,u,100
379,41900794,2025-10-01,2025-10-01,2025-10-31,mobile,,,3,2025-10-01 00:00:00,u,100
380,41900794,2025-09-01,2025-09-01,2025-09-30,mobile,,,3,2025-09-01 00:00:00,u,100
381,41900794,2025-08-01,2025-08-01,2025-08-31,mobile,,,3,2025-08-01 00:00:00,u,100
382,41900794,2025-07-01,2025-07-01,2025-07-31,mobile,,,3,2025-07-01 00:00:00,u,100
383,41900794,2025-06-01,2025-06-01,2025-06-30,mobile,,,3,2025-06-01 00:00:00,u,100
384,41900794,2025-05-01,2025-05-01,2025-05-31,mobile,,,3,2025-05-01 00:00:00,u,100
385,41900794,2025-04-01,2025-04-01,2025-04-30,mobile,,,3,2025-04-01 00:00:00,u,100
386,41900794,2025-03-01,2025-03-01,2025-03-31,mobile,,,3,2025-03-01 00:00:00,u,100
387,41900794,2025-02-01,2025-02-01,2025-02-28,mobile,,,3,2025-02-01 00:00:00,u,100
388,41900794,2025-01-01,2025-01-01,2025-01-31,mobile,,,3,2025-01-01 00:00:00,u,100
389,41900794,2024-12-01,2024-12-01,2024-12-31,mobile,,,3,2024-12-01 00:00:00,u,100
390,41900794,2024-11-01,2024-11-01,2024-11-30,mobile,,,3,2024-11-01 00:00:00,u,100
391,21528794,2025-11-01,2025-11-01,2025-11-30,mobile,,,2,2025-11-01 00:00:00,u,160
392,21528794,2025-10-01,2025-10-01,2025-10-31,mobile,,,2,2025-10-01 00:00:00,u,160
393,21528794,2025-09-01,2025-09-01,2025-09-30,mobile,,,2,2025-09-01 00:00:00,u,160
394,21528794,2025-08-01,2025-08-01,2025-08-31,mobile,,,2,2025-08-01 00:00:00,u,160
395,21528794,2025-07-01,2025-07-01,2025-07-31,mobile,,,2,2025-07-01 00:00:00,u,160
396,21528794,2025-06-01,2025-06-01,2025-06-30,mobile,,,2,2025-06-01 00:00:00,u,160
397,21528794,2025-05-01,2025-05-01,2025-05-31,mobile,,,2,2025-05-01 00:00:00,u,160
398,21528794,2025-04-01,2025-04-01,2025-04-30,mobile,,,2,2025-04-01 00:00:00,u,160
399,21528794,2025-03-01,2025-03-01,2025-03-31,mobile,,,2,2025-03-01 00:00:00,u,160
400,21528794,2025-02-01,2025-02-01,2025-02-28,mobile,,,2,2025-02-01 00:00:00,u,160
401,21528794,2025-01-01,2025-01-01,2025-01-31,mobile,,,2,2025-01-01 00:00:00,u,160
402,21528794,2024-12-01,2024-12-01,2024-12-31,mobile,,,2,2024-12-01 00:00:00,u,160
403,21528794,2024-11-01,2024-11-01,2024-11-30,mobile,,,2,2024-11-01 00:00:00,u,160
404,23171531,2025-11-01,2025-11-01,2025-11-30,mobile,,,3,2025-11-01 00:00:00,u,50
405,23171531,2025-10-01,2025-10-01,2025-10-31,mobile,,,3,2025-10-01 00:00:00,u,50
406,23171531,2025-09-01,2025-09-01,2025-09-30,mobile,,,3,2025-09-01 00:00:00,u,50
407,23171531,2025-08-01,2025-08-01,2025-08-31,mobile,,,3,2025-08-01 00:00:00,u,50
408,23171531,2025-07-01,2025-07-01,2025-07-31,mobile,,,3,2025-07-01 00:00:00,u,50
409,23171531,2025-06-01,2025-06-01,2025-06-30,mobile,,,3,2025-06-01 00:00:00,u,50
410,23171531,2025-05-01,2025-05-01,2025-05-31,mobile,,,3,2025-05-01 00:00:00,u,50
411,23171531,2025-04-01,2025-04-01,2025-04-30,mobile,,,3,2025-04-01 00:00:00,u,50
412,23171531,2025-03-01,2025-03-01,2025-03-31,mobile,,,3,2025-03-01 00:00:00,u,50
413,23171531,2025-02-01,2025-02-01,2025-02-28,mobile,,,3,2025-02-01 00:00:00,u,50
414,23171531,2025-01-01,2025-01-01,2025-01-31,mobile,,,3,2025-01-01 00:00:00,u,50
415,23171531,2024-12-01,2024-12-01,2024-12-31,mobile,,,3,2024-12-01 00:00:00,u,50
416,23171531,2024-11-01,2024-11-01,2024-11-30,mobile,,,3,2024-11-01 00:00:00,u,50
417,19749592,2025-11-01,2025-11-01,2025-11-30,mobile,,,1,2025-11-01 00:00:00,u,50
418,19749592,2025-10-01,2025-10-01,2025-10-31,mobile,,,1,2025-10-01 00:00:00,u,50
419,19749592,2025-09-01,2025-09-01,2025-09-30,mobile,,,1,2025-09-01 00:00:00,u,50
420,19749592,2025-08-01,2025-08-01,2025-08-31,mobile,,,1,2025-08-01 00:00:00,u,50
421,19749592,2025-07-01,2025-07-01,2025-07-31,mobile,,,1,2025-07-01 00:00:00,u,50
422,19749592,2025-06-01,2025-06-01,2025-06-30,mobile,,,1,2025-06-01 00:00:00,u,50
423,19749592,2025-05-01,2025-05-01,2025-05-31,mobile,,,1,2025-05-01 00:00:00,u,50
424,19749592,2025-04-01,2025-04-01,2025-04-30,mobile,,,1,2025-04-01 00:00:00,u,50
425,19749592,2025-03-01,2025-03-01,2025-03-31,mobile,,,1,2025-03-01 00:00:00,u,50
426,19749592,2025-02-01,2025-02-01,2025-02-28,mobile,,,1,2025-02-01 00:00:00,u,50
427,19749592,2025-01-01,2025-01-01,2025-01-31,mobile,,,1,2025-01-01 00:00:00,u,50
428,19749592,2024-12-01,2024-12-01,2024-12-31,mobile,,,1,2024-12-01 00:00:00,u,50
429,19749592,2024-11-01,2024-11-01,2024-11-30,mobile,,,1,2024-11-01 00:00:00,u,50
430,09122357,2025-11-01,2025-11-01,2025-11-30,mobile,,,3,2025-11-01 00:00:00,u,250
431,09122357,2025-10-01,2025-10-01,2025-10-31,mobile,,,3,2025-10-01 00:00:00,u,250
432,09122357,2025-09-01,2025-09-01,2025-09-30,mobile,,,3,2025-09-01 00:00:00,u,250
433,09122357,2025-08-01,2025-08-01,2025-08-31,mobile,,,3,2025-08-01 00:00:00,u,250
434,09122357,2025-07-01,2025-07-01,2025-07-31,mobile,,,3,2025-07-01 00:00:00,u,250
435,09122357,2025-06-01,2025-06-01,2025-06-30,mobile,,,3,2025-06-01 00:00:00,u,250
436,09122357,2025-05-01,2025-05-01,2025-05-31,mobile,,,3,2025-05-01 00:00:00,u,250
437,09122357,2025-04-01,2025-04-01,2025-04-30,mobile,,,3,2025-04-01 00:00:00,u,250
438,09122357,2025-03-01,2025-03-01,2025-03-31,mobile,,,3,2025-03-01 00:00:00,u,250
439,09122357,2025-02-01,2025-02-01,2025-02-28,mobile,,,3,2025-02-01 00:00:00,u,250
440,09122357,2025-01-01,2025-01-01,2025-01-31,mobile,,,3,2025-01-01 00:00:00,u,250
441,09122357,2024-12-01,2024-12-01,2024-12-31,mobile,,,3,2024-12-01 00:00:00,u,250
442,09122357,2024-11-01,2024-11-01,2024-11-30,mobile,,,3,2024-11-01 00:00:00,u,250
443,73864969,2025-11-01,2025-11-01,2025-11-30,mobile,,,1,2025-11-01 00:00:00,u,25
444,73864969,2025-10-01,2025-10-01,2025-10-31,mobile,,,1,2025-10-01 00:00:00,u,25
445,73864969,2025-09-01,2025-09-01,2025-09-30,mobile,,,1,2025-09-01 00:00:00,u,25
446,73864969,2025-08-01,2025-08-01,2025-08-31,mobile,,,1,2025-08-01 00:00:00,u,25
447,73864969,2025-07-01,2025-07-01,2025-07-31,mobile,,,1,2025-07-01 00:00:00,u,25
448,73864969,2025-06-01,2025-06-01,2025-06-30,mobile,,,1,2025-06-01 00:00:00,u,25
449,73864969,2025-05-01,2025-05-01,2025-05-31,mobile,,,1,2025-05-01 00:00:00,u,25
450,73864969,2025-04-01,2025-04-01,2025-04-30,mobile,,,1,2025-04-01 00:00:00,u,25
451,73864969,2025-03-01,2025-03-01,2025-03-31,mobile,,,1,2025-03-01 00:00:00,u,25
452,73864969,2025-02-01,2025-02-01,2025-02-28,mobile,,,1,2025-02-01 00:00:00,u,25
453,73864969,2025-01-01,2025-01-01,2025-01-31,mobile,,,1,2025-01-01 00:00:00,u,25
454,73864969,2024-12-01,2024-12-01,2024-12-31,mobile,,,1,2024-12-01 00:00:00,u,25
455,73864969,2024-11-01,2024-11-01,2024-11-30,mobile,,,1,2024-11-01 00:00:00,u,25
456,43587287,2025-11-01,2025-11-01,2025-11-30,mobile,,,2,2025-11-01 00:00:00,u,80
457,43587287,2025-10-01,2025-10-01,2025-10-31,mobile,,,2,2025-10-01 00:00:00,u,80
458,43587287,2025-09-01,2025-09-01,2025-09-30,mobile,,,2,2025-09-01 00:00:00,u,80
459,43587287,2025-08-01,2025-08-01,2025-08-31,mobile,,,2,2025-08-01 00:00:00,u,80
460,43587287,2025-07-01,2025-07-01,2025-07-31,mobile,,,2,2025-07-01 00:00:00,u,80
461,43587287,2025-06-01,2025-06-01,2025-06-30,mobile,,,2,2025-06-01 00:00:00,u,80
462,43587287,2025-05-01,2025-05-01,2025-05-31,mobile,,,2,2025-05-01 00:00:00,u,80
463,43587287,2025-04-01,2025-04-01,2025-04-30,mobile,,,2,2025-04-01 00:00:00,u,80
464,43587287,2025-03-01,2025-03-01,2025-03-31,mobile,,,2,2025-03-01 00:00:00,u,80
465,43587287,2025-02-01,2025-02-01,2025-02-28,mobile,,,2,2025-02-01 00:00:00,u,80
466,43587287,2025-01-01,2025-01-01,2025-01-31,mobile,,,2,2025-01-01 00:00:00,u,80
467,43587287,2024-12-01,2024-12-01,2024-12-31,mobile,,,2,2024-12-01 00:00:00,u,80
468,43587287,2024-11-01,2024-11-01,2024-11-30,mobile,,,2,2024-11-01 00:00:00,u,80
469,15052369,2025-11-01,2025-11-01,2025-11-30,mobile,,,3,2025-11-01 00:00:00,u,200
470,15052369,2025-10-01,2025-10-01,2025-10-31,mobile,,,3,2025-10-01 00:00:00,u,200
471,15052369,2025-09-01,2025-09-01,2025-09-30,mobile,,,3,2025-09-01 00:00:00,u,200
472,15052369,2025-08-01,2025-08-01,2025-08-31,mobile,,,3,2025-08-01 00:00:00,u,200
473,15052369,2025-07-01,2025-07-01,2025-07-31,mobile,,,3,2025-07-01 00:00:00,u,200
474,15052369,2025-06-01,2025-06-01,2025-06-30,mobile,,,3,2025-06-01 00:00:00,u,200
475,15052369,2025-05-01,2025-05-01,2025-05-31,mobile,,,3,2025-05-01 00:00:00,u,200
476,15052369,2025-04-01,2025-04-01,2025-04-30,mobile,,,3,2025-04-01 00:00:00,u,200
477,15052369,2025-03-01,2025-03-01,2025-03-31,mobile,,,3,2025-03-01 00:00:00,u,200
478,15052369,2025-02-01,2025-02-01,2025-02-28,mobile,,,3,2025-02-01 00:00:00,u,200
479,15052369,2025-01-01,2025-01-01,2025-01-31,mobile,,,3,2025-01-01 00:00:00,u,200
480,15052369,2024-12-01,2024-12-01,2024-12-31,mobile,,,3,2024-12-01 00:00:00,u,200
481,15052369,2024-11-01,2024-11-01,2024-11-30,mobile,,,3,2024-11-01 00:00:00,u,200
482,82672855,2025-11-01,2025-11-01,2025-11-30,mobile,,,1,2025-11-01 00:00:00,u,125
483,82672855,2025-10-01,2025-10-01,2025-10-31,mobile,,,1,2025-10-01 00:00:00,u,125
484,82672855,2025-09-01,2025-09-01,2025-09-30,mobile,,,1,2025-09-01 00:00:00,u,125
485,82672855,2025-08-01,2025-08-01,2025-08-31,mobile,,,1,2025-08-01 00:00:00,u,125
486,82672855,2025-07-01,2025-07-01,2025-07-31,mobile,,,1,2025-07-01 00:00:00,u,125
487,82672855,2025-06-01,2025-06-01,2025-06-30,mobile,,,1,2025-06-01 00:00:00,u,125
488,82672855,2025-05-01,2025-05-01,2025-05-31,mobile,,,1,2025-05-01 00:00:00,u,125
489,82672855,2025-04-01,2025-04-01,2025-04-30,mobile,,,1,2025-04-01 00:00:00,u,125
490,82672855,2025-03-01,2025-03-01,2025-03-31,mobile,,,1,2025-03-01 00:00:00,u,125
491,82672855,2025-02-01,2025-02-01,2025-02-28,mobile,,,1,2025-02-01 00:00:00,u,125
492,82672855,2025-01-01,2025-01-01,2025-01-31,mobile,,,1,2025-01-01 00:00:00,u,125
493,82672855,2024-12-01,2024-12-01,2024-12-31,mobile,,,1,2024-12-01 00:00:00,u,125
494,82672855,2024-11-01,2024-11-01,2024-11-30,mobile,,,1,2024-11-01 00:00:00,u,125
495,28561107,2025-11-01,2025-11-01,2025-11-30,mobile,,,2,2025-11-01 00:00:00,u,200
496,28561107,2025-10-01,2025-10-01,2025-10-31,mobile,,,2,2025-10-01 00:00:00,u,200
497,28561107,2025-09-01,2025-09-01,2025-09-30,mobile,,,2,2025-09-01 00:00:00,u,200
498,28561107,2025-08-01,2025-08-01,2025-08-31,mobile,,,2,2025-08-01 00:00:00,u,200
499,28561107,2025-07-01,2025-07-01,2025-07-31,mobile,,,2,2025-07-01 00:00:00,u,200
500,28561107,2025-06-01,2025-06-01,2025-06-30,mobile,,,2,2025-06-01 00:00:00,u,200
501,28561107,2025-05-01,2025-05-01,2025-05-31,mobile,,,2,2025-05-01 00:00:00,u,200
502,28561107,2025-04-01,2025-04-01,2025-04-30,mobile,,,2,2025-04-01 00:00:00,u,200
503,28561107,2025-03-01,2025-03-01,2025-03-31,mobile,,,2,2025-03-01 00:00:00,u,200
504,28561107,2025-02-01,2025-02-01,2025-02-28,mobile,,,2,2025-02-01 00:00:00,u,200
505,28561107,2025-01-01,2025-01-01,2025-01-31,mobile,,,2,2025-01-01 00:00:00,u,200
506,28561107,2024-12-01,2024-12-01,2024-12-31,mobile,,,2,2024-12-01 00:00:00,u,200
507,28561107,2024-11-01,2024-11-01,2024-11-30,mobile,,,2,2024-11-01 00:00:00,u,200
508,78992285,2025-11-01,2025-11-01,2025-11-30,mobile,,,1,2025-11-01 00:00:00,u,50
509,78992285,2025-10-01,2025-10-01,2025-10-31,mobile,,,1,2025-10-01 00:00:00,u,50
510,78992285,2025-09-01,2025-09-01,2025-09-30,mobile,,,1,2025-09-01 00:00:00,u,50
511,78992285,2025-08-01,2025-08-01,2025-08-31,mobile,,,1,2025-08-01 00:00:00,u,50
512,78992285,2025-07-01,2025-07-01,2025-07-31,mobile,,,1,2025-07-01 00:00:00,u,50
513,78992285,2025-06-01,2025-06-01,2025-06-30,mobile,,,1,2025-06-01 00:00:00,u,50
514,78992285,2025-05-01,2025-05-01,2025-05-31,mobile,,,1,2025-05-01 00:00:00,u,50
515,78992285,2025-04-01,2025-04-01,2025-04-30,mobile,,,1,2025-04-01 00:00:00,u,50
516,78992285,2025-03-01,2025-03-01,2025-03-31,mobile,,,1,2025-03-01 00:00:00,u,50
517,78992285,2025-02-01,2025-02-01,2025-02-28,mobile,,,1,2025-02-01 00:00:00,u,50
518,78992285,2025-01-01,2025-01-01,2025-01-31,mobile,,,1,2025-01-01 00:00:00,u,50
519,78992285,2024-12-01,2024-12-01,2024-12-31,mobile,,,1,2024-12-01 00:00:00,u,50
520,78992285,2024-11-01,2024-11-01,2024-11-30,mobile,,,1,2024-11-01 00:00:00,u,50
521,37064463,2025-11-01,2025-11-01,2025-11-30,mobile,,,2,2025-11-01 00:00:00,u,80
522,37064463,2025-10-01,2025-10-01,2025-10-31,mobile,,,2,2025-10-01 00:00:00,u,80
523,37064463,2025-09-01,2025-09-01,2025-09-30,mobile,,,2,2025-09-01 00:00:00,u,80
524,37064463,2025-08-01,2025-08-01,2025-08-31,mobile,,,2,2025-08-01 00:00:00,u,80
525,37064463,2025-07-01,2025-07-01,2025-07-31,mobile,,,2,2025-07-01 00:00:00,u,80
526,37064463,2025-06-01,2025-06-01,2025-06-30,mobile,,,2,2025-06-01 00:00:00,u,80
527,37064463,2025-05-01,2025-05-01,2025-05-31,mobile,,,2,2025-05-01 00:00:00,u,80
528,37064463,2025-04-01,2025-04-01,2025-04-30,mobile,,,2,2025-04-01 00:00:00,u,80
529,37064463,2025-03-01,2025-03-01,2025-03-31,mobile,,,2,2025-03-01 00:00:00,u,80
530,37064463,2025-02-01,2025-02-01,2025-02-28,mobile,,,2,2025-02-01 00:00:00,u,80
531,37064463,2025-01-01,2025-01-01,2025-01-31,mobile,,,2,2025-01-01 00:00:00,u,80
532,37064463,2024-12-01,2024-12-01,2024-12-31,mobile,,,2,2024-12-01 00:00:00,u,80
533,37064463,2024-11-01,2024-11-01,2024-11-30,mobile,,,2,2024-11-01 00:00:00,u,80
534,34080149,2025-11-01,2025-11-01,2025-11-30,mobile,,,3,2025-11-01 00:00:00,u,150
535,34080149,2025-10-01,2025-10-01,2025-10-31,mobile,,,3,2025-10-01 00:00:00,u,150
536,34080149,2025-09-01,2025-09-01,2025-09-30,mobile,,,3,2025-09-01 00:00:00,u,150
537,34080149,2025-08-01,2025-08-01,2025-08-31,mobile,,,3,2025-08-01 00:00:00,u,150
538,34080149,2025-07-01,2025-07-01,2025-07-31,mobile,,,3,2025-07-01 00:00:00,u,150
539,34080149,2025-06-01,2025-06-01,2025-06-30,mobile,,,3,2025-06-01 00:00:00,u,150
540,34080149,2025-05-01,2025-05-01,2025-05-31,mobile,,,3,2025-05-01 00:00:00,u,150
541,34080149,2025-04-01,2025-04-01,2025-04-30,mobile,,,3,2025-04-01 00:00:00,u,150
542,34080149,2025-03-01,2025-03-01,2025-03-31,mobile,,,3,2025-03-01 00:00:00,u,150
543,34080149,2025-02-01,2025-02-01,2025-02-28,mobile,,,3,2025-02-01 00:00:00,u,150
544,34080149,2025-01-01,2025-01-01,2025-01-31,mobile,,,3,2025-01-01 00:00:00,u,150
545,34080149,2024-12-01,2024-12-01,2024-12-31,mobile,,,3,2024-12-01 00:00:00,u,150
546,34080149,2024-11-01,2024-11-01,2024-11-30,mobile,,,3,2024-11-01 00:00:00,u,150
547,81566803,2025-11-01,2025-11-01,2025-11-30,mobile,,,1,2025-11-01 00:00:00,u,75
548,81566803,2025-10-01,2025-10-01,2025-10-31,mobile,,,1,2025-10-01 00:00:00,u,75
549,81566803,2025-09-01,2025-09-01,2025-09-30,mobile,,,1,2025-09-01 00:00:00,u,75
550,81566803,2025-08-01,2025-08-01,2025-08-31,mobile,,,1,2025-08-01 00:00:00,u,75
551,81566803,2025-07-01,2025-07-01,2025-07-31,mobile,,,1,2025-07-01 00:00:00,u,75
552,81566803,2025-06-01,2025-06-01,2025-06-30,mobile,,,1,2025-06-01 00:00:00,u,75
553,81566803,2025-05-01,2025-05-01,2025-05-31,mobile,,,1,2025-05-01 00:00:00,u,75
554,81566803,2025-04-01,2025-04-01,2025-04-30,mobile,,,1,2025-04-01 00:00:00,u,75
555,81566803,2025-03-01,2025-03-01,2025-03-31,mobile,,,1,2025-03-01 00:00:00,u,75
556,81566803,2025-02-01,2025-02-01,2025-02-28,mobile,,,1,2025-02-01 00:00:00,u,75
557,81566803,2025-01-01,2025-01-01,2025-01-31,mobile,,,1,2025-01-01 00:00:00,u,75
558,81566803,2024-12-01,2024-12-01,2024-12-31,mobile,,,1,2024-12-01 00:00:00,u,75
559,81566803,2024-11-01,2024-11-01,2024-11-30,mobile,,,1,2024-11-01 00:00:00,u,75
560,95822312,2025-11-01,2025-11-01,2025-11-30,mobile,,,2,2025-11-01 00:00:00,u,120
561,95822312,2025-10-01,2025-10-01,2025-10-31,mobile,,,2,2025-10-01 00:00:00,u,120
562,95822312,2025-09-01,2025-09-01,2025-09-30,mobile,,,2,2025-09-01 00:00:00,u,120
563,95822312,2025-08-01,2025-08-01,2025-08-31,mobile,,,2,2025-08-01 00:00:00,u,120
564,95822312,2025-07-01,2025-07-01,2025-07-31,mobile,,,2,2025-07-01 00:00:00,u,120
565,95822312,2025-06-01,2025-06-01,2025-06-30,mobile,,,2,2025-06-01 00:00:00,u,120
566,95822312,2025-05-01,2025-05-01,2025-05-31,mobile,,,2,2025-05-01 00:00:00,u,120
567,95822312,2025-04-01,2025-04-01,2025-04-30,mobile,,,2,2025-04-01 00:00:00,u,120
568,95822312,2025-03-01,2025-03-01,2025-03-31,mobile,,,2,2025-03-01 00:00:00,u,120
569,95822312,2025-02-01,2025-02-01,2025-02-28,mobile,,,2,2025-02-01 00:00:00,u,120
570,95822312,2025-01-01,2025-01-01,2025-01-31,mobile,,,2,2025-01-01 00:00:00,u,120
571,95822312,2024-12-01,2024-12-01,2024-12-31,mobile,,,2,2024-12-01 00:00:00,u,120
572,95822312,2024-11-01,2024-11-01,2024-11-30,mobile,,,2,2024-11-01 00:00:00,u,120
573,07957145,2025-11-01,2025-11-01,2025-11-30,mobile,,,3,2025-11-01 00:00:00,u,250
574,07957145,2025-10-01,2025-10-01,2025-10-31,mobile,,,3,2025-10-01 00:00:00,u,250
575,07957145,2025-09-01,2025-09-01,2025-09-30,mobile,,,3,2025-09-01 00:00:00,u,250
576,07957145,2025-08-01,2025-08-01,2025-08-31,mobile,,,3,2025-08-01 00:00:00,u,250
577,07957145,2025-07-01,2025-07-01,2025-07-31,mobile,,,3,2025-07-01 00:00:00,u,250
578,07957145,2025-06-01,2025-06-01,2025-06-30,mobile,,,3,2025-06-01 00:00:00,u,250
579,07957145,2025-05-01,2025-05-01,2025-05-31,mobile,,,3,2025-05-01 00:00:00,u,250
580,07957145,2025-04-01,2025-04-01,2025-04-30,mobile,,,3,2025-04-01 00:00:00,u,250
581,07957145,2025-03-01,2025-03-01,2025-03-31,mobile,,,3,2025-03-01 00:00:00,u,250
582,07957145,2025-02-01,2025-02-01,2025-02-28,mobile,,,3,2025-02-01 00:00:00,u,250
583,07957145,2025-01-01,2025-01-01,2025-01-31,mobile,,,3,2025-01-01 00:00:00,u,250
584,07957145,2024-12-01,2024-12-01,2024-12-31,mobile,,,3,2024-12-01 00:00:00,u,250
585,07957145,2024-11-01,2024-11-01,2024-11-30,mobile,,,3,2024-11-01 00:00:00,u,250
586,63483489,2025-11-01,2025-11-01,2025-11-30,mobile,,,3,2025-11-01 00:00:00,u,100
587,63483489,2025-10-01,2025-10-01,2025-10-31,mobile,,,3,2025-10-01 00:00:00,u,100
588,63483489,2025-09-01,2025-09-01,2025-09-30,mobile,,,3,2025-09-01 00:00:00,u,100
589,63483489,2025-08-01,2025-08-01,2025-08-31,mobile,,,3,2025-08-01 00:00:00,u,100
590,63483489,2025-07-01,2025-07-01,2025-07-31,mobile,,,3,2025-07-01 00:00:00,u,100
591,63483489,2025-06-01,2025-06-01,2025-06-30,mobile,,,3,2025-06-01 00:00:00,u,100
592,63483489,2025-05-01,2025-05-01,2025-05-31,mobile,,,3,2025-05-01 00:00:00,u,100
593,63483489,2025-04-01,2025-04-01,2025-04-30,mobile,,,3,2025-04-01 00:00:00,u,100
594,63483489,2025-03-01,2025-03-01,2025-03-31,mobile,,,3,2025-03-01 00:00:00,u,100
595,63483489,2025-02-01,2025-02-01,2025-02-28,mobile,,,3,2025-02-01 00:00:00,u,100
596,63483489,2025-01-01,2025-01-01,2025-01-31,mobile,,,3,2025-01-01 00:00:00,u,100
597,63483489,2024-12-01,2024-12-01,2024-12-31,mobile,,,3,2024-12-01 00:00:00,u,100
598,63483489,2024-11-01,2024-11-01,2024-11-30,mobile,,,3,2024-11-01 00:00:00,u,100
599,45379197,2025-11-01,2025-11-01,2025-11-30,mobile,,,1,2025-11-01 00:00:00,u,50
600,45379197,2025-10-01,2025-10-01,2025-10-31,mobile,,,1,2025-10-01 00:00:00,u,50
601,45379197,2025-09-01,2025-09-01,2025-09-30,mobile,,,1,2025-09-01 00:00:00,u,50
602,45379197,2025-08-01,2025-08-01,2025-08-31,mobile,,,1,2025-08-01 00:00:00,u,50
603,45379197,2025-07-01,2025-07-01,2025-07-31,mobile,,,1,2025-07-01 00:00:00,u,50
604,45379197,2025-06-01,2025-06-01,2025-06-30,mobile,,,1,2025-06-01 00:00:00,u,50
605,45379197,2025-05-01,2025-05-01,2025-05-31,mobile,,,1,2025-05-01 00:00:00,u,50
606,45379197,2025-04-01,2025-04-01,2025-04-30,mobile,,,1,2025-04-01 00:00:00,u,50
607,45379197,2025-03-01,2025-03-01,2025-03-31,mobile,,,1,2025-03-01 00:00:00,u,50
608,45379197,2025-02-01,2025-02-01,2025-02-28,mobile,,,1,2025-02-01 00:00:00,u,50
609,45379197,2025-01-01,2025-01-01,2025-01-31,mobile,,,1,2025-01-01 00:00:00,u,50
610,45379197,2024-12-01,2024-12-01,2024-12-31,mobile,,,1,2024-12-01 00:00:00,u,50
611,45379197,2024-11-01,2024-11-01,2024-11-30,mobile,,,1,2024-11-01 00:00:00,u,50
612,21973354,2025-11-01,2025-11-01,2025-11-30,mobile,,,2,2025-11-01 00:00:00,u,160
613,21973354,2025-10-01,2025-10-01,2025-10-31,mobile,,,2,2025-10-01 00:00:00,u,160
614,21973354,2025-09-01,2025-09-01,2025-09-30,mobile,,,2,2025-09-01 00:00:00,u,160
615,21973354,2025-08-01,2025-08-01,2025-08-31,mobile,,,2,2025-08-01 00:00:00,u,160
616,21973354,2025-07-01,2025-07-01,2025-07-31,mobile,,,2,2025-07-01 00:00:00,u,160
617,21973354,2025-06-01,2025-06-01,2025-06-30,mobile,,,2,2025-06-01 00:00:00,u,160
618,21973354,2025-05-01,2025-05-01,2025-05-31,mobile,,,2,2025-05-01 00:00:00,u,160
619,21973354,2025-04-01,2025-04-01,2025-04-30,mobile,,,2,2025-04-01 00:00:00,u,160
620,21973354,2025-03-01,2025-03-01,2025-03-31,mobile,,,2,2025-03-01 00:00:00,u,160
621,21973354,2025-02-01,2025-02-01,2025-02-28,mobile,,,2,2025-02-01 00:00:00,u,160
622,21973354,2025-01-01,2025-01-01,2025-01-31,mobile,,,2,2025-01-01 00:00:00,u,160
623,21973354,2024-12-01,2024-12-01,2024-12-31,mobile,,,2,2024-12-01 00:00:00,u,160
624,21973354,2024-11-01,2024-11-01,2024-11-30,mobile,,,2,2024-11-01 00:00:00,u,160
625,07265684,2025-11-01,2025-11-01,2025-11-30,mobile,,,3,2025-11-01 00:00:00,u,50
626,07265684,2025-10-01,2025-10-01,2025-10-31,mobile,,,3,2025-10-01 00:00:00,u,50
627,07265684,2025-09-01,2025-09-01,2025-09-30,mobile,,,3,2025-09-01 00:00:00,u,50
628,07265684,2025-08-01,2025-08-01,2025-08-31,mobile,,,3,2025-08-01 00:00:00,u,50
629,07265684,2025-07-01,2025-07-01,2025-07-31,mobile,,,3,2025-07-01 00:00:00,u,50
630,07265684,2025-06-01,2025-06-01,2025-06-30,mobile,,,3,2025-06-01 00:00:00,u,50
631,07265684,2025-05-01,2025-05-01,2025-05-31,mobile,,,3,2025-05-01 00:00:00,u,50
632,07265684,2025-04-01,2025-04-01,2025-04-30,mobile,,,3,2025-04-01 00:00:00,u,50
633,07265684,2025-03-01,2025-03-01,2025-03-31,mobile,,,3,2025-03-01 00:00:00,u,50
634,07265684,2025-02-01,2025-02-01,2025-02-28,mobile,,,3,2025-02-01 00:00:00,u,50
635,07265684,2025-01-01,2025-01-01,2025-01-31,mobile,,,3,2025-01-01 00:00:00,u,50
636,07265684,2024-12-01,2024-12-01,2024-12-31,mobile,,,3,2024-12-01 00:00:00,u,50
637,07265684,2024-11-01,2024-11-01,2024-11-30,mobile,,,3,2024-11-01 00:00:00,u,50
638,70840926,2025-11-01,2025-11-01,2025-11-30,mobile,,,1,2025-11-01 00:00:00,u,50
639,70840926,2025-10-01,2025-10-01,2025-10-31,mobile,,,1,2025-10-01 00:00:00,u,50
640,70840926,2025-09-01,2025-09-01,2025-09-30,mobile,,,1,2025-09-01 00:00:00,u,50
641,70840926,2025-08-01,2025-08-01,2025-08-31,mobile,,,1,2025-08-01 00:00:00,u,50
642,70840926,2025-07-01,2025-07-01,2025-07-31,mobile,,,1,2025-07-01 00:00:00,u,50
643,70840926,2025-06-01,2025-06-01,2025-06-30,mobile,,,1,2025-06-01 00:00:00,u,50
644,70840926,2025-05-01,2025-05-01,2025-05-31,mobile,,,1,2025-05-01 00:00:00,u,50
645,70840926,2025-04-01,2025-04-01,2025-04-30,mobile,,,1,2025-04-01 00:00:00,u,50
646,70840926,2025-03-01,2025-03-01,2025-03-31,mobile,,,1,2025-03-01 00:00:00,u,50
647,70840926,2025-02-01,2025-02-01,2025-02-28,mobile,,,1,2025-02-01 00:00:00,u,50
648,70840926,2025-01-01,2025-01-01,2025-01-31,mobile,,,1,2025-01-01 00:00:00,u,50
649,70840926,2024-12-01,2024-12-01,2024-12-31,mobile,,,1,2024-12-01 00:00:00,u,50
650,70840926,2024-11-01,2024-11-01,2024-11-30,mobile,,,1,2024-11-01 00:00:00,u,50
651,06076531,2025-11-01,2025-11-01,2025-11-30,mobile,,,2,2025-11-01 00:00:00,u,40
652,06076531,2025-10-01,2025-10-01,2025-10-31,mobile,,,2,2025-10-01 00:00:00,u,40
653,06076531,2025-09-01,2025-09-01,2025-09-30,mobile,,,2,2025-09-01 00:00:00,u,40
654,06076531,2025-08-01,2025-08-01,2025-08-31,mobile,,,2,2025-08-01 00:00:00,u,40
655,06076531,2025-07-01,2025-07-01,2025-07-31,mobile,,,2,2025-07-01 00:00:00,u,40
656,06076531,2025-06-01,2025-06-01,2025-06-30,mobile,,,2,2025-06-01 00:00:00,u,40
657,06076531,2025-05-01,2025-05-01,2025-05-31,mobile,,,2,2025-05-01 00:00:00,u,40
658,06076531,2025-04-01,2025-04-01,2025-04-30,mobile,,,2,2025-04-01 00:00:00,u,40
659,06076531,2025-03-01,2025-03-01,2025-03-31,mobile,,,2,2025-03-01 00:00:00,u,40
660,06076531,2025-02-01,2025-02-01,2025-02-28,mobile,,,2,2025-02-01 00:00:00,u,40
661,06076531,2025-01-01,2025-01-01,2025-01-31,mobile,,,2,2025-01-01 00:00:00,u,40
662,06076531,2024-12-01,2024-12-01,2024-12-31,mobile,,,2,2024-12-01 00:00:00,u,40
663,06076531,2024-11-01,2024-11-01,2024-11-30,mobile,,,2,2024-11-01 00:00:00,u,40
664,09172006,2025-11-01,2025-11-01,2025-11-30,mobile,,,2,2025-11-01 00:00:00,u,80
665,09172006,2025-10-01,2025-10-01,2025-10-31,mobile,,,2,2025-10-01 00:00:00,u,80
666,09172006,2025-09-01,2025-09-01,2025-09-30,mobile,,,2,2025-09-01 00:00:00,u,80
667,09172006,2025-08-01,2025-08-01,2025-08-31,mobile,,,2,2025-08-01 00:00:00,u,80
668,09172006,2025-07-01,2025-07-01,2025-07-31,mobile,,,2,2025-07-01 00:00:00,u,80
669,09172006,2025-06-01,2025-06-01,2025-06-30,mobile,,,2,2025-06-01 00:00:00,u,80
670,09172006,2025-05-01,2025-05-01,2025-05-31,mobile,,,2,2025-05-01 00:00:00,u,80
671,09172006,2025-04-01,2025-04-01,2025-04-30,mobile,,,2,2025-04-01 00:00:00,u,80
672,09172006,2025-03-01,2025-03-01,2025-03-31,mobile,,,2,2025-03-01 00:00:00,u,80
673,09172006,2025-02-01,2025-02-01,2025-02-28,mobile,,,2,2025-02-01 00:00:00,u,80
674,09172006,2025-01-01,2025-01-01,2025-01-31,mobile,,,2,2025-01-01 00:00:00,u,80
675,09172006,2024-12-01,2024-12-01,2024-12-31,mobile,,,2,2024-12-01 00:00:00,u,80
676,09172006,2024-11-01,2024-11-01,2024-11-30,mobile,,,2,2024-11-01 00:00:00,u,80
677,13667412,2025-11-01,2025-11-01,2025-11-30,mobile,,,3,2025-11-01 00:00:00,u,150
678,13667412,2025-10-01,2025-10-01,2025-10-31,mobile,,,3,2025-10-01 00:00:00,u,150
679,13667412,2025-09-01,2025-09-01,2025-09-30,mobile,,,3,2025-09-01 00:00:00,u,150
680,13667412,2025-08-01,2025-08-01,2025-08-31,mobile,,,3,2025-08-01 00:00:00,u,150
681,13667412,2025-07-01,2025-07-01,2025-07-31,mobile,,,3,2025-07-01 00:00:00,u,150
682,13667412,2025-06-01,2025-06-01,2025-06-30,mobile,,,3,2025-06-01 00:00:00,u,150
683,13667412,2025-05-01,2025-05-01,2025-05-31,mobile,,,3,2025-05-01 00:00:00,u,150
684,13667412,2025-04-01,2025-04-01,2025-04-30,mobile,,,3,2025-04-01 00:00:00,u,150
685,13667412,2025-03-01,2025-03-01,2025-03-31,mobile,,,3,2025-03-01 00:00:00,u,150
686,13667412,2025-02-01,2025-02-01,2025-02-28,mobile,,,3,2025-02-01 00:00:00,u,150
687,13667412,2025-01-01,2025-01-01,2025-01-31,mobile,,,3,2025-01-01 00:00:00,u,150
688,13667412,2024-12-01,2024-12-01,2024-12-31,mobile,,,3,2024-12-01 00:00:00,u,150
689,13667412,2024-11-01,2024-11-01,2024-11-30,mobile,,,3,2024-11-01 00:00:00,u,150
690,48217959,2025-11-01,2025-11-01,2025-11-30,mobile,,,1,2025-11-01 00:00:00,u,100
691,48217959,2025-10-01,2025-10-01,2025-10-31,mobile,,,1,2025-10-01 00:00:00,u,100
692,48217959,2025-09-01,2025-09-01,2025-09-30,mobile,,,1,2025-09-01 00:00:00,u,100
693,48217959,2025-08-01,2025-08-01,2025-08-31,mobile,,,1,2025-08-01 00:00:00,u,100
694,48217959,2025-07-01,2025-07-01,2025-07-31,mobile,,,1,2025-07-01 00:00:00,u,100
695,48217959,2025-06-01,2025-06-01,2025-06-30,mobile,,,1,2025-06-01 00:00:00,u,100
696,48217959,2025-05-01,2025-05-01,2025-05-31,mobile,,,1,2025-05-01 00:00:00,u,100
697,48217959,2025-04-01,2025-04-01,2025-04-30,mobile,,,1,2025-04-01 00:00:00,u,100
698,48217959,2025-03-01,2025-03-01,2025-03-31,mobile,,,1,2025-03-01 00:00:00,u,100
699,48217959,2025-02-01,2025-02-01,2025-02-28,mobile,,,1,2025-02-01 00:00:00,u,100
700,48217959,2025-01-01,2025-01-01,2025-01-31,mobile,,,1,2025-01-01 00:00:00,u,100
701,48217959,2024-12-01,2024-12-01,2024-12-31,mobile,,,1,2024-12-01 00:00:00,u,100
702,48217959,2024-11-01,2024-11-01,2024-11-30,mobile,,,1,2024-11-01 00:00:00,u,100
703,92929688,2025-11-01,2025-11-01,2025-11-30,mobile,,,2,2025-11-01 00:00:00,u,80
704,92929688,2025-10-01,2025-10-01,2025-10-31,mobile,,,2,2025-10-01 00:00:00,u,80
705,92929688,2025-09-01,2025-09-01,2025-09-30,mobile,,,2,2025-09-01 00:00:00,u,80
706,92929688,2025-08-01,2025-08-01,2025-08-31,mobile,,,2,2025-08-01 00:00:00,u,80
707,92929688,2025-07-01,2025-07-01,2025-07-31,mobile,,,2,2025-07-01 00:00:00,u,80
708,92929688,2025-06-01,2025-06-01,2025-06-30,mobile,,,2,2025-06-01 00:00:00,u,80
709,92929688,2025-05-01,2025-05-01,2025-05-31,mobile,,,2,2025-05-01 00:00:00,u,80
710,92929688,2025-04-01,2025-04-01,2025-04-30,mobile,,,2,2025-04-01 00:00:00,u,80
711,92929688,2025-03-01,2025-03-01,2025-03-31,mobile,,,2,2025-03-01 00:00:00,u,80
712,92929688,2025-02-01,2025-02-01,2025-02-28,mobile,,,2,2025-02-01 00:00:00,u,80
713,92929688,2025-01-01,2025-01-01,2025-01-31,mobile,,,2,2025-01-01 00:00:00,u,80
714,92929688,2024-12-01,2024-12-01,2024-12-31,mobile,,,2,2024-12-01 00:00:00,u,80
715,92929688,2024-11-01,2024-11-01,2024-11-30,mobile,,,2,2024-11-01 00:00:00,u,80
716,57308791,2025-11-01,2025-11-01,2025-11-30,mobile,,,3,2025-11-01 00:00:00,u,50
717,57308791,2025-10-01,2025-10-01,2025-10-31,mobile,,,3,2025-10-01 00:00:00,u,50
718,57308791,2025-09-01,2025-09-01,2025-09-30,mobile,,,3,2025-09-01 00:00:00,u,50
719,57308791,2025-08-01,2025-08-01,2025-08-31,mobile,,,3,2025-08-01 00:00:00,u,50
720,57308791,2025-07-01,2025-07-01,2025-07-31,mobile,,,3,2025-07-01 00:00:00,u,50
721,57308791,2025-06-01,2025-06-01,2025-06-30,mobile,,,3,2025-06-01 00:00:00,u,50
722,57308791,2025-05-01,2025-05-01,2025-05-31,mobile,,,3,2025-05-01 00:00:00,u,50
723,57308791,2025-04-01,2025-04-01,2025-04-30,mobile,,,3,2025-04-01 00:00:00,u,50
724,57308791,2025-03-01,2025-03-01,2025-03-31,mobile,,,3,2025-03-01 00:00:00,u,50
725,57308791,2025-02-01,2025-02-01,2025-02-28,mobile,,,3,2025-02-01 00:00:00,u,50
726,57308791,2025-01-01,2025-01-01,2025-01-31,mobile,,,3,2025-01-01 00:00:00,u,50
727,57308791,2024-12-01,2024-12-01,2024-12-31,mobile,,,3,2024-12-01 00:00:00,u,50
728,57308791,2024-11-01,2024-11-01,2024-11-30,mobile,,,3,2024-11-01 00:00:00,u,50
729,52965769,2025-11-01,2025-11-01,2025-11-30,mobile,,,1,2025-11-01 00:00:00,u,25
730,52965769,2025-10-01,2025-10-01,2025-10-31,mobile,,,1,2025-10-01 00:00:00,u,25
731,52965769,2025-09-01,2025-09-01,2025-09-30,mobile,,,1,2025-09-01 00:00:00,u,25
732,52965769,2025-08-01,2025-08-01,2025-08-31,mobile,,,1,2025-08-01 00:00:00,u,25
733,52965769,2025-07-01,2025-07-01,2025-07-31,mobile,,,1,2025-07-01 00:00:00,u,25
734,52965769,2025-06-01,2025-06-01,2025-06-30,mobile,,,1,2025-06-01 00:00:00,u,25
735,52965769,2025-05-01,2025-05-01,2025-05-31,mobile,,,1,2025-05-01 00:00:00,u,25
736,52965769,2025-04-01,2025-04-01,2025-04-30,mobile,,,1,2025-04-01 00:00:00,u,25
737,52965769,2025-03-01,2025-03-01,2025-03-31,mobile,,,1,2025-03-01 00:00:00,u,25
738,52965769,2025-02-01,2025-02-01,2025-02-28,mobile,,,1,2025-02-01 00:00:00,u,25
739,52965769,2025-01-01,2025-01-01,2025-01-31,mobile,,,1,2025-01-01 00:00:00,u,25
740,52965769,2024-12-01,2024-12-01,2024-12-31,mobile,,,1,2024-12-01 00:00:00,u,25
741,52965769,2024-11-01,2024-11-01,2024-11-30,mobile,,,1,2024-11-01 00:00:00,u,25
742,05623518,2025-11-01,2025-11-01,2025-11-30,mobile,,,1,2025-11-01 00:00:00,u,125
743,05623518,2025-10-01,2025-10-01,2025-10-31,mobile,,,1,2025-10-01 00:00:00,u,125
744,05623518,2025-09-01,2025-09-01,2025-09-30,mobile,,,1,2025-09-01 00:00:00,u,125
745,05623518,2025-08-01,2025-08-01,2025-08-31,mobile,,,1,2025-08-01 00:00:00,u,125
746,05623518,2025-07-01,2025-07-01,2025-07-31,mobile,,,1,2025-07-01 00:00:00,u,125
747,05623518,2025-06-01,2025-06-01,2025-06-30,mobile,,,1,2025-06-01 00:00:00,u,125
748,05623518,2025-05-01,2025-05-01,2025-05-31,mobile,,,1,2025-05-01 00:00:00,u,125
749,05623518,2025-04-01,2025-04-01,2025-04-30,mobile,,,1,2025-04-01 00:00:00,u,125
750,05623518,2025-03-01,2025-03-01,2025-03-31,mobile,,,1,2025-03-01 00:00:00,u,125
751,05623518,2025-02-01,2025-02-01,2025-02-28,mobile,,,1,2025-02-01 00:00:00,u,125
752,05623518,2025-01-01,2025-01-01,2025-01-31,mobile,,,1,2025-01-01 00:00:00,u,125
753,05623518,2024-12-01,2024-12-01,2024-12-31,mobile,,,1,2024-12-01 00:00:00,u,125
754,05623518,2024-11-01,2024-11-01,2024-11-30,mobile,,,1,2024-11-01 00:00:00,u,125
755,30710284,2025-11-01,2025-11-01,2025-11-30,mobile,,,2,2025-11-01 00:00:00,u,200
756,30710284,2025-10-01,2025-10-01,2025-10-31,mobile,,,2,2025-10-01 00:00:00,u,200
757,30710284,2025-09-01,2025-09-01,2025-09-30,mobile,,,2,2025-09-01 00:00:00,u,200
758,30710284,2025-08-01,2025-08-01,2025-08-31,mobile,,,2,2025-08-01 00:00:00,u,200
759,30710284,2025-07-01,2025-07-01,2025-07-31,mobile,,,2,2025-07-01 00:00:00,u,200
760,30710284,2025-06-01,2025-06-01,2025-06-30,mobile,,,2,2025-06-01 00:00:00,u,200
761,30710284,2025-05-01,2025-05-01,2025-05-31,mobile,,,2,2025-05-01 00:00:00,u,200
762,30710284,2025-04-01,2025-04-01,2025-04-30,mobile,,,2,2025-04-01 00:00:00,u,200
763,30710284,2025-03-01,2025-03-01,2025-03-31,mobile,,,2,2025-03-01 00:00:00,u,200
764,30710284,2025-02-01,2025-02-01,2025-02-28,mobile,,,2,2025-02-01 00:00:00,u,200
765,30710284,2025-01-01,2025-01-01,2025-01-31,mobile,,,2,2025-01-01 00:00:00,u,200
766,30710284,2024-12-01,2024-12-01,2024-12-31,mobile,,,2,2024-12-01 00:00:00,u,200
767,30710284,2024-11-01,2024-11-01,2024-11-30,mobile,,,2,2024-11-01 00:00:00,u,200
768,70572058,2025-11-01,2025-11-01,2025-11-30,mobile,,,3,2025-11-01 00:00:00,u,100
769,70572058,2025-10-01,2025-10-01,2025-10-31,mobile,,,3,2025-10-01 00:00:00,u,100
770,70572058,2025-09-01,2025-09-01,2025-09-30,mobile,,,3,2025-09-01 00:00:00,u,100
771,70572058,2025-08-01,2025-08-01,2025-08-31,mobile,,,3,2025-08-01 00:00:00,u,100
772,70572058,2025-07-01,2025-07-01,2025-07-31,mobile,,,3,2025-07-01 00:00:00,u,100
773,70572058,2025-06-01,2025-06-01,2025-06-30,mobile,,,3,2025-06-01 00:00:00,u,100
774,70572058,2025-05-01,2025-05-01,2025-05-31,mobile,,,3,2025-05-01 00:00:00,u,100
775,70572058,2025-04-01,2025-04-01,2025-04-30,mobile,,,3,2025-04-01 00:00:00,u,100
776,70572058,2025-03-01,2025-03-01,2025-03-31,mobile,,,3,2025-03-01 00:00:00,u,100
777,70572058,2025-02-01,2025-02-01,2025-02-28,mobile,,,3,2025-02-01 00:00:00,u,100
778,70572058,2025-01-01,2025-01-01,2025-01-31,mobile,,,3,2025-01-01 00:00:00,u,100
779,70572058,2024-12-01,2024-12-01,2024-12-31,mobile,,,3,2024-12-01 00:00:00,u,100
780,70572058,2024-11-01,2024-11-01,2024-11-30,mobile,,,3,2024-11-01 00:00:00,u,100
781,68078421,2025-11-01,2025-11-01,2025-11-30,mobile,,,3,2025-11-01 00:00:00,u,150
782,68078421,2025-10-01,2025-10-01,2025-10-31,mobile,,,3,2025-10-01 00:00:00,u,150
783,68078421,2025-09-01,2025-09-01,2025-09-30,mobile,,,3,2025-09-01 00:00:00,u,150
784,68078421,2025-08-01,2025-08-01,2025-08-31,mobile,,,3,2025-08-01 00:00:00,u,150
785,68078421,2025-07-01,2025-07-01,2025-07-31,mobile,,,3,2025-07-01 00:00:00,u,150
786,68078421,2025-06-01,2025-06-01,2025-06-30,mobile,,,3,2025-06-01 00:00:00,u,150
787,68078421,2025-05-01,2025-05-01,2025-05-31,mobile,,,3,2025-05-01 00:00:00,u,150
788,68078421,2025-04-01,2025-04-01,2025-04-30,mobile,,,3,2025-04-01 00:00:00,u,150
789,68078421,2025-03-01,2025-03-01,2025-03-31,mobile,,,3,2025-03-01 00:00:00,u,150
790,68078421,2025-02-01,2025-02-01,2025-02-28,mobile,,,3,2025-02-01 00:00:00,u,150
791,68078421,2025-01-01,2025-01-01,2025-01-31,mobile,,,3,2025-01-01 00:00:00,u,150
792,68078421,2024-12-01,2024-12-01,2024-12-31,mobile,,,3,2024-12-01 00:00:00,u,150
793,68078421,2024-11-01,2024-11-01,2024-11-30,mobile,,,3,2024-11-01 00:00:00,u,150
794,93447828,2025-11-01,2025-11-01,2025-11-30,mobile,,,1,2025-11-01 00:00:00,u,50
795,93447828,2025-10-01,2025-10-01,2025-10-31,mobile,,,1,2025-10-01 00:00:00,u,50
796,93447828,2025-09-01,2025-09-01,2025-09-30,mobile,,,1,2025-09-01 00:00:00,u,50
797,93447828,2025-08-01,2025-08-01,2025-08-31,mobile,,,1,2025-08-01 00:00:00,u,50
798,93447828,2025-07-01,2025-07-01,2025-07-31,mobile,,,1,2025-07-01 00:00:00,u,50
799,93447828,2025-06-01,2025-06-01,2025-06-30,mobile,,,1,2025-06-01 00:00:00,u,50
800,93447828,2025-05-01,2025-05-01,2025-05-31,mobile,,,1,2025-05-01 00:00:00,u,50
801,93447828,2025-04-01,2025-04-01,2025-04-30,mobile,,,1,2025-04-01 00:00:00,u,50
802,93447828,2025-03-01,2025-03-01,2025-03-31,mobile,,,1,2025-03-01 00:00:00,u,50
803,93447828,2025-02-01,2025-02-01,2025-02-28,mobile,,,1,2025-02-01 00:00:00,u,50
804,93447828,2025-01-01,2025-01-01,2025-01-31,mobile,,,1,2025-01-01 00:00:00,u,50
805,93447828,2024-12-01,2024-12-01,2024-12-31,mobile,,,1,2024-12-01 00:00:00,u,50
806,93447828,2024-11-01,2024-11-01,2024-11-30,mobile,,,1,2024-11-01 00:00:00,u,50
807,11805239,2025-11-01,2025-11-01,2025-11-30,mobile,,,2,2025-11-01 00:00:00,u,80
808,11805239,2025-10-01,2025-10-01,2025-10-31,mobile,,,2,2025-10-01 00:00:00,u,80
809,11805239,2025-09-01,2025-09-01,2025-09-30,mobile,,,2,2025-09-01 00:00:00,u,80
810,11805239,2025-08-01,2025-08-01,2025-08-31,mobile,,,2,2025-08-01 00:00:00,u,80
811,11805239,2025-07-01,2025-07-01,2025-07-31,mobile,,,2,2025-07-01 00:00:00,u,80
812,11805239,2025-06-01,2025-06-01,2025-06-30,mobile,,,2,2025-06-01 00:00:00,u,80
813,11805239,2025-05-01,2025-05-01,2025-05-31,mobile,,,2,2025-05-01 00:00:00,u,80
814,11805239,2025-04-01,2025-04-01,2025-04-30,mobile,,,2,2025-04-01 00:00:00,u,80
815,11805239,2025-03-01,2025-03-01,2025-03-31,mobile,,,2,2025-03-01 00:00:00,u,80
816,11805239,2025-02-01,2025-02-01,2025-02-28,mobile,,,2,2025-02-01 00:00:00,u,80
817,11805239,2025-01-01,2025-01-01,2025-01-31,mobile,,,2,2025-01-01 00:00:00,u,80
818,11805239,2024-12-01,2024-12-01,2024-12-31,mobile,,,2,2024-12-01 00:00:00,u,80
819,11805239,2024-11-01,2024-11-01,2024-11-30,mobile,,,2,2024-11-01 00:00:00,u,80
820,47889676,2025-11-01,2025-11-01,2025-11-30,mobile,,,1,2025-11-01 00:00:00,u,100
821,47889676,2025-10-01,2025-10-01,2025-10-31,mobile,,,1,2025-10-01 00:00:00,u,100
822,47889676,2025-09-01,2025-09-01,2025-09-30,mobile,,,1,2025-09-01 00:00:00,u,100
823,47889676,2025-08-01,2025-08-01,2025-08-31,mobile,,,1,2025-08-01 00:00:00,u,100
824,47889676,2025-07-01,2025-07-01,2025-07-31,mobile,,,1,2025-07-01 00:00:00,u,100
825,47889676,2025-06-01,2025-06-01,2025-06-30,mobile,,,1,2025-06-01 00:00:00,u,100
826,47889676,2025-05-01,2025-05-01,2025-05-31,mobile,,,1,2025-05-01 00:00:00,u,100
827,47889676,2025-04-01,2025-04-01,2025-04-30,mobile,,,1,2025-04-01 00:00:00,u,100
828,47889676,2025-03-01,2025-03-01,2025-03-31,mobile,,,1,2025-03-01 00:00:00,u,100
829,47889676,2025-02-01,2025-02-01,2025-02-28,mobile,,,1,2025-02-01 00:00:00,u,100
830,47889676,2025-01-01,2025-01-01,2025-01-31,mobile,,,1,2025-01-01 00:00:00,u,100
831,47889676,2024-12-01,2024-12-01,2024-12-31,mobile,,,1,2024-12-01 00:00:00,u,100
832,47889676,2024-11-01,2024-11-01,2024-11-30,mobile,,,1,2024-11-01 00:00:00,u,100
833,74399540,2025-11-01,2025-11-01,2025-11-30,mobile,,,2,2025-11-01 00:00:00,u,160
834,74399540,2025-10-01,2025-10-01,2025-10-31,mobile,,,2,2025-10-01 00:00:00,u,160
835,74399540,2025-09-01,2025-09-01,2025-09-30,mobile,,,2,2025-09-01 00:00:00,u,160
836,74399540,2025-08-01,2025-08-01,2025-08-31,mobile,,,2,2025-08-01 00:00:00,u,160
837,74399540,2025-07-01,2025-07-01,2025-07-31,mobile,,,2,2025-07-01 00:00:00,u,160
838,74399540,2025-06-01,2025-06-01,2025-06-30,mobile,,,2,2025-06-01 00:00:00,u,160
839,74399540,2025-05-01,2025-05-01,2025-05-31,mobile,,,2,2025-05-01 00:00:00,u,160
840,74399540,2025-04-01,2025-04-01,2025-04-30,mobile,,,2,2025-04-01 00:00:00,u,160
841,74399540,2025-03-01,2025-03-01,2025-03-31,mobile,,,2,2025-03-01 00:00:00,u,160
842,74399540,2025-02-01,2025-02-01,2025-02-28,mobile,,,2,2025-02-01 00:00:00,u,160
843,74399540,2025-01-01,2025-01-01,2025-01-31,mobile,,,2,2025-01-01 00:00:00,u,160
844,74399540,2024-12-01,2024-12-01,2024-12-31,mobile,,,2,2024-12-01 00:00:00,u,160
845,74399540,2024-11-01,2024-11-01,2024-11-30,mobile,,,2,2024-11-01 00:00:00,u,160
846,26382359,2025-11-01,2025-11-01,2025-11-30,mobile,,,3,2025-11-01 00:00:00,u,100
847,26382359,2025-10-01,2025-10-01,2025-10-31,mobile,,,3,2025-10-01 00:00:00,u,100
848,26382359,2025-09-01,2025-09-01,2025-09-30,mobile,,,3,2025-09-01 00:00:00,u,100
849,26382359,2025-08-01,2025-08-01,2025-08-31,mobile,,,3,2025-08-01 00:00:00,u,100
850,26382359,2025-07-01,2025-07-01,2025-07-31,mobile,,,3,2025-07-01 00:00:00,u,100
851,26382359,2025-06-01,2025-06-01,2025-06-30,mobile,,,3,2025-06-01 00:00:00,u,100
852,26382359,2025-05-01,2025-05-01,2025-05-31,mobile,,,3,2025-05-01 00:00:00,u,100
853,26382359,2025-04-01,2025-04-01,2025-04-30,mobile,,,3,2025-04-01 00:00:00,u,100
854,26382359,2025-03-01,2025-03-01,2025-03-31,mobile,,,3,2025-03-01 00:00:00,u,100
855,26382359,2025-02-01,2025-02-01,2025-02-28,mobile,,,3,2025-02-01 00:00:00,u,100
856,26382359,2025-01-01,2025-01-01,2025-01-31,mobile,,,3,2025-01-01 00:00:00,u,100
857,26382359,2024-12-01,2024-12-01,2024-12-31,mobile,,,3,2024-12-01 00:00:00,u,100
858,26382359,2024-11-01,2024-11-01,2024-11-30,mobile,,,3,2024-11-01 00:00:00,u,100
859,76692648,2025-11-01,2025-11-01,2025-11-30,mobile,,,3,2025-11-01 00:00:00,u,150
860,76692648,2025-10-01,2025-10-01,2025-10-31,mobile,,,3,2025-10-01 00:00:00,u,150
861,76692648,2025-09-01,2025-09-01,2025-09-30,mobile,,,3,2025-09-01 00:00:00,u,150
862,76692648,2025-08-01,2025-08-01,2025-08-31,mobile,,,3,2025-08-01 00:00:00,u,150
863,76692648,2025-07-01,2025-07-01,2025-07-31,mobile,,,3,2025-07-01 00:00:00,u,150
864,76692648,2025-06-01,2025-06-01,2025-06-30,mobile,,,3,2025-06-01 00:00:00,u,150
865,76692648,2025-05-01,2025-05-01,2025-05-31,mobile,,,3,2025-05-01 00:00:00,u,150
866,76692648,2025-04-01,2025-04-01,2025-04-30,mobile,,,3,2025-04-01 00:00:00,u,150
867,76692648,2025-03-01,2025-03-01,2025-03-31,mobile,,,3,2025-03-01 00:00:00,u,150
868,76692648,2025-02-01,2025-02-01,2025-02-28,mobile,,,3,2025-02-01 00:00:00,u,150
869,76692648,2025-01-01,2025-01-01,2025-01-31,mobile,,,3,2025-01-01 00:00:00,u,150
870,76692648,2024-12-01,2024-12-01,2024-12-31,mobile,,,3,2024-12-01 00:00:00,u,150
871,76692648,2024-11-01,2024-11-01,2024-11-30,mobile,,,3,2024-11-01 00:00:00,u,150
872,64982803,2025-11-01,2025-11-01,2025-11-30,mobile,,,1,2025-11-01 00:00:00,u,75
873,64982803,2025-10-01,2025-10-01,2025-10-31,mobile,,,1,2025-10-01 00:00:00,u,75
874,64982803,2025-09-01,2025-09-01,2025-09-30,mobile,,,1,2025-09-01 00:00:00,u,75
875,64982803,2025-08-01,2025-08-01,2025-08-31,mobile,,,1,2025-08-01 00:00:00,u,75
876,64982803,2025-07-01,2025-07-01,2025-07-31,mobile,,,1,2025-07-01 00:00:00,u,75
877,64982803,2025-06-01,2025-06-01,2025-06-30,mobile,,,1,2025-06-01 00:00:00,u,75
878,64982803,2025-05-01,2025-05-01,2025-05-31,mobile,,,1,2025-05-01 00:00:00,u,75
879,64982803,2025-04-01,2025-04-01,2025-04-30,mobile,,,1,2025-04-01 00:00:00,u,75
880,64982803,2025-03-01,2025-03-01,2025-03-31,mobile,,,1,2025-03-01 00:00:00,u,75
881,64982803,2025-02-01,2025-02-01,2025-02-28,mobile,,,1,2025-02-01 00:00:00,u,75
882,64982803,2025-01-01,2025-01-01,2025-01-31,mobile,,,1,2025-01-01 00:00:00,u,75
883,64982803,2024-12-01,2024-12-01,2024-12-31,mobile,,,1,2024-12-01 00:00:00,u,75
884,64982803,2024-11-01,2024-11-01,2024-11-30,mobile,,,1,2024-11-01 00:00:00,u,75
885,42452457,2025-11-01,2025-11-01,2025-11-30,mobile,,,2,2025-11-01 00:00:00,u,120
886,42452457,2025-10-01,2025-10-01,2025-10-31,mobile,,,2,2025-10-01 00:00:00,u,120
887,42452457,2025-09-01,2025-09-01,2025-09-30,mobile,,,2,2025-09-01 00:00:00,u,120
888,42452457,2025-08-01,2025-08-01,2025-08-31,mobile,,,2,2025-08-01 00:00:00,u,120
889,42452457,2025-07-01,2025-07-01,2025-07-31,mobile,,,2,2025-07-01 00:00:00,u,120
890,42452457,2025-06-01,2025-06-01,2025-06-30,mobile,,,2,2025-06-01 00:00:00,u,120
891,42452457,2025-05-01,2025-05-01,2025-05-31,mobile,,,2,2025-05-01 00:00:00,u,120
892,42452457,2025-04-01,2025-04-01,2025-04-30,mobile,,,2,2025-04-01 00:00:00,u,120
893,42452457,2025-03-01,2025-03-01,2025-03-31,mobile,,,2,2025-03-01 00:00:00,u,120
894,42452457,2025-02-01,2025-02-01,2025-02-28,mobile,,,2,2025-02-01 00:00:00,u,120
895,42452457,2025-01-01,2025-01-01,2025-01-31,mobile,,,2,2025-01-01 00:00:00,u,120
896,42452457,2024-12-01,2024-12-01,2024-12-31,mobile,,,2,2024-12-01 00:00:00,u,120
897,42452457,2024-11-01,2024-11-01,2024-11-30,mobile,,,2,2024-11-01 00:00:00,u,120
898,34298403,2025-11-01,2025-11-01,2025-11-30,mobile,,,1,2025-11-01 00:00:00,u,25
899,34298403,2025-10-01,2025-10-01,2025-10-31,mobile,,,1,2025-10-01 00:00:00,u,25
900,34298403,2025-09-01,2025-09-01,2025-09-30,mobile,,,1,2025-09-01 00:00:00,u,25
901,34298403,2025-08-01,2025-08-01,2025-08-31,mobile,,,1,2025-08-01 00:00:00,u,25
902,34298403,2025-07-01,2025-07-01,2025-07-31,mobile,,,1,2025-07-01 00:00:00,u,25
903,34298403,2025-06-01,2025-06-01,2025-06-30,mobile,,,1,2025-06-01 00:00:00,u,25
904,34298403,2025-05-01,2025-05-01,2025-05-31,mobile,,,1,2025-05-01 00:00:00,u,25
905,34298403,2025-04-01,2025-04-01,2025-04-30,mobile,,,1,2025-04-01 00:00:00,u,25
906,34298403,2025-03-01,2025-03-01,2025-03-31,mobile,,,1,2025-03-01 00:00:00,u,25
907,34298403,2025-02-01,2025-02-01,2025-02-28,mobile,,,1,2025-02-01 00:00:00,u,25
908,34298403,2025-01-01,2025-01-01,2025-01-31,mobile,,,1,2025-01-01 00:00:00,u,25
909,34298403,2024-12-01,2024-12-01,2024-12-31,mobile,,,1,2024-12-01 00:00:00,u,25
910,34298403,2024-11-01,2024-11-01,2024-11-30,mobile,,,1,2024-11-01 00:00:00,u,25
911,94856834,2025-11-01,2025-11-01,2025-11-30,mobile,,,2,2025-11-01 00:00:00,u,120
912,94856834,2025-10-01,2025-10-01,2025-10-31,mobile,,,2,2025-10-01 00:00:00,u,120
913,94856834,2025-09-01,2025-09-01,2025-09-30,mobile,,,2,2025-09-01 00:00:00,u,120
914,94856834,2025-08-01,2025-08-01,2025-08-31,mobile,,,2,2025-08-01 00:00:00,u,120
915,94856834,2025-07-01,2025-07-01,2025-07-31,mobile,,,2,2025-07-01 00:00:00,u,120
916,94856834,2025-06-01,2025-06-01,2025-06-30,mobile,,,2,2025-06-01 00:00:00,u,120
917,94856834,2025-05-01,2025-05-01,2025-05-31,mobile,,,2,2025-05-01 00:00:00,u,120
918,94856834,2025-04-01,2025-04-01,2025-04-30,mobile,,,2,2025-04-01 00:00:00,u,120
919,94856834,2025-03-01,2025-03-01,2025-03-31,mobile,,,2,2025-03-01 00:00:00,u,120
920,94856834,2025-02-01,2025-02-01,2025-02-28,mobile,,,2,2025-02-01 00:00:00,u,120
921,94856834,2025-01-01,2025-01-01,2025-01-31,mobile,,,2,2025-01-01 00:00:00,u,120
922,94856834,2024-12-01,2024-12-01,2024-12-31,mobile,,,2,2024-12-01 00:00:00,u,120
923,94856834,2024-11-01,2024-11-01,2024-11-30,mobile,,,2,2024-11-01 00:00:00,u,120
924,99749631,2025-11-01,2025-11-01,2025-11-30,mobile,,,3,2025-11-01 00:00:00,u,50
925,99749631,2025-10-01,2025-10-01,2025-10-31,mobile,,,3,2025-10-01 00:00:00,u,50
926,99749631,2025-09-01,2025-09-01,2025-09-30,mobile,,,3,2025-09-01 00:00:00,u,50
927,99749631,2025-08-01,2025-08-01,2025-08-31,mobile,,,3,2025-08-01 00:00:00,u,50
928,99749631,2025-07-01,2025-07-01,2025-07-31,mobile,,,3,2025-07-01 00:00:00,u,50
929,99749631,2025-06-01,2025-06-01,2025-06-30,mobile,,,3,2025-06-01 00:00:00,u,50
930,99749631,2025-05-01,2025-05-01,2025-05-31,mobile,,,3,2025-05-01 00:00:00,u,50
931,99749631,2025-04-01,2025-04-01,2025-04-30,mobile,,,3,2025-04-01 00:00:00,u,50
932,99749631,2025-03-01,2025-03-01,2025-03-31,mobile,,,3,2025-03-01 00:00:00,u,50
933,99749631,2025-02-01,2025-02-01,2025-02-28,mobile,,,3,2025-02-01 00:00:00,u,50
934,99749631,2025-01-01,2025-01-01,2025-01-31,mobile,,,3,2025-01-01 00:00:00,u,50
935,99749631,2024-12-01,2024-12-01,2024-12-31,mobile,,,3,2024-12-01 00:00:00,u,50
936,99749631,2024-11-01,2024-11-01,2024-11-30,mobile,,,3,2024-11-01 00:00:00,u,50
937,99915811,2025-11-01,2025-11-01,2025-11-30,mobile,,,1,2025-11-01 00:00:00,u,25
938,99915811,2025-10-01,2025-10-01,2025-10-31,mobile,,,1,2025-10-01 00:00:00,u,25
939,99915811,2025-09-01,2025-09-01,2025-09-30,mobile,,,1,2025-09-01 00:00:00,u,25
940,99915811,2025-08-01,2025-08-01,2025-08-31,mobile,,,1,2025-08-01 00:00:00,u,25
941,99915811,2025-07-01,2025-07-01,2025-07-31,mobile,,,1,2025-07-01 00:00:00,u,25
942,99915811,2025-06-01,2025-06-01,2025-06-30,mobile,,,1,2025-06-01 00:00:00,u,25
943,99915811,2025-05-01,2025-05-01,2025-05-31,mobile,,,1,2025-05-01 00:00:00,u,25
944,99915811,2025-04-01,2025-04-01,2025-04-30,mobile,,,1,2025-04-01 00:00:00,u,25
945,99915811,2025-03-01,2025-03-01,2025-03-31,mobile,,,1,2025-03-01 00:00:00,u,25
946,99915811,2025-02-01,2025-02-01,2025-02-28,mobile,,,1,2025-02-01 00:00:00,u,25
947,99915811,2025-01-01,2025-01-01,2025-01-31,mobile,,,1,2025-01-01 00:00:00,u,25
948,99915811,2024-12-01,2024-12-01,2024-12-31,mobile,,,1,2024-12-01 00:00:00,u,25
949,99915811,2024-11-01,2024-11-01,2024-11-30,mobile,,,1,2024-11-01 00:00:00,u,25
950,64795609,2025-11-01,2025-11-01,2025-11-30,mobile,,,2,2025-11-01 00:00:00,u,40
951,64795609,2025-10-01,2025-10-01,2025-10-31,mobile,,,2,2025-10-01 00:00:00,u,40
952,64795609,2025-09-01,2025-09-01,2025-09-30,mobile,,,2,2025-09-01 00:00:00,u,40
953,64795609,2025-08-01,2025-08-01,2025-08-31,mobile,,,2,2025-08-01 00:00:00,u,40
954,64795609,2025-07-01,2025-07-01,2025-07-31,mobile,,,2,2025-07-01 00:00:00,u,40
955,64795609,2025-06-01,2025-06-01,2025-06-30,mobile,,,2,2025-06-01 00:00:00,u,40
956,64795609,2025-05-01,2025-05-01,2025-05-31,mobile,,,2,2025-05-01 00:00:00,u,40
957,64795609,2025-04-01,2025-04-01,2025-04-30,mobile,,,2,2025-04-01 00:00:00,u,40
958,64795609,2025-03-01,2025-03-01,2025-03-31,mobile,,,2,2025-03-01 00:00:00,u,40
959,64795609,2025-02-01,2025-02-01,2025-02-28,mobile,,,2,2025-02-01 00:00:00,u,40
960,64795609,2025-01-01,2025-01-01,2025-01-31,mobile,,,2,2025-01-01 00:00:00,u,40
961,64795609,2024-12-01,2024-12-01,2024-12-31,mobile,,,2,2024-12-01 00:00:00,u,40
962,64795609,2024-11-01,2024-11-01,2024-11-30,mobile,,,2,2024-11-01 00:00:00,u,40
963,22476301,2025-11-01,2025-11-01,2025-11-30,mobile,,,3,2025-11-01 00:00:00,u,150
964,22476301,2025-10-01,2025-10-01,2025-10-31,mobile,,,3,2025-10-01 00:00:00,u,150
965,22476301,2025-09-01,2025-09-01,2025-09-30,mobile,,,3,2025-09-01 00:00:00,u,150
966,22476301,2025-08-01,2025-08-01,2025-08-31,mobile,,,3,2025-08-01 00:00:00,u,150
967,22476301,2025-07-01,2025-07-01,2025-07-31,mobile,,,3,2025-07-01 00:00:00,u,150
968,22476301,2025-06-01,2025-06-01,2025-06-30,mobile,,,3,2025-06-01 00:00:00,u,150
969,22476301,2025-05-01,2025-05-01,2025-05-31,mobile,,,3,2025-05-01 00:00:00,u,150
970,22476301,2025-04-01,2025-04-01,2025-04-30,mobile,,,3,2025-04-01 00:00:00,u,150
971,22476301,2025-03-01,2025-03-01,2025-03-31,mobile,,,3,2025-03-01 00:00:00,u,150
972,22476301,2025-02-01,2025-02-01,2025-02-28,mobile,,,3,2025-02-01 00:00:00,u,150
973,22476301,2025-01-01,2025-01-01,2025-01-31,mobile,,,3,2025-01-01 00:00:00,u,150
974,22476301,2024-12-01,2024-12-01,2024-12-31,mobile,,,3,2024-12-01 00:00:00,u,150
975,22476301,2024-11-01,2024-11-01,2024-11-30,mobile,,,3,2024-11-01 00:00:00,u,150
976,96591367,2025-11-01,2025-11-01,2025-11-30,mobile,,,1,2025-11-01 00:00:00,u,25
977,96591367,2025-10-01,2025-10-01,2025-10-31,mobile,,,1,2025-10-01 00:00:00,u,25
978,96591367,2025-09-01,2025-09-01,2025-09-30,mobile,,,1,2025-09-01 00:00:00,u,25
979,96591367,2025-08-01,2025-08-01,2025-08-31,mobile,,,1,2025-08-01 00:00:00,u,25
980,96591367,2025-07-01,2025-07-01,2025-07-31,mobile,,,1,2025-07-01 00:00:00,u,25
981,96591367,2025-06-01,2025-06-01,2025-06-30,mobile,,,1,2025-06-01 00:00:00,u,25
982,96591367,2025-05-01,2025-05-01,2025-05-31,mobile,,,1,2025-05-01 00:00:00,u,25
983,96591367,2025-04-01,2025-04-01,2025-04-30,mobile,,,1,2025-04-01 00:00:00,u,25
984,96591367,2025-03-01,2025-03-01,2025-03-31,mobile,,,1,2025-03-01 00:00:00,u,25
985,96591367,2025-02-01,2025-02-01,2025-02-28,mobile,,,1,2025-02-01 00:00:00,u,25
986,96591367,2025-01-01,2025-01-01,2025-01-31,mobile,,,1,2025-01-01 00:00:00,u,25
987,96591367,2024-12-01,2024-12-01,2024-12-31,mobile,,,1,2024-12-01 00:00:00,u,25
988,96591367,2024-11-01,2024-11-01,2024-11-30,mobile,,,1,2024-11-01 00:00:00,u,25
989,53237193,2025-11-01,2025-11-01,2025-11-30,mobile,,,2,2025-11-01 00:00:00,u,80
990,53237193,2025-10-01,2025-10-01,2025-10-31,mobile,,,2,2025-10-01 00:00:00,u,80
991,53237193,2025-09-01,2025-09-01,2025-09-30,mobile,,,2,2025-09-01 00:00:00,u,80
992,53237193,2025-08-01,2025-08-01,2025-08-31,mobile,,,2,2025-08-01 00:00:00,u,80
993,53237193,2025-07-01,2025-07-01,2025-07-31,mobile,,,2,2025-07-01 00:00:00,u,80
994,53237193,2025-06-01,2025-06-01,2025-06-30,mobile,,,2,2025-06-01 00:00:00,u,80
995,53237193,2025-05-01,2025-05-01,2025-05-31,mobile,,,2,2025-05-01 00:00:00,u,80
996,53237193,2025-04-01,2025-04-01,2025-04-30,mobile,,,2,2025-04-01 00:00:00,u,80
997,53237193,2025-03-01,2025-03-01,2025-03-31,mobile,,,2,2025-03-01 00:00:00,u,80
998,53237193,2025-02-01,2025-02-01,2025-02-28,mobile,,,2,2025-02-01 00:00:00,u,80
999,53237193,2025-01-01,2025-01-01,2025-01-31,mobile,,,2,2025-01-01 00:00:00,u,80
1000,53237193,2024-12-01,2024-12-01,2024-12-31,mobile,,,2,2024-12-01 00:00:00,u,80
1001,53237193,2024-11-01,2024-11-01,2024-11-30,mobile,,,2,2024-11-01 00:00:00,u,80
1002,80605941,2025-11-01,2025-11-01,2025-11-30,mobile,,,3,2025-11-01 00:00:00,u,100
1003,80605941,2025-10-01,2025-10-01,2025-10-31,mobile,,,3,2025-10-01 00:00:00,u,100
1004,80605941,2025-09-01,2025-09-01,2025-09-30,mobile,,,3,2025-09-01 00:00:00,u,100
1005,80605941,2025-08-01,2025-08-01,2025-08-31,mobile,,,3,2025-08-01 00:00:00,u,100
1006,80605941,2025-07-01,2025-07-01,2025-07-31,mobile,,,3,2025-07-01 00:00:00,u,100
1007,80605941,2025-06-01,2025-06-01,2025-06-30,mobile,,,3,2025-06-01 00:00:00,u,100
1008,80605941,2025-05-01,2025-05-01,2025-05-31,mobile,,,3,2025-05-01 00:00:00,u,100
1009,80605941,2025-04-01,2025-04-01,2025-04-30,mobile,,,3,2025-04-01 00:00:00,u,100
1010,80605941,2025-03-01,2025-03-01,2025-03-31,mobile,,,3,2025-03-01 00:00:00,u,100
1011,80605941,2025-02-01,2025-02-01,2025-02-28,mobile,,,3,2025-02-01 00:00:00,u,100
1012,80605941,2025-01-01,2025-01-01,2025-01-31,mobile,,,3,2025-01-01 00:00:00,u,100
1013,80605941,2024-12-01,2024-12-01,2024-12-31,mobile,,,3,2024-12-01 00:00:00,u,100
1014,80605941,2024-11-01,2024-11-01,2024-11-30,mobile,,,3,2024-11-01 00:00:00,u,100
1015,35360377,2025-11-01,2025-11-01,2025-11-30,mobile,,,1,2025-11-01 00:00:00,u,50
1016,35360377,2025-10-01,2025-10-01,2025-10-31,mobile,,,1,2025-10-01 00:00:00,u,50
1017,35360377,2025-09-01,2025-09-01,2025-09-30,mobile,,,1,2025-09-01 00:00:00,u,50
1018,35360377,2025-08-01,2025-08-01,2025-08-31,mobile,,,1,2025-08-01 00:00:00,u,50
1019,35360377,2025-07-01,2025-07-01,2025-07-31,mobile,,,1,2025-07-01 00:00:00,u,50
1020,35360377,2025-06-01,2025-06-01,2025-06-30,mobile,,,1,2025-06-01 00:00:00,u,50
1021,35360377,2025-05-01,2025-05-01,2025-05-31,mobile,,,1,2025-05-01 00:00:00,u,50
1022,35360377,2025-04-01,2025-04-01,2025-04-30,mobile,,,1,2025-04-01 00:00:00,u,50
1023,35360377,2025-03-01,2025-03-01,2025-03-31,mobile,,,1,2025-03-01 00:00:00,u,50
1024,35360377,2025-02-01,2025-02-01,2025-02-28,mobile,,,1,2025-02-01 00:00:00,u,50
1025,35360377,2025-01-01,2025-01-01,2025-01-31,mobile,,,1,2025-01-01 00:00:00,u,50
1026,35360377,2024-12-01,2024-12-01,2024-12-31,mobile,,,1,2024-12-01 00:00:00,u,50
1027,35360377,2024-11-01,2024-11-01,2024-11-30,mobile,,,1,2024-11-01 00:00:00,u,50
1028,77996530,2025-11-01,2025-11-01,2025-11-30,mobile,,,2,2025-11-01 00:00:00,u,120
1029,77996530,2025-10-01,2025-10-01,2025-10-31,mobile,,,2,2025-10-01 00:00:00,u,120
1030,77996530,2025-09-01,2025-09-01,2025-09-30,mobile,,,2,2025-09-01 00:00:00,u,120
1031,77996530,2025-08-01,2025-08-01,2025-08-31,mobile,,,2,2025-08-01 00:00:00,u,120
1032,77996530,2025-07-01,2025-07-01,2025-07-31,mobile,,,2,2025-07-01 00:00:00,u,120
1033,77996530,2025-06-01,2025-06-01,2025-06-30,mobile,,,2,2025-06-01 00:00:00,u,120
1034,77996530,2025-05-01,2025-05-01,2025-05-31,mobile,,,2,2025-05-01 00:00:00,u,120
1035,77996530,2025-04-01,2025-04-01,2025-04-30,mobile,,,2,2025-04-01 00:00:00,u,120
1036,77996530,2025-03-01,2025-03-01,2025-03-31,mobile,,,2,2025-03-01 00:00:00,u,120
1037,77996530,2025-02-01,2025-02-01,2025-02-28,mobile,,,2,2025-02-01 00:00:00,u,120
1038,77996530,2025-01-01,2025-01-01,2025-01-31,mobile,,,2,2025-01-01 00:00:00,u,120
1039,77996530,2024-12-01,2024-12-01,2024-12-31,mobile,,,2,2024-12-01 00:00:00,u,120
1040,77996530,2024-11-01,2024-11-01,2024-11-30,mobile,,,2,2024-11-01 00:00:00,u,120
1041,74737868,2025-11-01,2025-11-01,2025-11-30,mobile,,,3,2025-11-01 00:00:00,u,100
1042,74737868,2025-10-01,2025-10-01,2025-10-31,mobile,,,3,2025-10-01 00:00:00,u,100
1043,74737868,2025-09-01,2025-09-01,2025-09-30,mobile,,,3,2025-09-01 00:00:00,u,100
1044,74737868,2025-08-01,2025-08-01,2025-08-31,mobile,,,3,2025-08-01 00:00:00,u,100
1045,74737868,2025-07-01,2025-07-01,2025-07-31,mobile,,,3,2025-07-01 00:00:00,u,100
1046,74737868,2025-06-01,2025-06-01,2025-06-30,mobile,,,3,2025-06-01 00:00:00,u,100
1047,74737868,2025-05-01,2025-05-01,2025-05-31,mobile,,,3,2025-05-01 00:00:00,u,100
1048,74737868,2025-04-01,2025-04-01,2025-04-30,mobile,,,3,2025-04-01 00:00:00,u,100
1049,74737868,2025-03-01,2025-03-01,2025-03-31,mobile,,,3,2025-03-01 00:00:00,u,100
1050,74737868,2025-02-01,2025-02-01,2025-02-28,mobile,,,3,2025-02-01 00:00:00,u,100
1051,74737868,2025-01-01,2025-01-01,2025-01-31,mobile,,,3,2025-01-01 00:00:00,u,100
1052,74737868,2024-12-01,2024-12-01,2024-12-31,mobile,,,3,2024-12-01 00:00:00,u,100
1053,74737868,2024-11-01,2024-11-01,2024-11-30,mobile,,,3,2024-11-01 00:00:00,u,100
1054,84253791,2025-11-01,2025-11-01,2025-11-30,mobile,,,3,2025-11-01 00:00:00,u,100
1055,84253791,2025-10-01,2025-10-01,2025-10-31,mobile,,,3,2025-10-01 00:00:00,u,100
1056,84253791,2025-09-01,2025-09-01,2025-09-30,mobile,,,3,2025-09-01 00:00:00,u,100
1057,84253791,2025-08-01,2025-08-01,2025-08-31,mobile,,,3,2025-08-01 00:00:00,u,100
1058,84253791,2025-07-01,2025-07-01,2025-07-31,mobile,,,3,2025-07-01 00:00:00,u,100
1059,84253791,2025-06-01,2025-06-01,2025-06-30,mobile,,,3,2025-06-01 00:00:00,u,100
1060,84253791,2025-05-01,2025-05-01,2025-05-31,mobile,,,3,2025-05-01 00:00:00,u,100
1061,84253791,2025-04-01,2025-04-01,2025-04-30,mobile,,,3,2025-04-01 00:00:00,u,100
1062,84253791,2025-03-01,2025-03-01,2025-03-31,mobile,,,3,2025-03-01 00:00:00,u,100
1063,84253791,2025-02-01,2025-02-01,2025-02-28,mobile,,,3,2025-02-01 00:00:00,u,100
1064,84253791,2025-01-01,2025-01-01,2025-01-31,mobile,,,3,2025-01-01 00:00:00,u,100
1065,84253791,2024-12-01,2024-12-01,2024-12-31,mobile,,,3,2024-12-01 00:00:00,u,100
1066,84253791,2024-11-01,2024-11-01,2024-11-30,mobile,,,3,2024-11-01 00:00:00,u,100
1067,53272032,2025-11-01,2025-11-01,2025-11-30,mobile,,,1,2025-11-01 00:00:00,u,50
1068,53272032,2025-10-01,2025-10-01,2025-10-31,mobile,,,1,2025-10-01 00:00:00,u,50
1069,53272032,2025-09-01,2025-09-01,2025-09-30,mobile,,,1,2025-09-01 00:00:00,u,50
1070,53272032,2025-08-01,2025-08-01,2025-08-31,mobile,,,1,2025-08-01 00:00:00,u,50
1071,53272032,2025-07-01,2025-07-01,2025-07-31,mobile,,,1,2025-07-01 00:00:00,u,50
1072,53272032,2025-06-01,2025-06-01,2025-06-30,mobile,,,1,2025-06-01 00:00:00,u,50
1073,53272032,2025-05-01,2025-05-01,2025-05-31,mobile,,,1,2025-05-01 00:00:00,u,50
1074,53272032,2025-04-01,2025-04-01,2025-04-30,mobile,,,1,2025-04-01 00:00:00,u,50
1075,53272032,2025-03-01,2025-03-01,2025-03-31,mobile,,,1,2025-03-01 00:00:00,u,50
1076,53272032,2025-02-01,2025-02-01,2025-02-28,mobile,,,1,2025-02-01 00:00:00,u,50
1077,53272032,2025-01-01,2025-01-01,2025-01-31,mobile,,,1,2025-01-01 00:00:00,u,50
1078,53272032,2024-12-01,2024-12-01,2024-12-31,mobile,,,1,2024-12-01 00:00:00,u,50
1079,53272032,2024-11-01,2024-11-01,2024-11-30,mobile,,,1,2024-11-01 00:00:00,u,50
1080,56520410,2025-11-01,2025-11-01,2025-11-30,mobile,,,2,2025-11-01 00:00:00,u,120
1081,56520410,2025-10-01,2025-10-01,2025-10-31,mobile,,,2,2025-10-01 00:00:00,u,120
1082,56520410,2025-09-01,2025-09-01,2025-09-30,mobile,,,2,2025-09-01 00:00:00,u,120
1083,56520410,2025-08-01,2025-08-01,2025-08-31,mobile,,,2,2025-08-01 00:00:00,u,120
1084,56520410,2025-07-01,2025-07-01,2025-07-31,mobile,,,2,2025-07-01 00:00:00,u,120
1085,56520410,2025-06-01,2025-06-01,2025-06-30,mobile,,,2,2025-06-01 00:00:00,u,120
1086,56520410,2025-05-01,2025-05-01,2025-05-31,mobile,,,2,2025-05-01 00:00:00,u,120
1087,56520410,2025-04-01,2025-04-01,2025-04-30,mobile,,,2,2025-04-01 00:00:00,u,120
1088,56520410,2025-03-01,2025-03-01,2025-03-31,mobile,,,2,2025-03-01 00:00:00,u,120
1089,56520410,2025-02-01,2025-02-01,2025-02-28,mobile,,,2,2025-02-01 00:00:00,u,120
1090,56520410,2025-01-01,2025-01-01,2025-01-31,mobile,,,2,2025-01-01 00:00:00,u,120
1091,56520410,2024-12-01,2024-12-01,2024-12-31,mobile,,,2,2024-12-01 00:00:00,u,120
1092,56520410,2024-11-01,2024-11-01,2024-11-30,mobile,,,2,2024-11-01 00:00:00,u,120
1093,13098314,2025-11-01,2025-11-01,2025-11-30,mobile,,,3,2025-11-01 00:00:00,u,150
1094,13098314,2025-10-01,2025-10-01,2025-10-31,mobile,,,3,2025-10-01 00:00:00,u,150
1095,13098314,2025-09-01,2025-09-01,2025-09-30,mobile,,,3,2025-09-01 00:00:00,u,150
1096,13098314,2025-08-01,2025-08-01,2025-08-31,mobile,,,3,2025-08-01 00:00:00,u,150
1097,13098314,2025-07-01,2025-07-01,2025-07-31,mobile,,,3,2025-07-01 00:00:00,u,150
1098,13098314,2025-06-01,2025-06-01,2025-06-30,mobile,,,3,2025-06-01 00:00:00,u,150
1099,13098314,2025-05-01,2025-05-01,2025-05-31,mobile,,,3,2025-05-01 00:00:00,u,150
1100,13098314,2025-04-01,2025-04-01,2025-04-30,mobile,,,3,2025-04-01 00:00:00,u,150
1101,13098314,2025-03-01,2025-03-01,2025-03-31,mobile,,,3,2025-03-01 00:00:00,u,150
1102,13098314,2025-02-01,2025-02-01,2025-02-28,mobile,,,3,2025-02-01 00:00:00,u,150
1103,13098314,2025-01-01,2025-01-01,2025-01-31,mobile,,,3,2025-01-01 00:00:00,u,150
1104,13098314,2024-12-01,2024-12-01,2024-12-31,mobile,,,3,2024-12-01 00:00:00,u,150
1105,13098314,2024-11-01,2024-11-01,2024-11-30,mobile,,,3,2024-11-01 00:00:00,u,150
1106,54737661,2025-11-01,2025-11-01,2025-11-30,mobile,,,1,2025-11-01 00:00:00,u,100
1107,54737661,2025-10-01,2025-10-01,2025-10-31,mobile,,,1,2025-10-01 00:00:00,u,100
1108,54737661,2025-09-01,2025-09-01,2025-09-30,mobile,,,1,2025-09-01 00:00:00,u,100
1109,54737661,2025-08-01,2025-08-01,2025-08-31,mobile,,,1,2025-08-01 00:00:00,u,100
1110,54737661,2025-07-01,2025-07-01,2025-07-31,mobile,,,1,2025-07-01 00:00:00,u,100
1111,54737661,2025-06-01,2025-06-01,2025-06-30,mobile,,,1,2025-06-01 00:00:00,u,100
1112,54737661,2025-05-01,2025-05-01,2025-05-31,mobile,,,1,2025-05-01 00:00:00,u,100
1113,54737661,2025-04-01,2025-04-01,2025-04-30,mobile,,,1,2025-04-01 00:00:00,u,100
1114,54737661,2025-03-01,2025-03-01,2025-03-31,mobile,,,1,2025-03-01 00:00:00,u,100
1115,54737661,2025-02-01,2025-02-01,2025-02-28,mobile,,,1,2025-02-01 00:00:00,u,100
1116,54737661,2025-01-01,2025-01-01,2025-01-31,mobile,,,1,2025-01-01 00:00:00,u,100
1117,54737661,2024-12-01,2024-12-01,2024-12-31,mobile,,,1,2024-12-01 00:00:00,u,100
1118,54737661,2024-11-01,2024-11-01,2024-11-30,mobile,,,1,2024-11-01 00:00:00,u,100
1119,49033802,2025-11-01,2025-11-01,2025-11-30,mobile,,,2,2025-11-01 00:00:00,u,80
1120,49033802,2025-10-01,2025-10-01,2025-10-31,mobile,,,2,2025-10-01 00:00:00,u,80
1121,49033802,2025-09-01,2025-09-01,2025-09-30,mobile,,,2,2025-09-01 00:00:00,u,80
1122,49033802,2025-08-01,2025-08-01,2025-08-31,mobile,,,2,2025-08-01 00:00:00,u,80
1123,49033802,2025-07-01,2025-07-01,2025-07-31,mobile,,,2,2025-07-01 00:00:00,u,80
1124,49033802,2025-06-01,2025-06-01,2025-06-30,mobile,,,2,2025-06-01 00:00:00,u,80
1125,49033802,2025-05-01,2025-05-01,2025-05-31,mobile,,,2,2025-05-01 00:00:00,u,80
1126,49033802,2025-04-01,2025-04-01,2025-04-30,mobile,,,2,2025-04-01 00:00:00,u,80
1127,49033802,2025-03-01,2025-03-01,2025-03-31,mobile,,,2,2025-03-01 00:00:00,u,80
1128,49033802,2025-02-01,2025-02-01,2025-02-28,mobile,,,2,2025-02-01 00:00:00,u,80
1129,49033802,2025-01-01,2025-01-01,2025-01-31,mobile,,,2,2025-01-01 00:00:00,u,80
1130,49033802,2024-12-01,2024-12-01,2024-12-31,mobile,,,2,2024-12-01 00:00:00,u,80
1131,49033802,2024-11-01,2024-11-01,2024-11-30,mobile,,,2,2024-11-01 00:00:00,u,80
1132,50581674,2025-11-01,2025-11-01,2025-11-30,mobile,,,3,2025-11-01 00:00:00,u,150
1133,50581674,2025-10-01,2025-10-01,2025-10-31,mobile,,,3,2025-10-01 00:00:00,u,150
1134,50581674,2025-09-01,2025-09-01,2025-09-30,mobile,,,3,2025-09-01 00:00:00,u,150
1135,50581674,2025-08-01,2025-08-01,2025-08-31,mobile,,,3,2025-08-01 00:00:00,u,150
1136,50581674,2025-07-01,2025-07-01,2025-07-31,mobile,,,3,2025-07-01 00:00:00,u,150
1137,50581674,2025-06-01,2025-06-01,2025-06-30,mobile,,,3,2025-06-01 00:00:00,u,150
1138,50581674,2025-05-01,2025-05-01,2025-05-31,mobile,,,3,2025-05-01 00:00:00,u,150
1139,50581674,2025-04-01,2025-04-01,2025-04-30,mobile,,,3,2025-04-01 00:00:00,u,150
1140,50581674,2025-03-01,2025-03-01,2025-03-31,mobile,,,3,2025-03-01 00:00:00,u,150
1141,50581674,2025-02-01,2025-02-01,2025-02-28,mobile,,,3,2025-02-01 00:00:00,u,150
1142,50581674,2025-01-01,2025-01-01,2025-01-31,mobile,,,3,2025-01-01 00:00:00,u,150
1143,50581674,2024-12-01,2024-12-01,2024-12-31,mobile,,,3,2024-12-01 00:00:00,u,150
1144,50581674,2024-11-01,2024-11-01,2024-11-30,mobile,,,3,2024-11-01 00:00:00,u,150
1145,62001453,2025-11-01,2025-11-01,2025-11-30,mobile,,,1,2025-11-01 00:00:00,u,25
1146,62001453,2025-10-01,2025-10-01,2025-10-31,mobile,,,1,2025-10-01 00:00:00,u,25
1147,62001453,2025-09-01,2025-09-01,2025-09-30,mobile,,,1,2025-09-01 00:00:00,u,25
1148,62001453,2025-08-01,2025-08-01,2025-08-31,mobile,,,1,2025-08-01 00:00:00,u,25
1149,62001453,2025-07-01,2025-07-01,2025-07-31,mobile,,,1,2025-07-01 00:00:00,u,25
1150,62001453,2025-06-01,2025-06-01,2025-06-30,mobile,,,1,2025-06-01 00:00:00,u,25
1151,62001453,2025-05-01,2025-05-01,2025-05-31,mobile,,,1,2025-05-01 00:00:00,u,25
1152,62001453,2025-04-01,2025-04-01,2025-04-30,mobile,,,1,2025-04-01 00:00:00,u,25
1153,62001453,2025-03-01,2025-03-01,2025-03-31,mobile,,,1,2025-03-01 00:00:00,u,25
1154,62001453,2025-02-01,2025-02-01,2025-02-28,mobile,,,1,2025-02-01 00:00:00,u,25
1155,62001453,2025-01-01,2025-01-01,2025-01-31,mobile,,,1,2025-01-01 00:00:00,u,25
1156,62001453,2024-12-01,2024-12-01,2024-12-31,mobile,,,1,2024-12-01 00:00:00,u,25
1157,62001453,2024-11-01,2024-11-01,2024-11-30,mobile,,,1,2024-11-01 00:00:00,u,25
1158,43648096,2025-11-01,2025-11-01,2025-11-30,mobile,,,2,2025-11-01 00:00:00,u,40
1159,43648096,2025-10-01,2025-10-01,2025-10-31,mobile,,,2,2025-10-01 00:00:00,u,40
1160,43648096,2025-09-01,2025-09-01,2025-09-30,mobile,,,2,2025-09-01 00:00:00,u,40
1161,43648096,2025-08-01,2025-08-01,2025-08-31,mobile,,,2,2025-08-01 00:00:00,u,40
1162,43648096,2025-07-01,2025-07-01,2025-07-31,mobile,,,2,2025-07-01 00:00:00,u,40
1163,43648096,2025-06-01,2025-06-01,2025-06-30,mobile,,,2,2025-06-01 00:00:00,u,40
1164,43648096,2025-05-01,2025-05-01,2025-05-31,mobile,,,2,2025-05-01 00:00:00,u,40
1165,43648096,2025-04-01,2025-04-01,2025-04-30,mobile,,,2,2025-04-01 00:00:00,u,40
1166,43648096,2025-03-01,2025-03-01,2025-03-31,mobile,,,2,2025-03-01 00:00:00,u,40
1167,43648096,2025-02-01,2025-02-01,2025-02-28,mobile,,,2,2025-02-01 00:00:00,u,40
1168,43648096,2025-01-01,2025-01-01,2025-01-31,mobile,,,2,2025-01-01 00:00:00,u,40
1169,43648096,2024-12-01,2024-12-01,2024-12-31,mobile,,,2,2024-12-01 00:00:00,u,40
1170,43648096,2024-11-01,2024-11-01,2024-11-30,mobile,,,2,2024-11-01 00:00:00,u,40
1171,24158844,2025-11-01,2025-11-01,2025-11-30,mobile,,,1,2025-11-01 00:00:00,u,75
1172,24158844,2025-10-01,2025-10-01,2025-10-31,mobile,,,1,2025-10-01 00:00:00,u,75
1173,24158844,2025-09-01,2025-09-01,2025-09-30,mobile,,,1,2025-09-01 00:00:00,u,75
1174,24158844,2025-08-01,2025-08-01,2025-08-31,mobile,,,1,2025-08-01 00:00:00,u,75
1175,24158844,2025-07-01,2025-07-01,2025-07-31,mobile,,,1,2025-07-01 00:00:00,u,75
1176,24158844,2025-06-01,2025-06-01,2025-06-30,mobile,,,1,2025-06-01 00:00:00,u,75
1177,24158844,2025-05-01,2025-05-01,2025-05-31,mobile,,,1,2025-05-01 00:00:00,u,75
1178,24158844,2025-04-01,2025-04-01,2025-04-30,mobile,,,1,2025-04-01 00:00:00,u,75
1179,24158844,2025-03-01,2025-03-01,2025-03-31,mobile,,,1,2025-03-01 00:00:00,u,75
1180,24158844,2025-02-01,2025-02-01,2025-02-28,mobile,,,1,2025-02-01 00:00:00,u,75
1181,24158844,2025-01-01,2025-01-01,2025-01-31,mobile,,,1,2025-01-01 00:00:00,u,75
1182,24158844,2024-12-01,2024-12-01,2024-12-31,mobile,,,1,2024-12-01 00:00:00,u,75
1183,24158844,2024-11-01,2024-11-01,2024-11-30,mobile,,,1,2024-11-01 00:00:00,u,75
1184,65620893,2025-11-01,2025-11-01,2025-11-30,mobile,,,2,2025-11-01 00:00:00,u,120
1185,65620893,2025-10-01,2025-10-01,2025-10-31,mobile,,,2,2025-10-01 00:00:00,u,120
1186,65620893,2025-09-01,2025-09-01,2025-09-30,mobile,,,2,2025-09-01 00:00:00,u,120
1187,65620893,2025-08-01,2025-08-01,2025-08-31,mobile,,,2,2025-08-01 00:00:00,u,120
1188,65620893,2025-07-01,2025-07-01,2025-07-31,mobile,,,2,2025-07-01 00:00:00,u,120
1189,65620893,2025-06-01,2025-06-01,2025-06-30,mobile,,,2,2025-06-01 00:00:00,u,120
1190,65620893,2025-05-01,2025-05-01,2025-05-31,mobile,,,2,2025-05-01 00:00:00,u,120
1191,65620893,2025-04-01,2025-04-01,2025-04-30,mobile,,,2,2025-04-01 00:00:00,u,120
1192,65620893,2025-03-01,2025-03-01,2025-03-31,mobile,,,2,2025-03-01 00:00:00,u,120
1193,65620893,2025-02-01,2025-02-01,2025-02-28,mobile,,,2,2025-02-01 00:00:00,u,120
1194,65620893,2025-01-01,2025-01-01,2025-01-31,mobile,,,2,2025-01-01 00:00:00,u,120
1195,65620893,2024-12-01,2024-12-01,2024-12-31,mobile,,,2,2024-12-01 00:00:00,u,120
1196,65620893,2024-11-01,2024-11-01,2024-11-30,mobile,,,2,2024-11-01 00:00:00,u,120
1197,94956887,2025-11-01,2025-11-01,2025-11-30,mobile,,,3,2025-11-01 00:00:00,u,200
1198,94956887,2025-10-01,2025-10-01,2025-10-31,mobile,,,3,2025-10-01 00:00:00,u,200
1199,94956887,2025-09-01,2025-09-01,2025-09-30,mobile,,,3,2025-09-01 00:00:00,u,200
1200,94956887,2025-08-01,2025-08-01,2025-08-31,mobile,,,3,2025-08-01 00:00:00,u,200
1201,94956887,2025-07-01,2025-07-01,2025-07-31,mobile,,,3,2025-07-01 00:00:00,u,200
1202,94956887,2025-06-01,2025-06-01,2025-06-30,mobile,,,3,2025-06-01 00:00:00,u,200
1203,94956887,2025-05-01,2025-05-01,2025-05-31,mobile,,,3,2025-05-01 00:00:00,u,200
1204,94956887,2025-04-01,2025-04-01,2025-04-30,mobile,,,3,2025-04-01 00:00:00,u,200
1205,94956887,2025-03-01,2025-03-01,2025-03-31,mobile,,,3,2025-03-01 00:00:00,u,200
1206,94956887,2025-02-01,2025-02-01,2025-02-28,mobile,,,3,2025-02-01 00:00:00,u,200
1207,94956887,2025-01-01,2025-01-01,2025-01-31,mobile,,,3,2025-01-01 00:00:00,u,200
1208,94956887,2024-12-01,2024-12-01,2024-12-31,mobile,,,3,2024-12-01 00:00:00,u,200
1209,94956887,2024-11-01,2024-11-01,2024-11-30,mobile,,,3,2024-11-01 00:00:00,u,200
1210,53392741,2025-11-01,2025-11-01,2025-11-30,mobile,,,3,2025-11-01 00:00:00,u,50
1211,53392741,2025-10-01,2025-10-01,2025-10-31,mobile,,,3,2025-10-01 00:00:00,u,50
1212,53392741,2025-09-01,2025-09-01,2025-09-30,mobile,,,3,2025-09-01 00:00:00,u,50
1213,53392741,2025-08-01,2025-08-01,2025-08-31,mobile,,,3,2025-08-01 00:00:00,u,50
1214,53392741,2025-07-01,2025-07-01,2025-07-31,mobile,,,3,2025-07-01 00:00:00,u,50
1215,53392741,2025-06-01,2025-06-01,2025-06-30,mobile,,,3,2025-06-01 00:00:00,u,50
1216,53392741,2025-05-01,2025-05-01,2025-05-31,mobile,,,3,2025-05-01 00:00:00,u,50
1217,53392741,2025-04-01,2025-04-01,2025-04-30,mobile,,,3,2025-04-01 00:00:00,u,50
1218,53392741,2025-03-01,2025-03-01,2025-03-31,mobile,,,3,2025-03-01 00:00:00,u,50
1219,53392741,2025-02-01,2025-02-01,2025-02-28,mobile,,,3,2025-02-01 00:00:00,u,50
1220,53392741,2025-01-01,2025-01-01,2025-01-31,mobile,,,3,2025-01-01 00:00:00,u,50
1221,53392741,2024-12-01,2024-12-01,2024-12-31,mobile,,,3,2024-12-01 00:00:00,u,50
1222,53392741,2024-11-01,2024-11-01,2024-11-30,mobile,,,3,2024-11-01 00:00:00,u,50
1223,48191080,2025-11-01,2025-11-01,2025-11-30,mobile,,,1,2025-11-01 00:00:00,u,50
1224,48191080,2025-10-01,2025-10-01,2025-10-31,mobile,,,1,2025-10-01 00:00:00,u,50
1225,48191080,2025-09-01,2025-09-01,2025-09-30,mobile,,,1,2025-09-01 00:00:00,u,50
1226,48191080,2025-08-01,2025-08-01,2025-08-31,mobile,,,1,2025-08-01 00:00:00,u,50
1227,48191080,2025-07-01,2025-07-01,2025-07-31,mobile,,,1,2025-07-01 00:00:00,u,50
1228,48191080,2025-06-01,2025-06-01,2025-06-30,mobile,,,1,2025-06-01 00:00:00,u,50
1229,48191080,2025-05-01,2025-05-01,2025-05-31,mobile,,,1,2025-05-01 00:00:00,u,50
1230,48191080,2025-04-01,2025-04-01,2025-04-30,mobile,,,1,2025-04-01 00:00:00,u,50
1231,48191080,2025-03-01,2025-03-01,2025-03-31,mobile,,,1,2025-03-01 00:00:00,u,50
1232,48191080,2025-02-01,2025-02-01,2025-02-28,mobile,,,1,2025-02-01 00:00:00,u,50
1233,48191080,2025-01-01,2025-01-01,2025-01-31,mobile,,,1,2025-01-01 00:00:00,u,50
1234,48191080,2024-12-01,2024-12-01,2024-12-31,mobile,,,1,2024-12-01 00:00:00,u,50
1235,48191080,2024-11-01,2024-11-01,2024-11-30,mobile,,,1,2024-11-01 00:00:00,u,50
1236,23728077,2025-11-01,2025-11-01,2025-11-30,mobile,,,2,2025-11-01 00:00:00,u,80
1237,23728077,2025-10-01,2025-10-01,2025-10-31,mobile,,,2,2025-10-01 00:00:00,u,80
1238,23728077,2025-09-01,2025-09-01,2025-09-30,mobile,,,2,2025-09-01 00:00:00,u,80
1239,23728077,2025-08-01,2025-08-01,2025-08-31,mobile,,,2,2025-08-01 00:00:00,u,80
1240,23728077,2025-07-01,2025-07-01,2025-07-31,mobile,,,2,2025-07-01 00:00:00,u,80
1241,23728077,2025-06-01,2025-06-01,2025-06-30,mobile,,,2,2025-06-01 00:00:00,u,80
1242,23728077,2025-05-01,2025-05-01,2025-05-31,mobile,,,2,2025-05-01 00:00:00,u,80
1243,23728077,2025-04-01,2025-04-01,2025-04-30,mobile,,,2,2025-04-01 00:00:00,u,80
1244,23728077,2025-03-01,2025-03-01,2025-03-31,mobile,,,2,2025-03-01 00:00:00,u,80
1245,23728077,2025-02-01,2025-02-01,2025-02-28,mobile,,,2,2025-02-01 00:00:00,u,80
1246,23728077,2025-01-01,2025-01-01,2025-01-31,mobile,,,2,2025-01-01 00:00:00,u,80
1247,23728077,2024-12-01,2024-12-01,2024-12-31,mobile,,,2,2024-12-01 00:00:00,u,80
1248,23728077,2024-11-01,2024-11-01,2024-11-30,mobile,,,2,2024-11-01 00:00:00,u,80
1249,51087608,2025-11-01,2025-11-01,2025-11-30,mobile,,,3,2025-11-01 00:00:00,u,100
1250,51087608,2025-10-01,2025-10-01,2025-10-31,mobile,,,3,2025-10-01 00:00:00,u,100
1251,51087608,2025-09-01,2025-09-01,2025-09-30,mobile,,,3,2025-09-01 00:00:00,u,100
1252,51087608,2025-08-01,2025-08-01,2025-08-31,mobile,,,3,2025-08-01 00:00:00,u,100
1253,51087608,2025-07-01,2025-07-01,2025-07-31,mobile,,,3,2025-07-01 00:00:00,u,100
1254,51087608,2025-06-01,2025-06-01,2025-06-30,mobile,,,3,2025-06-01 00:00:00,u,100
1255,51087608,2025-05-01,2025-05-01,2025-05-31,mobile,,,3,2025-05-01 00:00:00,u,100
1256,51087608,2025-04-01,2025-04-01,2025-04-30,mobile,,,3,2025-04-01 00:00:00,u,100
1257,51087608,2025-03-01,2025-03-01,2025-03-31,mobile,,,3,2025-03-01 00:00:00,u,100
1258,51087608,2025-02-01,2025-02-01,2025-02-28,mobile,,,3,2025-02-01 00:00:00,u,100
1259,51087608,2025-01-01,2025-01-01,2025-01-31,mobile,,,3,2025-01-01 00:00:00,u,100
1260,51087608,2024-12-01,2024-12-01,2024-12-31,mobile,,,3,2024-12-01 00:00:00,u,100
1261,51087608,2024-11-01,2024-11-01,2024-11-30,mobile,,,3,2024-11-01 00:00:00,u,100
1262,11888835,2025-11-01,2025-11-01,2025-11-30,mobile,,,1,2025-11-01 00:00:00,u,100
1263,11888835,2025-10-01,2025-10-01,2025-10-31,mobile,,,1,2025-10-01 00:00:00,u,100
1264,11888835,2025-09-01,2025-09-01,2025-09-30,mobile,,,1,2025-09-01 00:00:00,u,100
1265,11888835,2025-08-01,2025-08-01,2025-08-31,mobile,,,1,2025-08-01 00:00:00,u,100
1266,11888835,2025-07-01,2025-07-01,2025-07-31,mobile,,,1,2025-07-01 00:00:00,u,100
1267,11888835,2025-06-01,2025-06-01,2025-06-30,mobile,,,1,2025-06-01 00:00:00,u,100
1268,11888835,2025-05-01,2025-05-01,2025-05-31,mobile,,,1,2025-05-01 00:00:00,u,100
1269,11888835,2025-04-01,2025-04-01,2025-04-30,mobile,,,1,2025-04-01 00:00:00,u,100
1270,11888835,2025-03-01,2025-03-01,2025-03-31,mobile,,,1,2025-03-01 00:00:00,u,100
1271,11888835,2025-02-01,2025-02-01,2025-02-28,mobile,,,1,2025-02-01 00:00:00,u,100
1272,11888835,2025-01-01,2025-01-01,2025-01-31,mobile,,,1,2025-01-01 00:00:00,u,100
1273,11888835,2024-12-01,2024-12-01,2024-12-31,mobile,,,1,2024-12-01 00:00:00,u,100
1274,11888835,2024-11-01,2024-11-01,2024-11-30,mobile,,,1,2024-11-01 00:00:00,u,100
1275,11730761,2025-11-01,2025-11-01,2025-11-30,mobile,,,2,2025-11-01 00:00:00,u,40
1276,11730761,2025-10-01,2025-10-01,2025-10-31,mobile,,,2,2025-10-01 00:00:00,u,40
1277,11730761,2025-09-01,2025-09-01,2025-09-30,mobile,,,2,2025-09-01 00:00:00,u,40
1278,11730761,2025-08-01,2025-08-01,2025-08-31,mobile,,,2,2025-08-01 00:00:00,u,40
1279,11730761,2025-07-01,2025-07-01,2025-07-31,mobile,,,2,2025-07-01 00:00:00,u,40
1280,11730761,2025-06-01,2025-06-01,2025-06-30,mobile,,,2,2025-06-01 00:00:00,u,40
1281,11730761,2025-05-01,2025-05-01,2025-05-31,mobile,,,2,2025-05-01 00:00:00,u,40
1282,11730761,2025-04-01,2025-04-01,2025-04-30,mobile,,,2,2025-04-01 00:00:00,u,40
1283,11730761,2025-03-01,2025-03-01,2025-03-31,mobile,,,2,2025-03-01 00:00:00,u,40
1284,11730761,2025-02-01,2025-02-01,2025-02-28,mobile,,,2,2025-02-01 00:00:00,u,40
1285,11730761,2025-01-01,2025-01-01,2025-01-31,mobile,,,2,2025-01-01 00:00:00,u,40
1286,11730761,2024-12-01,2024-12-01,2024-12-31,mobile,,,2,2024-12-01 00:00:00,u,40
1287,11730761,2024-11-01,2024-11-01,2024-11-30,mobile,,,2,2024-11-01 00:00:00,u,40
1288,10745717,2025-11-01,2025-11-01,2025-11-30,mobile,,,3,2025-11-01 00:00:00,u,50
1289,10745717,2025-10-01,2025-10-01,2025-10-31,mobile,,,3,2025-10-01 00:00:00,u,50
1290,10745717,2025-09-01,2025-09-01,2025-09-30,mobile,,,3,2025-09-01 00:00:00,u,50
1291,10745717,2025-08-01,2025-08-01,2025-08-31,mobile,,,3,2025-08-01 00:00:00,u,50
1292,10745717,2025-07-01,2025-07-01,2025-07-31,mobile,,,3,2025-07-01 00:00:00,u,50
1293,10745717,2025-06-01,2025-06-01,2025-06-30,mobile,,,3,2025-06-01 00:00:00,u,50
1294,10745717,2025-05-01,2025-05-01,2025-05-31,mobile,,,3,2025-05-01 00:00:00,u,50
1295,10745717,2025-04-01,2025-04-01,2025-04-30,mobile,,,3,2025-04-01 00:00:00,u,50
1296,10745717,2025-03-01,2025-03-01,2025-03-31,mobile,,,3,2025-03-01 00:00:00,u,50
1297,10745717,2025-02-01,2025-02-01,2025-02-28,mobile,,,3,2025-02-01 00:00:00,u,50
1298,10745717,2025-01-01,2025-01-01,2025-01-31,mobile,,,3,2025-01-01 00:00:00,u,50
1299,10745717,2024-12-01,2024-12-01,2024-12-31,mobile,,,3,2024-12-01 00:00:00,u,50
1300,10745717,2024-11-01,2024-11-01,2024-11-30,mobile,,,3,2024-11-01 00:00:00,u,50
