detail_statement_id,statement_id,customer_line_id,statement_date,amount_charged,phone_number,last_modified,_change_request_type
1,1,823269-4,2025-11-01,25,+823269,2025-11-01 00:00:00,u
2,2,823269-4,2025-10-01,25,+823269,2025-10-01 00:00:00,u
3,3,823269-4,2025-09-01,25,+823269,2025-09-01 00:00:00,u
4,4,823269-4,2025-08-01,25,+823269,2025-08-01 00:00:00,u
5,5,823269-4,2025-07-01,25,+823269,2025-07-01 00:00:00,u
6,6,823269-4,2025-06-01,25,+823269,2025-06-01 00:00:00,u
7,7,823269-4,2025-05-01,25,+823269,2025-05-01 00:00:00,u
8,8,823269-4,2025-04-01,25,+823269,2025-04-01 00:00:00,u
9,9,823269-4,2025-03-01,25,+823269,2025-03-01 00:00:00,u
10,10,823269-4,2025-02-01,25,+823269,2025-02-01 00:00:00,u
11,11,823269-4,2025-01-01,25,+823269,2025-01-01 00:00:00,u
12,12,823269-4,2024-12-01,25,+823269,2024-12-01 00:00:00,u
13,13,823269-4,2024-11-01,25,+823269,2024-11-01 00:00:00,u
14,14,489460-3,2025-11-01,40,+489460,2025-11-01 00:00:00,u
15,14,548485-13,2025-11-01,40,+548485,2025-11-01 00:00:00,u
16,15,489460-3,2025-10-01,40,+489460,2025-10-01 00:00:00,u
17,15,548485-13,2025-10-01,40,+548485,2025-10-01 00:00:00,u
18,16,489460-3,2025-09-01,40,+489460,2025-09-01 00:00:00,u
19,16,548485-13,2025-09-01,40,+548485,2025-09-01 00:00:00,u
20,17,489460-3,2025-08-01,40,+489460,2025-08-01 00:00:00,u
21,17,548485-13,2025-08-01,40,+548485,2025-08-01 00:00:00,u
22,18,489460-3,2025-07-01,40,+489460,2025-07-01 00:00:00,u
23,18,548485-13,2025-07-01,40,+548485,2025-07-01 00:00:00,u
24,19,489460-3,2025-06-01,40,+489460,2025-06-01 00:00:00,u
25,19,548485-13,2025-06-01,40,+548485,2025-06-01 00:00:00,u
26,20,489460-3,2025-05-01,40,+489460,2025-05-01 00:00:00,u
27,20,548485-13,2025-05-01,40,+548485,2025-05-01 00:00:00,u
28,21,489460-3,2025-04-01,40,+489460,2025-04-01 00:00:00,u
29,21,548485-13,2025-04-01,40,+548485,2025-04-01 00:00:00,u
30,22,489460-3,2025-03-01,40,+489460,2025-03-01 00:00:00,u
31,22,548485-13,2025-03-01,40,+548485,2025-03-01 00:00:00,u
32,23,489460-3,2025-02-01,40,+489460,2025-02-01 00:00:00,u
33,23,548485-13,2025-02-01,40,+548485,2025-02-01 00:00:00,u
34,24,489460-3,2025-01-01,40,+489460,2025-01-01 00:00:00,u
35,24,548485-13,2025-01-01,40,+548485,2025-01-01 00:00:00,u
36,25,489460-3,2024-12-01,40,+489460,2024-12-01 00:00:00,u
37,25,548485-13,2024-12-01,40,+548485,2024-12-01 00:00:00,u
38,26,489460-3,2024-11-01,40,+489460,2024-11-01 00:00:00,u
39,26,548485-13,2024-11-01,40,+548485,2024-11-01 00:00:00,u
40,27,373313-13,2025-11-01,50,+373313,2025-11-01 00:00:00,u
41,27,542526-10,2025-11-01,50,+542526,2025-11-01 00:00:00,u
42,27,548485-5,2025-11-01,50,+548485,2025-11-01 00:00:00,u
43,28,373313-13,2025-10-01,50,+373313,2025-10-01 00:00:00,u
44,28,542526-10,2025-10-01,50,+542526,2025-10-01 00:00:00,u
45,28,548485-5,2025-10-01,50,+548485,2025-10-01 00:00:00,u
46,29,373313-13,2025-09-01,50,+373313,2025-09-01 00:00:00,u
47,29,542526-10,2025-09-01,50,+542526,2025-09-01 00:00:00,u
48,29,548485-5,2025-09-01,50,+548485,2025-09-01 00:00:00,u
49,30,373313-13,2025-08-01,50,+373313,2025-08-01 00:00:00,u
50,30,542526-10,2025-08-01,50,+542526,2025-08-01 00:00:00,u
51,30,548485-5,2025-08-01,50,+548485,2025-08-01 00:00:00,u
52,31,373313-13,2025-07-01,50,+373313,2025-07-01 00:00:00,u
53,31,542526-10,2025-07-01,50,+542526,2025-07-01 00:00:00,u
54,31,548485-5,2025-07-01,50,+548485,2025-07-01 00:00:00,u
55,32,373313-13,2025-06-01,50,+373313,2025-06-01 00:00:00,u
56,32,542526-10,2025-06-01,50,+542526,2025-06-01 00:00:00,u
57,32,548485-5,2025-06-01,50,+548485,2025-06-01 00:00:00,u
58,33,373313-13,2025-05-01,50,+373313,2025-05-01 00:00:00,u
59,33,542526-10,2025-05-01,50,+542526,2025-05-01 00:00:00,u
60,33,548485-5,2025-05-01,50,+548485,2025-05-01 00:00:00,u
61,34,373313-13,2025-04-01,50,+373313,2025-04-01 00:00:00,u
62,34,542526-10,2025-04-01,50,+542526,2025-04-01 00:00:00,u
63,34,548485-5,2025-04-01,50,+548485,2025-04-01 00:00:00,u
64,35,373313-13,2025-03-01,50,+373313,2025-03-01 00:00:00,u
65,35,542526-10,2025-03-01,50,+542526,2025-03-01 00:00:00,u
66,35,548485-5,2025-03-01,50,+548485,2025-03-01 00:00:00,u
67,36,373313-13,2025-02-01,50,+373313,2025-02-01 00:00:00,u
68,36,542526-10,2025-02-01,50,+542526,2025-02-01 00:00:00,u
69,36,548485-5,2025-02-01,50,+548485,2025-02-01 00:00:00,u
70,37,373313-13,2025-01-01,50,+373313,2025-01-01 00:00:00,u
71,37,542526-10,2025-01-01,50,+542526,2025-01-01 00:00:00,u
72,37,548485-5,2025-01-01,50,+548485,2025-01-01 00:00:00,u
73,38,373313-13,2024-12-01,50,+373313,2024-12-01 00:00:00,u
74,38,542526-10,2024-12-01,50,+542526,2024-12-01 00:00:00,u
75,38,548485-5,2024-12-01,50,+548485,2024-12-01 00:00:00,u
76,39,373313-13,2024-11-01,50,+373313,2024-11-01 00:00:00,u
77,39,542526-10,2024-11-01,50,+542526,2024-11-01 00:00:00,u
78,39,548485-5,2024-11-01,50,+548485,2024-11-01 00:00:00,u
79,40,370981-5,2025-11-01,25,+370981,2025-11-01 00:00:00,u
80,40,420966-13,2025-11-01,25,+420966,2025-11-01 00:00:00,u
81,40,786319-9,2025-11-01,25,+786319,2025-11-01 00:00:00,u
82,41,370981-5,2025-10-01,25,+370981,2025-10-01 00:00:00,u
83,41,420966-13,2025-10-01,25,+420966,2025-10-01 00:00:00,u
84,41,786319-9,2025-10-01,25,+786319,2025-10-01 00:00:00,u
85,42,370981-5,2025-09-01,25,+370981,2025-09-01 00:00:00,u
86,42,420966-13,2025-09-01,25,+420966,2025-09-01 00:00:00,u
87,42,786319-9,2025-09-01,25,+786319,2025-09-01 00:00:00,u
88,43,370981-5,2025-08-01,25,+370981,2025-08-01 00:00:00,u
89,43,420966-13,2025-08-01,25,+420966,2025-08-01 00:00:00,u
90,43,786319-9,2025-08-01,25,+786319,2025-08-01 00:00:00,u
91,44,370981-5,2025-07-01,25,+370981,2025-07-01 00:00:00,u
92,44,420966-13,2025-07-01,25,+420966,2025-07-01 00:00:00,u
93,44,786319-9,2025-07-01,25,+786319,2025-07-01 00:00:00,u
94,45,370981-5,2025-06-01,25,+370981,2025-06-01 00:00:00,u
95,45,420966-13,2025-06-01,25,+420966,2025-06-01 00:00:00,u
96,45,786319-9,2025-06-01,25,+786319,2025-06-01 00:00:00,u
97,46,370981-5,2025-05-01,25,+370981,2025-05-01 00:00:00,u
98,46,420966-13,2025-05-01,25,+420966,2025-05-01 00:00:00,u
99,46,786319-9,2025-05-01,25,+786319,2025-05-01 00:00:00,u
100,47,370981-5,2025-04-01,25,+370981,2025-04-01 00:00:00,u
101,47,420966-13,2025-04-01,25,+420966,2025-04-01 00:00:00,u
102,47,786319-9,2025-04-01,25,+786319,2025-04-01 00:00:00,u
103,48,370981-5,2025-03-01,25,+370981,2025-03-01 00:00:00,u
104,48,420966-13,2025-03-01,25,+420966,2025-03-01 00:00:00,u
105,48,786319-9,2025-03-01,25,+786319,2025-03-01 00:00:00,u
106,49,370981-5,2025-02-01,25,+370981,2025-02-01 00:00:00,u
107,49,420966-13,2025-02-01,25,+420966,2025-02-01 00:00:00,u
108,49,786319-9,2025-02-01,25,+786319,2025-02-01 00:00:00,u
109,50,370981-5,2025-01-01,25,+370981,2025-01-01 00:00:00,u
110,50,420966-13,2025-01-01,25,+420966,2025-01-01 00:00:00,u
111,50,786319-9,2025-01-01,25,+786319,2025-01-01 00:00:00,u
112,51,370981-5,2024-12-01,25,+370981,2024-12-01 00:00:00,u
113,51,420966-13,2024-12-01,25,+420966,2024-12-01 00:00:00,u
114,51,786319-9,2024-12-01,25,+786319,2024-12-01 00:00:00,u
115,52,370981-5,2024-11-01,25,+370981,2024-11-01 00:00:00,u
116,52,420966-13,2024-11-01,25,+420966,2024-11-01 00:00:00,u
117,52,786319-9,2024-11-01,25,+786319,2024-11-01 00:00:00,u
118,53,358692-7,2025-11-01,40,+358692,2025-11-01 00:00:00,u
119,53,373313-1,2025-11-01,40,+373313,2025-11-01 00:00:00,u
120,53,435401-13,2025-11-01,40,+435401,2025-11-01 00:00:00,u
121,54,358692-7,2025-10-01,40,+358692,2025-10-01 00:00:00,u
122,54,373313-1,2025-10-01,40,+373313,2025-10-01 00:00:00,u
123,54,435401-13,2025-10-01,40,+435401,2025-10-01 00:00:00,u
124,55,358692-7,2025-09-01,40,+358692,2025-09-01 00:00:00,u
125,55,373313-1,2025-09-01,40,+373313,2025-09-01 00:00:00,u
126,55,435401-13,2025-09-01,40,+435401,2025-09-01 00:00:00,u
127,56,358692-7,2025-08-01,40,+358692,2025-08-01 00:00:00,u
128,56,373313-1,2025-08-01,40,+373313,2025-08-01 00:00:00,u
129,56,435401-13,2025-08-01,40,+435401,2025-08-01 00:00:00,u
130,57,358692-7,2025-07-01,40,+358692,2025-07-01 00:00:00,u
131,57,373313-1,2025-07-01,40,+373313,2025-07-01 00:00:00,u
132,57,435401-13,2025-07-01,40,+435401,2025-07-01 00:00:00,u
133,58,358692-7,2025-06-01,40,+358692,2025-06-01 00:00:00,u
134,58,373313-1,2025-06-01,40,+373313,2025-06-01 00:00:00,u
135,58,435401-13,2025-06-01,40,+435401,2025-06-01 00:00:00,u
136,59,358692-7,2025-05-01,40,+358692,2025-05-01 00:00:00,u
137,59,373313-1,2025-05-01,40,+373313,2025-05-01 00:00:00,u
138,59,435401-13,2025-05-01,40,+435401,2025-05-01 00:00:00,u
139,60,358692-7,2025-04-01,40,+358692,2025-04-01 00:00:00,u
140,60,373313-1,2025-04-01,40,+373313,2025-04-01 00:00:00,u
141,60,435401-13,2025-04-01,40,+435401,2025-04-01 00:00:00,u
142,61,358692-7,2025-03-01,40,+358692,2025-03-01 00:00:00,u
143,61,373313-1,2025-03-01,40,+373313,2025-03-01 00:00:00,u
144,61,435401-13,2025-03-01,40,+435401,2025-03-01 00:00:00,u
145,62,358692-7,2025-02-01,40,+358692,2025-02-01 00:00:00,u
146,62,373313-1,2025-02-01,40,+373313,2025-02-01 00:00:00,u
147,62,435401-13,2025-02-01,40,+435401,2025-02-01 00:00:00,u
148,63,358692-7,2025-01-01,40,+358692,2025-01-01 00:00:00,u
149,63,373313-1,2025-01-01,40,+373313,2025-01-01 00:00:00,u
150,63,435401-13,2025-01-01,40,+435401,2025-01-01 00:00:00,u
151,64,358692-7,2024-12-01,40,+358692,2024-12-01 00:00:00,u
152,64,373313-1,2024-12-01,40,+373313,2024-12-01 00:00:00,u
153,64,435401-13,2024-12-01,40,+435401,2024-12-01 00:00:00,u
154,65,358692-7,2024-11-01,40,+358692,2024-11-01 00:00:00,u
155,65,373313-1,2024-11-01,40,+373313,2024-11-01 00:00:00,u
156,65,435401-13,2024-11-01,40,+435401,2024-11-01 00:00:00,u
157,66,542526-12,2025-11-01,50,+542526,2025-11-01 00:00:00,u
158,67,542526-12,2025-10-01,50,+542526,2025-10-01 00:00:00,u
159,68,542526-12,2025-09-01,50,+542526,2025-09-01 00:00:00,u
160,69,542526-12,2025-08-01,50,+542526,2025-08-01 00:00:00,u
161,70,542526-12,2025-07-01,50,+542526,2025-07-01 00:00:00,u
162,71,542526-12,2025-06-01,50,+542526,2025-06-01 00:00:00,u
163,72,542526-12,2025-05-01,50,+542526,2025-05-01 00:00:00,u
164,73,542526-12,2025-04-01,50,+542526,2025-04-01 00:00:00,u
165,74,542526-12,2025-03-01,50,+542526,2025-03-01 00:00:00,u
166,75,542526-12,2025-02-01,50,+542526,2025-02-01 00:00:00,u
167,76,542526-12,2025-01-01,50,+542526,2025-01-01 00:00:00,u
168,77,542526-12,2024-12-01,50,+542526,2024-12-01 00:00:00,u
169,78,542526-12,2024-11-01,50,+542526,2024-11-01 00:00:00,u
170,79,370202-5,2025-11-01,50,+370202,2025-11-01 00:00:00,u
171,79,380208-12,2025-11-01,50,+380208,2025-11-01 00:00:00,u
172,79,910709-9,2025-11-01,50,+910709,2025-11-01 00:00:00,u
173,79,918328-3,2025-11-01,50,+918328,2025-11-01 00:00:00,u
174,80,370202-5,2025-10-01,50,+370202,2025-10-01 00:00:00,u
175,80,380208-12,2025-10-01,50,+380208,2025-10-01 00:00:00,u
176,80,910709-9,2025-10-01,50,+910709,2025-10-01 00:00:00,u
177,80,918328-3,2025-10-01,50,+918328,2025-10-01 00:00:00,u
178,81,370202-5,2025-09-01,50,+370202,2025-09-01 00:00:00,u
179,81,380208-12,2025-09-01,50,+380208,2025-09-01 00:00:00,u
180,81,910709-9,2025-09-01,50,+910709,2025-09-01 00:00:00,u
181,81,918328-3,2025-09-01,50,+918328,2025-09-01 00:00:00,u
182,82,370202-5,2025-08-01,50,+370202,2025-08-01 00:00:00,u
183,82,380208-12,2025-08-01,50,+380208,2025-08-01 00:00:00,u
184,82,910709-9,2025-08-01,50,+910709,2025-08-01 00:00:00,u
185,82,918328-3,2025-08-01,50,+918328,2025-08-01 00:00:00,u
186,83,370202-5,2025-07-01,50,+370202,2025-07-01 00:00:00,u
187,83,380208-12,2025-07-01,50,+380208,2025-07-01 00:00:00,u
188,83,910709-9,2025-07-01,50,+910709,2025-07-01 00:00:00,u
189,83,918328-3,2025-07-01,50,+918328,2025-07-01 00:00:00,u
190,84,370202-5,2025-06-01,50,+370202,2025-06-01 00:00:00,u
191,84,380208-12,2025-06-01,50,+380208,2025-06-01 00:00:00,u
192,84,910709-9,2025-06-01,50,+910709,2025-06-01 00:00:00,u
193,84,918328-3,2025-06-01,50,+918328,2025-06-01 00:00:00,u
194,85,370202-5,2025-05-01,50,+370202,2025-05-01 00:00:00,u
195,85,380208-12,2025-05-01,50,+380208,2025-05-01 00:00:00,u
196,85,910709-9,2025-05-01,50,+910709,2025-05-01 00:00:00,u
197,85,918328-3,2025-05-01,50,+918328,2025-05-01 00:00:00,u
198,86,370202-5,2025-04-01,50,+370202,2025-04-01 00:00:00,u
199,86,380208-12,2025-04-01,50,+380208,2025-04-01 00:00:00,u
200,86,910709-9,2025-04-01,50,+910709,2025-04-01 00:00:00,u
201,86,918328-3,2025-04-01,50,+918328,2025-04-01 00:00:00,u
202,87,370202-5,2025-03-01,50,+370202,2025-03-01 00:00:00,u
203,87,380208-12,2025-03-01,50,+380208,2025-03-01 00:00:00,u
204,87,910709-9,2025-03-01,50,+910709,2025-03-01 00:00:00,u
205,87,918328-3,2025-03-01,50,+918328,2025-03-01 00:00:00,u
206,88,370202-5,2025-02-01,50,+370202,2025-02-01 00:00:00,u
207,88,380208-12,2025-02-01,50,+380208,2025-02-01 00:00:00,u
208,88,910709-9,2025-02-01,50,+910709,2025-02-01 00:00:00,u
209,88,918328-3,2025-02-01,50,+918328,2025-02-01 00:00:00,u
210,89,370202-5,2025-01-01,50,+370202,2025-01-01 00:00:00,u
211,89,380208-12,2025-01-01,50,+380208,2025-01-01 00:00:00,u
212,89,910709-9,2025-01-01,50,+910709,2025-01-01 00:00:00,u
213,89,918328-3,2025-01-01,50,+918328,2025-01-01 00:00:00,u
214,90,370202-5,2024-12-01,50,+370202,2024-12-01 00:00:00,u
215,90,380208-12,2024-12-01,50,+380208,2024-12-01 00:00:00,u
216,90,910709-9,2024-12-01,50,+910709,2024-12-01 00:00:00,u
217,90,918328-3,2024-12-01,50,+918328,2024-12-01 00:00:00,u
218,91,370202-5,2024-11-01,50,+370202,2024-11-01 00:00:00,u
219,91,380208-12,2024-11-01,50,+380208,2024-11-01 00:00:00,u
220,91,910709-9,2024-11-01,50,+910709,2024-11-01 00:00:00,u
221,91,918328-3,2024-11-01,50,+918328,2024-11-01 00:00:00,u
222,92,513678-10,2025-11-01,25,+513678,2025-11-01 00:00:00,u
223,92,656504-6,2025-11-01,25,+656504,2025-11-01 00:00:00,u
224,92,971346-3,2025-11-01,25,+971346,2025-11-01 00:00:00,u
225,93,513678-10,2025-10-01,25,+513678,2025-10-01 00:00:00,u
226,93,656504-6,2025-10-01,25,+656504,2025-10-01 00:00:00,u
227,93,971346-3,2025-10-01,25,+971346,2025-10-01 00:00:00,u
228,94,513678-10,2025-09-01,25,+513678,2025-09-01 00:00:00,u
229,94,656504-6,2025-09-01,25,+656504,2025-09-01 00:00:00,u
230,94,971346-3,2025-09-01,25,+971346,2025-09-01 00:00:00,u
231,95,513678-10,2025-08-01,25,+513678,2025-08-01 00:00:00,u
232,95,656504-6,2025-08-01,25,+656504,2025-08-01 00:00:00,u
233,95,971346-3,2025-08-01,25,+971346,2025-08-01 00:00:00,u
234,96,513678-10,2025-07-01,25,+513678,2025-07-01 00:00:00,u
235,96,656504-6,2025-07-01,25,+656504,2025-07-01 00:00:00,u
236,96,971346-3,2025-07-01,25,+971346,2025-07-01 00:00:00,u
237,97,513678-10,2025-06-01,25,+513678,2025-06-01 00:00:00,u
238,97,656504-6,2025-06-01,25,+656504,2025-06-01 00:00:00,u
239,97,971346-3,2025-06-01,25,+971346,2025-06-01 00:00:00,u
240,98,513678-10,2025-05-01,25,+513678,2025-05-01 00:00:00,u
241,98,656504-6,2025-05-01,25,+656504,2025-05-01 00:00:00,u
242,98,971346-3,2025-05-01,25,+971346,2025-05-01 00:00:00,u
243,99,513678-10,2025-04-01,25,+513678,2025-04-01 00:00:00,u
244,99,656504-6,2025-04-01,25,+656504,2025-04-01 00:00:00,u
245,99,971346-3,2025-04-01,25,+971346,2025-04-01 00:00:00,u
246,100,513678-10,2025-03-01,25,+513678,2025-03-01 00:00:00,u
247,100,656504-6,2025-03-01,25,+656504,2025-03-01 00:00:00,u
248,100,971346-3,2025-03-01,25,+971346,2025-03-01 00:00:00,u
249,101,513678-10,2025-02-01,25,+513678,2025-02-01 00:00:00,u
250,101,656504-6,2025-02-01,25,+656504,2025-02-01 00:00:00,u
251,101,971346-3,2025-02-01,25,+971346,2025-02-01 00:00:00,u
252,102,513678-10,2025-01-01,25,+513678,2025-01-01 00:00:00,u
253,102,656504-6,2025-01-01,25,+656504,2025-01-01 00:00:00,u
254,102,971346-3,2025-01-01,25,+971346,2025-01-01 00:00:00,u
255,103,513678-10,2024-12-01,25,+513678,2024-12-01 00:00:00,u
256,103,656504-6,2024-12-01,25,+656504,2024-12-01 00:00:00,u
257,103,971346-3,2024-12-01,25,+971346,2024-12-01 00:00:00,u
258,104,513678-10,2024-11-01,25,+513678,2024-11-01 00:00:00,u
259,104,656504-6,2024-11-01,25,+656504,2024-11-01 00:00:00,u
260,104,971346-3,2024-11-01,25,+971346,2024-11-01 00:00:00,u
261,105,420966-10,2025-11-01,40,+420966,2025-11-01 00:00:00,u
262,106,420966-10,2025-10-01,40,+420966,2025-10-01 00:00:00,u
263,107,420966-10,2025-09-01,40,+420966,2025-09-01 00:00:00,u
264,108,420966-10,2025-08-01,40,+420966,2025-08-01 00:00:00,u
265,109,420966-10,2025-07-01,40,+420966,2025-07-01 00:00:00,u
266,110,420966-10,2025-06-01,40,+420966,2025-06-01 00:00:00,u
267,111,420966-10,2025-05-01,40,+420966,2025-05-01 00:00:00,u
268,112,420966-10,2025-04-01,40,+420966,2025-04-01 00:00:00,u
269,113,420966-10,2025-03-01,40,+420966,2025-03-01 00:00:00,u
270,114,420966-10,2025-02-01,40,+420966,2025-02-01 00:00:00,u
271,115,420966-10,2025-01-01,40,+420966,2025-01-01 00:00:00,u
272,116,420966-10,2024-12-01,40,+420966,2024-12-01 00:00:00,u
273,117,420966-10,2024-11-01,40,+420966,2024-11-01 00:00:00,u
274,118,120617-8,2025-11-01,25,+120617,2025-11-01 00:00:00,u
275,118,213699-12,2025-11-01,25,+213699,2025-11-01 00:00:00,u
276,118,786319-5,2025-11-01,25,+786319,2025-11-01 00:00:00,u
277,119,120617-8,2025-10-01,25,+120617,2025-10-01 00:00:00,u
278,119,213699-12,2025-10-01,25,+213699,2025-10-01 00:00:00,u
279,119,786319-5,2025-10-01,25,+786319,2025-10-01 00:00:00,u
280,120,120617-8,2025-09-01,25,+120617,2025-09-01 00:00:00,u
281,120,213699-12,2025-09-01,25,+213699,2025-09-01 00:00:00,u
282,120,786319-5,2025-09-01,25,+786319,2025-09-01 00:00:00,u
283,121,120617-8,2025-08-01,25,+120617,2025-08-01 00:00:00,u
284,121,213699-12,2025-08-01,25,+213699,2025-08-01 00:00:00,u
285,121,786319-5,2025-08-01,25,+786319,2025-08-01 00:00:00,u
286,122,120617-8,2025-07-01,25,+120617,2025-07-01 00:00:00,u
287,122,213699-12,2025-07-01,25,+213699,2025-07-01 00:00:00,u
288,122,786319-5,2025-07-01,25,+786319,2025-07-01 00:00:00,u
289,123,120617-8,2025-06-01,25,+120617,2025-06-01 00:00:00,u
290,123,213699-12,2025-06-01,25,+213699,2025-06-01 00:00:00,u
291,123,786319-5,2025-06-01,25,+786319,2025-06-01 00:00:00,u
292,124,120617-8,2025-05-01,25,+120617,2025-05-01 00:00:00,u
293,124,213699-12,2025-05-01,25,+213699,2025-05-01 00:00:00,u
294,124,786319-5,2025-05-01,25,+786319,2025-05-01 00:00:00,u
295,125,120617-8,2025-04-01,25,+120617,2025-04-01 00:00:00,u
296,125,213699-12,2025-04-01,25,+213699,2025-04-01 00:00:00,u
297,125,786319-5,2025-04-01,25,+786319,2025-04-01 00:00:00,u
298,126,120617-8,2025-03-01,25,+120617,2025-03-01 00:00:00,u
299,126,213699-12,2025-03-01,25,+213699,2025-03-01 00:00:00,u
300,126,786319-5,2025-03-01,25,+786319,2025-03-01 00:00:00,u
301,127,120617-8,2025-02-01,25,+120617,2025-02-01 00:00:00,u
302,127,213699-12,2025-02-01,25,+213699,2025-02-01 00:00:00,u
303,127,786319-5,2025-02-01,25,+786319,2025-02-01 00:00:00,u
304,128,120617-8,2025-01-01,25,+120617,2025-01-01 00:00:00,u
305,128,213699-12,2025-01-01,25,+213699,2025-01-01 00:00:00,u
306,128,786319-5,2025-01-01,25,+786319,2025-01-01 00:00:00,u
307,129,120617-8,2024-12-01,25,+120617,2024-12-01 00:00:00,u
308,129,213699-12,2024-12-01,25,+213699,2024-12-01 00:00:00,u
309,129,786319-5,2024-12-01,25,+786319,2024-12-01 00:00:00,u
310,130,120617-8,2024-11-01,25,+120617,2024-11-01 00:00:00,u
311,130,213699-12,2024-11-01,25,+213699,2024-11-01 00:00:00,u
312,130,786319-5,2024-11-01,25,+786319,2024-11-01 00:00:00,u
313,131,170415-13,2025-11-01,40,+170415,2025-11-01 00:00:00,u
314,131,908107-12,2025-11-01,40,+908107,2025-11-01 00:00:00,u
315,131,915232-11,2025-11-01,40,+915232,2025-11-01 00:00:00,u
316,131,915683-14,2025-11-01,40,+915683,2025-11-01 00:00:00,u
317,132,170415-13,2025-10-01,40,+170415,2025-10-01 00:00:00,u
318,132,908107-12,2025-10-01,40,+908107,2025-10-01 00:00:00,u
319,132,915232-11,2025-10-01,40,+915232,2025-10-01 00:00:00,u
320,132,915683-14,2025-10-01,40,+915683,2025-10-01 00:00:00,u
321,133,170415-13,2025-09-01,40,+170415,2025-09-01 00:00:00,u
322,133,908107-12,2025-09-01,40,+908107,2025-09-01 00:00:00,u
323,133,915232-11,2025-09-01,40,+915232,2025-09-01 00:00:00,u
324,133,915683-14,2025-09-01,40,+915683,2025-09-01 00:00:00,u
325,134,170415-13,2025-08-01,40,+170415,2025-08-01 00:00:00,u
326,134,908107-12,2025-08-01,40,+908107,2025-08-01 00:00:00,u
327,134,915232-11,2025-08-01,40,+915232,2025-08-01 00:00:00,u
328,134,915683-14,2025-08-01,40,+915683,2025-08-01 00:00:00,u
329,135,170415-13,2025-07-01,40,+170415,2025-07-01 00:00:00,u
330,135,908107-12,2025-07-01,40,+908107,2025-07-01 00:00:00,u
331,135,915232-11,2025-07-01,40,+915232,2025-07-01 00:00:00,u
332,135,915683-14,2025-07-01,40,+915683,2025-07-01 00:00:00,u
333,136,170415-13,2025-06-01,40,+170415,2025-06-01 00:00:00,u
334,136,908107-12,2025-06-01,40,+908107,2025-06-01 00:00:00,u
335,136,915232-11,2025-06-01,40,+915232,2025-06-01 00:00:00,u
336,136,915683-14,2025-06-01,40,+915683,2025-06-01 00:00:00,u
337,137,170415-13,2025-05-01,40,+170415,2025-05-01 00:00:00,u
338,137,908107-12,2025-05-01,40,+908107,2025-05-01 00:00:00,u
339,137,915232-11,2025-05-01,40,+915232,2025-05-01 00:00:00,u
340,137,915683-14,2025-05-01,40,+915683,2025-05-01 00:00:00,u
341,138,170415-13,2025-04-01,40,+170415,2025-04-01 00:00:00,u
342,138,908107-12,2025-04-01,40,+908107,2025-04-01 00:00:00,u
343,138,915232-11,2025-04-01,40,+915232,2025-04-01 00:00:00,u
344,138,915683-14,2025-04-01,40,+915683,2025-04-01 00:00:00,u
345,139,170415-13,2025-03-01,40,+170415,2025-03-01 00:00:00,u
346,139,908107-12,2025-03-01,40,+908107,2025-03-01 00:00:00,u
347,139,915232-11,2025-03-01,40,+915232,2025-03-01 00:00:00,u
348,139,915683-14,2025-03-01,40,+915683,2025-03-01 00:00:00,u
349,140,170415-13,2025-02-01,40,+170415,2025-02-01 00:00:00,u
350,140,908107-12,2025-02-01,40,+908107,2025-02-01 00:00:00,u
351,140,915232-11,2025-02-01,40,+915232,2025-02-01 00:00:00,u
352,140,915683-14,2025-02-01,40,+915683,2025-02-01 00:00:00,u
353,141,170415-13,2025-01-01,40,+170415,2025-01-01 00:00:00,u
354,141,908107-12,2025-01-01,40,+908107,2025-01-01 00:00:00,u
355,141,915232-11,2025-01-01,40,+915232,2025-01-01 00:00:00,u
356,141,915683-14,2025-01-01,40,+915683,2025-01-01 00:00:00,u
357,142,170415-13,2024-12-01,40,+170415,2024-12-01 00:00:00,u
358,142,908107-12,2024-12-01,40,+908107,2024-12-01 00:00:00,u
359,142,915232-11,2024-12-01,40,+915232,2024-12-01 00:00:00,u
360,142,915683-14,2024-12-01,40,+915683,2024-12-01 00:00:00,u
361,143,170415-13,2024-11-01,40,+170415,2024-11-01 00:00:00,u
362,143,908107-12,2024-11-01,40,+908107,2024-11-01 00:00:00,u
363,143,915232-11,2024-11-01,40,+915232,2024-11-01 00:00:00,u
364,143,915683-14,2024-11-01,40,+915683,2024-11-01 00:00:00,u
365,144,902635-7,2025-11-01,50,+902635,2025-11-01 00:00:00,u
366,144,908691-4,2025-11-01,50,+908691,2025-11-01 00:00:00,u
367,145,902635-7,2025-10-01,50,+902635,2025-10-01 00:00:00,u
368,145,908691-4,2025-10-01,50,+908691,2025-10-01 00:00:00,u
369,146,902635-7,2025-09-01,50,+902635,2025-09-01 00:00:00,u
370,146,908691-4,2025-09-01,50,+908691,2025-09-01 00:00:00,u
371,147,902635-7,2025-08-01,50,+902635,2025-08-01 00:00:00,u
372,147,908691-4,2025-08-01,50,+908691,2025-08-01 00:00:00,u
373,148,902635-7,2025-07-01,50,+902635,2025-07-01 00:00:00,u
374,148,908691-4,2025-07-01,50,+908691,2025-07-01 00:00:00,u
375,149,902635-7,2025-06-01,50,+902635,2025-06-01 00:00:00,u
376,149,908691-4,2025-06-01,50,+908691,2025-06-01 00:00:00,u
377,150,902635-7,2025-05-01,50,+902635,2025-05-01 00:00:00,u
378,150,908691-4,2025-05-01,50,+908691,2025-05-01 00:00:00,u
379,151,902635-7,2025-04-01,50,+902635,2025-04-01 00:00:00,u
380,151,908691-4,2025-04-01,50,+908691,2025-04-01 00:00:00,u
381,152,902635-7,2025-03-01,50,+902635,2025-03-01 00:00:00,u
382,152,908691-4,2025-03-01,50,+908691,2025-03-01 00:00:00,u
383,153,902635-7,2025-02-01,50,+902635,2025-02-01 00:00:00,u
384,153,908691-4,2025-02-01,50,+908691,2025-02-01 00:00:00,u
385,154,902635-7,2025-01-01,50,+902635,2025-01-01 00:00:00,u
386,154,908691-4,2025-01-01,50,+908691,2025-01-01 00:00:00,u
387,155,902635-7,2024-12-01,50,+902635,2024-12-01 00:00:00,u
388,155,908691-4,2024-12-01,50,+908691,2024-12-01 00:00:00,u
389,156,902635-7,2024-11-01,50,+902635,2024-11-01 00:00:00,u
390,156,908691-4,2024-11-01,50,+908691,2024-11-01 00:00:00,u
391,157,435401-6,2025-11-01,50,+435401,2025-11-01 00:00:00,u
392,157,860759-11,2025-11-01,50,+860759,2025-11-01 00:00:00,u
393,157,902708-10,2025-11-01,50,+902708,2025-11-01 00:00:00,u
394,157,918686-1,2025-11-01,50,+918686,2025-11-01 00:00:00,u
395,158,435401-6,2025-10-01,50,+435401,2025-10-01 00:00:00,u
396,158,860759-11,2025-10-01,50,+860759,2025-10-01 00:00:00,u
397,158,902708-10,2025-10-01,50,+902708,2025-10-01 00:00:00,u
398,158,918686-1,2025-10-01,50,+918686,2025-10-01 00:00:00,u
399,159,435401-6,2025-09-01,50,+435401,2025-09-01 00:00:00,u
400,159,860759-11,2025-09-01,50,+860759,2025-09-01 00:00:00,u
401,159,902708-10,2025-09-01,50,+902708,2025-09-01 00:00:00,u
402,159,918686-1,2025-09-01,50,+918686,2025-09-01 00:00:00,u
403,160,435401-6,2025-08-01,50,+435401,2025-08-01 00:00:00,u
404,160,860759-11,2025-08-01,50,+860759,2025-08-01 00:00:00,u
405,160,902708-10,2025-08-01,50,+902708,2025-08-01 00:00:00,u
406,160,918686-1,2025-08-01,50,+918686,2025-08-01 00:00:00,u
407,161,435401-6,2025-07-01,50,+435401,2025-07-01 00:00:00,u
408,161,860759-11,2025-07-01,50,+860759,2025-07-01 00:00:00,u
409,161,902708-10,2025-07-01,50,+902708,2025-07-01 00:00:00,u
410,161,918686-1,2025-07-01,50,+918686,2025-07-01 00:00:00,u
411,162,435401-6,2025-06-01,50,+435401,2025-06-01 00:00:00,u
412,162,860759-11,2025-06-01,50,+860759,2025-06-01 00:00:00,u
413,162,902708-10,2025-06-01,50,+902708,2025-06-01 00:00:00,u
414,162,918686-1,2025-06-01,50,+918686,2025-06-01 00:00:00,u
415,163,435401-6,2025-05-01,50,+435401,2025-05-01 00:00:00,u
416,163,860759-11,2025-05-01,50,+860759,2025-05-01 00:00:00,u
417,163,902708-10,2025-05-01,50,+902708,2025-05-01 00:00:00,u
418,163,918686-1,2025-05-01,50,+918686,2025-05-01 00:00:00,u
419,164,435401-6,2025-04-01,50,+435401,2025-04-01 00:00:00,u
420,164,860759-11,2025-04-01,50,+860759,2025-04-01 00:00:00,u
421,164,902708-10,2025-04-01,50,+902708,2025-04-01 00:00:00,u
422,164,918686-1,2025-04-01,50,+918686,2025-04-01 00:00:00,u
423,165,435401-6,2025-03-01,50,+435401,2025-03-01 00:00:00,u
424,165,860759-11,2025-03-01,50,+860759,2025-03-01 00:00:00,u
425,165,902708-10,2025-03-01,50,+902708,2025-03-01 00:00:00,u
426,165,918686-1,2025-03-01,50,+918686,2025-03-01 00:00:00,u
427,166,435401-6,2025-02-01,50,+435401,2025-02-01 00:00:00,u
428,166,860759-11,2025-02-01,50,+860759,2025-02-01 00:00:00,u
429,166,902708-10,2025-02-01,50,+902708,2025-02-01 00:00:00,u
430,166,918686-1,2025-02-01,50,+918686,2025-02-01 00:00:00,u
431,167,435401-6,2025-01-01,50,+435401,2025-01-01 00:00:00,u
432,167,860759-11,2025-01-01,50,+860759,2025-01-01 00:00:00,u
433,167,902708-10,2025-01-01,50,+902708,2025-01-01 00:00:00,u
434,167,918686-1,2025-01-01,50,+918686,2025-01-01 00:00:00,u
435,168,435401-6,2024-12-01,50,+435401,2024-12-01 00:00:00,u
436,168,860759-11,2024-12-01,50,+860759,2024-12-01 00:00:00,u
437,168,902708-10,2024-12-01,50,+902708,2024-12-01 00:00:00,u
438,168,918686-1,2024-12-01,50,+918686,2024-12-01 00:00:00,u
439,169,435401-6,2024-11-01,50,+435401,2024-11-01 00:00:00,u
440,169,860759-11,2024-11-01,50,+860759,2024-11-01 00:00:00,u
441,169,902708-10,2024-11-01,50,+902708,2024-11-01 00:00:00,u
442,169,918686-1,2024-11-01,50,+918686,2024-11-01 00:00:00,u
443,170,358692-6,2025-11-01,25,+358692,2025-11-01 00:00:00,u
444,171,358692-6,2025-10-01,25,+358692,2025-10-01 00:00:00,u
445,172,358692-6,2025-09-01,25,+358692,2025-09-01 00:00:00,u
446,173,358692-6,2025-08-01,25,+358692,2025-08-01 00:00:00,u
447,174,358692-6,2025-07-01,25,+358692,2025-07-01 00:00:00,u
448,175,358692-6,2025-06-01,25,+358692,2025-06-01 00:00:00,u
449,176,358692-6,2025-05-01,25,+358692,2025-05-01 00:00:00,u
450,177,358692-6,2025-04-01,25,+358692,2025-04-01 00:00:00,u
451,178,358692-6,2025-03-01,25,+358692,2025-03-01 00:00:00,u
452,179,358692-6,2025-02-01,25,+358692,2025-02-01 00:00:00,u
453,180,358692-6,2025-01-01,25,+358692,2025-01-01 00:00:00,u
454,181,358692-6,2024-12-01,25,+358692,2024-12-01 00:00:00,u
455,182,358692-6,2024-11-01,25,+358692,2024-11-01 00:00:00,u
456,183,446767-7,2025-11-01,40,+446767,2025-11-01 00:00:00,u
457,183,513383-10,2025-11-01,40,+513383,2025-11-01 00:00:00,u
458,183,598007-9,2025-11-01,40,+598007,2025-11-01 00:00:00,u
459,184,446767-7,2025-10-01,40,+446767,2025-10-01 00:00:00,u
460,184,513383-10,2025-10-01,40,+513383,2025-10-01 00:00:00,u
461,184,598007-9,2025-10-01,40,+598007,2025-10-01 00:00:00,u
462,185,446767-7,2025-09-01,40,+446767,2025-09-01 00:00:00,u
463,185,513383-10,2025-09-01,40,+513383,2025-09-01 00:00:00,u
464,185,598007-9,2025-09-01,40,+598007,2025-09-01 00:00:00,u
465,186,446767-7,2025-08-01,40,+446767,2025-08-01 00:00:00,u
466,186,513383-10,2025-08-01,40,+513383,2025-08-01 00:00:00,u
467,186,598007-9,2025-08-01,40,+598007,2025-08-01 00:00:00,u
468,187,446767-7,2025-07-01,40,+446767,2025-07-01 00:00:00,u
469,187,513383-10,2025-07-01,40,+513383,2025-07-01 00:00:00,u
470,187,598007-9,2025-07-01,40,+598007,2025-07-01 00:00:00,u
471,188,446767-7,2025-06-01,40,+446767,2025-06-01 00:00:00,u
472,188,513383-10,2025-06-01,40,+513383,2025-06-01 00:00:00,u
473,188,598007-9,2025-06-01,40,+598007,2025-06-01 00:00:00,u
474,189,446767-7,2025-05-01,40,+446767,2025-05-01 00:00:00,u
475,189,513383-10,2025-05-01,40,+513383,2025-05-01 00:00:00,u
476,189,598007-9,2025-05-01,40,+598007,2025-05-01 00:00:00,u
477,190,446767-7,2025-04-01,40,+446767,2025-04-01 00:00:00,u
478,190,513383-10,2025-04-01,40,+513383,2025-04-01 00:00:00,u
479,190,598007-9,2025-04-01,40,+598007,2025-04-01 00:00:00,u
480,191,446767-7,2025-03-01,40,+446767,2025-03-01 00:00:00,u
481,191,513383-10,2025-03-01,40,+513383,2025-03-01 00:00:00,u
482,191,598007-9,2025-03-01,40,+598007,2025-03-01 00:00:00,u
483,192,446767-7,2025-02-01,40,+446767,2025-02-01 00:00:00,u
484,192,513383-10,2025-02-01,40,+513383,2025-02-01 00:00:00,u
485,192,598007-9,2025-02-01,40,+598007,2025-02-01 00:00:00,u
486,193,446767-7,2025-01-01,40,+446767,2025-01-01 00:00:00,u
487,193,513383-10,2025-01-01,40,+513383,2025-01-01 00:00:00,u
488,193,598007-9,2025-01-01,40,+598007,2025-01-01 00:00:00,u
489,194,446767-7,2024-12-01,40,+446767,2024-12-01 00:00:00,u
490,194,513383-10,2024-12-01,40,+513383,2024-12-01 00:00:00,u
491,194,598007-9,2024-12-01,40,+598007,2024-12-01 00:00:00,u
492,195,446767-7,2024-11-01,40,+446767,2024-11-01 00:00:00,u
493,195,513383-10,2024-11-01,40,+513383,2024-11-01 00:00:00,u
494,195,598007-9,2024-11-01,40,+598007,2024-11-01 00:00:00,u
495,196,971304-1,2025-11-01,25,+971304,2025-11-01 00:00:00,u
496,197,971304-1,2025-10-01,25,+971304,2025-10-01 00:00:00,u
497,198,971304-1,2025-09-01,25,+971304,2025-09-01 00:00:00,u
498,199,971304-1,2025-08-01,25,+971304,2025-08-01 00:00:00,u
499,200,971304-1,2025-07-01,25,+971304,2025-07-01 00:00:00,u
500,201,971304-1,2025-06-01,25,+971304,2025-06-01 00:00:00,u
501,202,971304-1,2025-05-01,25,+971304,2025-05-01 00:00:00,u
502,203,971304-1,2025-04-01,25,+971304,2025-04-01 00:00:00,u
503,204,971304-1,2025-03-01,25,+971304,2025-03-01 00:00:00,u
504,205,971304-1,2025-02-01,25,+971304,2025-02-01 00:00:00,u
505,206,971304-1,2025-01-01,25,+971304,2025-01-01 00:00:00,u
506,207,971304-1,2024-12-01,25,+971304,2024-12-01 00:00:00,u
507,208,971304-1,2024-11-01,25,+971304,2024-11-01 00:00:00,u
508,209,182819-3,2025-11-01,40,+182819,2025-11-01 00:00:00,u
509,209,774361-10,2025-11-01,40,+774361,2025-11-01 00:00:00,u
510,209,901621-14,2025-11-01,40,+901621,2025-11-01 00:00:00,u
511,210,182819-3,2025-10-01,40,+182819,2025-10-01 00:00:00,u
512,210,774361-10,2025-10-01,40,+774361,2025-10-01 00:00:00,u
513,210,901621-14,2025-10-01,40,+901621,2025-10-01 00:00:00,u
514,211,182819-3,2025-09-01,40,+182819,2025-09-01 00:00:00,u
515,211,774361-10,2025-09-01,40,+774361,2025-09-01 00:00:00,u
516,211,901621-14,2025-09-01,40,+901621,2025-09-01 00:00:00,u
517,212,182819-3,2025-08-01,40,+182819,2025-08-01 00:00:00,u
518,212,774361-10,2025-08-01,40,+774361,2025-08-01 00:00:00,u
519,212,901621-14,2025-08-01,40,+901621,2025-08-01 00:00:00,u
520,213,182819-3,2025-07-01,40,+182819,2025-07-01 00:00:00,u
521,213,774361-10,2025-07-01,40,+774361,2025-07-01 00:00:00,u
522,213,901621-14,2025-07-01,40,+901621,2025-07-01 00:00:00,u
523,214,182819-3,2025-06-01,40,+182819,2025-06-01 00:00:00,u
524,214,774361-10,2025-06-01,40,+774361,2025-06-01 00:00:00,u
525,214,901621-14,2025-06-01,40,+901621,2025-06-01 00:00:00,u
526,215,182819-3,2025-05-01,40,+182819,2025-05-01 00:00:00,u
527,215,774361-10,2025-05-01,40,+774361,2025-05-01 00:00:00,u
528,215,901621-14,2025-05-01,40,+901621,2025-05-01 00:00:00,u
529,216,182819-3,2025-04-01,40,+182819,2025-04-01 00:00:00,u
530,216,774361-10,2025-04-01,40,+774361,2025-04-01 00:00:00,u
531,216,901621-14,2025-04-01,40,+901621,2025-04-01 00:00:00,u
532,217,182819-3,2025-03-01,40,+182819,2025-03-01 00:00:00,u
533,217,774361-10,2025-03-01,40,+774361,2025-03-01 00:00:00,u
534,217,901621-14,2025-03-01,40,+901621,2025-03-01 00:00:00,u
535,218,182819-3,2025-02-01,40,+182819,2025-02-01 00:00:00,u
536,218,774361-10,2025-02-01,40,+774361,2025-02-01 00:00:00,u
537,218,901621-14,2025-02-01,40,+901621,2025-02-01 00:00:00,u
538,219,182819-3,2025-01-01,40,+182819,2025-01-01 00:00:00,u
539,219,774361-10,2025-01-01,40,+774361,2025-01-01 00:00:00,u
540,219,901621-14,2025-01-01,40,+901621,2025-01-01 00:00:00,u
541,220,182819-3,2024-12-01,40,+182819,2024-12-01 00:00:00,u
542,220,774361-10,2024-12-01,40,+774361,2024-12-01 00:00:00,u
543,220,901621-14,2024-12-01,40,+901621,2024-12-01 00:00:00,u
544,221,182819-3,2024-11-01,40,+182819,2024-11-01 00:00:00,u
545,221,774361-10,2024-11-01,40,+774361,2024-11-01 00:00:00,u
546,221,901621-14,2024-11-01,40,+901621,2024-11-01 00:00:00,u
547,222,349529-14,2025-11-01,50,+349529,2025-11-01 00:00:00,u
548,222,822158-11,2025-11-01,50,+822158,2025-11-01 00:00:00,u
549,223,349529-14,2025-10-01,50,+349529,2025-10-01 00:00:00,u
550,223,822158-11,2025-10-01,50,+822158,2025-10-01 00:00:00,u
551,224,349529-14,2025-09-01,50,+349529,2025-09-01 00:00:00,u
552,224,822158-11,2025-09-01,50,+822158,2025-09-01 00:00:00,u
553,225,349529-14,2025-08-01,50,+349529,2025-08-01 00:00:00,u
554,225,822158-11,2025-08-01,50,+822158,2025-08-01 00:00:00,u
555,226,349529-14,2025-07-01,50,+349529,2025-07-01 00:00:00,u
556,226,822158-11,2025-07-01,50,+822158,2025-07-01 00:00:00,u
557,227,349529-14,2025-06-01,50,+349529,2025-06-01 00:00:00,u
558,227,822158-11,2025-06-01,50,+822158,2025-06-01 00:00:00,u
559,228,349529-14,2025-05-01,50,+349529,2025-05-01 00:00:00,u
560,228,822158-11,2025-05-01,50,+822158,2025-05-01 00:00:00,u
561,229,349529-14,2025-04-01,50,+349529,2025-04-01 00:00:00,u
562,229,822158-11,2025-04-01,50,+822158,2025-04-01 00:00:00,u
563,230,349529-14,2025-03-01,50,+349529,2025-03-01 00:00:00,u
564,230,822158-11,2025-03-01,50,+822158,2025-03-01 00:00:00,u
565,231,349529-14,2025-02-01,50,+349529,2025-02-01 00:00:00,u
566,231,822158-11,2025-02-01,50,+822158,2025-02-01 00:00:00,u
567,232,349529-14,2025-01-01,50,+349529,2025-01-01 00:00:00,u
568,232,822158-11,2025-01-01,50,+822158,2025-01-01 00:00:00,u
569,233,349529-14,2024-12-01,50,+349529,2024-12-01 00:00:00,u
570,233,822158-11,2024-12-01,50,+822158,2024-12-01 00:00:00,u
571,234,349529-14,2024-11-01,50,+349529,2024-11-01 00:00:00,u
572,234,822158-11,2024-11-01,50,+822158,2024-11-01 00:00:00,u
573,235,337258-6,2025-11-01,50,+337258,2025-11-01 00:00:00,u
574,235,370202-5,2025-11-01,50,+370202,2025-11-01 00:00:00,u
575,235,370330-14,2025-11-01,50,+370330,2025-11-01 00:00:00,u
576,236,337258-6,2025-10-01,50,+337258,2025-10-01 00:00:00,u
577,236,370202-5,2025-10-01,50,+370202,2025-10-01 00:00:00,u
578,236,370330-14,2025-10-01,50,+370330,2025-10-01 00:00:00,u
579,237,337258-6,2025-09-01,50,+337258,2025-09-01 00:00:00,u
580,237,370202-5,2025-09-01,50,+370202,2025-09-01 00:00:00,u
581,237,370330-14,2025-09-01,50,+370330,2025-09-01 00:00:00,u
582,238,337258-6,2025-08-01,50,+337258,2025-08-01 00:00:00,u
583,238,370202-5,2025-08-01,50,+370202,2025-08-01 00:00:00,u
584,238,370330-14,2025-08-01,50,+370330,2025-08-01 00:00:00,u
585,239,337258-6,2025-07-01,50,+337258,2025-07-01 00:00:00,u
586,239,370202-5,2025-07-01,50,+370202,2025-07-01 00:00:00,u
587,239,370330-14,2025-07-01,50,+370330,2025-07-01 00:00:00,u
588,240,337258-6,2025-06-01,50,+337258,2025-06-01 00:00:00,u
589,240,370202-5,2025-06-01,50,+370202,2025-06-01 00:00:00,u
590,240,370330-14,2025-06-01,50,+370330,2025-06-01 00:00:00,u
591,241,337258-6,2025-05-01,50,+337258,2025-05-01 00:00:00,u
592,241,370202-5,2025-05-01,50,+370202,2025-05-01 00:00:00,u
593,241,370330-14,2025-05-01,50,+370330,2025-05-01 00:00:00,u
594,242,337258-6,2025-04-01,50,+337258,2025-04-01 00:00:00,u
595,242,370202-5,2025-04-01,50,+370202,2025-04-01 00:00:00,u
596,242,370330-14,2025-04-01,50,+370330,2025-04-01 00:00:00,u
597,243,337258-6,2025-03-01,50,+337258,2025-03-01 00:00:00,u
598,243,370202-5,2025-03-01,50,+370202,2025-03-01 00:00:00,u
599,243,370330-14,2025-03-01,50,+370330,2025-03-01 00:00:00,u
600,244,337258-6,2025-02-01,50,+337258,2025-02-01 00:00:00,u
601,244,370202-5,2025-02-01,50,+370202,2025-02-01 00:00:00,u
602,244,370330-14,2025-02-01,50,+370330,2025-02-01 00:00:00,u
603,245,337258-6,2025-01-01,50,+337258,2025-01-01 00:00:00,u
604,245,370202-5,2025-01-01,50,+370202,2025-01-01 00:00:00,u
605,245,370330-14,2025-01-01,50,+370330,2025-01-01 00:00:00,u
606,246,337258-6,2024-12-01,50,+337258,2024-12-01 00:00:00,u
607,246,370202-5,2024-12-01,50,+370202,2024-12-01 00:00:00,u
608,246,370330-14,2024-12-01,50,+370330,2024-12-01 00:00:00,u
609,247,337258-6,2024-11-01,50,+337258,2024-11-01 00:00:00,u
610,247,370202-5,2024-11-01,50,+370202,2024-11-01 00:00:00,u
611,247,370330-14,2024-11-01,50,+370330,2024-11-01 00:00:00,u
612,248,445347-7,2025-11-01,25,+445347,2025-11-01 00:00:00,u
613,248,945131-8,2025-11-01,25,+945131,2025-11-01 00:00:00,u
614,249,445347-7,2025-10-01,25,+445347,2025-10-01 00:00:00,u
615,249,945131-8,2025-10-01,25,+945131,2025-10-01 00:00:00,u
616,250,445347-7,2025-09-01,25,+445347,2025-09-01 00:00:00,u
617,250,945131-8,2025-09-01,25,+945131,2025-09-01 00:00:00,u
618,251,445347-7,2025-08-01,25,+445347,2025-08-01 00:00:00,u
619,251,945131-8,2025-08-01,25,+945131,2025-08-01 00:00:00,u
620,252,445347-7,2025-07-01,25,+445347,2025-07-01 00:00:00,u
621,252,945131-8,2025-07-01,25,+945131,2025-07-01 00:00:00,u
622,253,445347-7,2025-06-01,25,+445347,2025-06-01 00:00:00,u
623,253,945131-8,2025-06-01,25,+945131,2025-06-01 00:00:00,u
624,254,445347-7,2025-05-01,25,+445347,2025-05-01 00:00:00,u
625,254,945131-8,2025-05-01,25,+945131,2025-05-01 00:00:00,u
626,255,445347-7,2025-04-01,25,+445347,2025-04-01 00:00:00,u
627,255,945131-8,2025-04-01,25,+945131,2025-04-01 00:00:00,u
628,256,445347-7,2025-03-01,25,+445347,2025-03-01 00:00:00,u
629,256,945131-8,2025-03-01,25,+945131,2025-03-01 00:00:00,u
630,257,445347-7,2025-02-01,25,+445347,2025-02-01 00:00:00,u
631,257,945131-8,2025-02-01,25,+945131,2025-02-01 00:00:00,u
632,258,445347-7,2025-01-01,25,+445347,2025-01-01 00:00:00,u
633,258,945131-8,2025-01-01,25,+945131,2025-01-01 00:00:00,u
634,259,445347-7,2024-12-01,25,+445347,2024-12-01 00:00:00,u
635,259,945131-8,2024-12-01,25,+945131,2024-12-01 00:00:00,u
636,260,445347-7,2024-11-01,25,+445347,2024-11-01 00:00:00,u
637,260,945131-8,2024-11-01,25,+945131,2024-11-01 00:00:00,u
638,261,380208-5,2025-11-01,40,+380208,2025-11-01 00:00:00,u
639,262,380208-5,2025-10-01,40,+380208,2025-10-01 00:00:00,u
640,263,380208-5,2025-09-01,40,+380208,2025-09-01 00:00:00,u
641,264,380208-5,2025-08-01,40,+380208,2025-08-01 00:00:00,u
642,265,380208-5,2025-07-01,40,+380208,2025-07-01 00:00:00,u
643,266,380208-5,2025-06-01,40,+380208,2025-06-01 00:00:00,u
644,267,380208-5,2025-05-01,40,+380208,2025-05-01 00:00:00,u
645,268,380208-5,2025-04-01,40,+380208,2025-04-01 00:00:00,u
646,269,380208-5,2025-03-01,40,+380208,2025-03-01 00:00:00,u
647,270,380208-5,2025-02-01,40,+380208,2025-02-01 00:00:00,u
648,271,380208-5,2025-01-01,40,+380208,2025-01-01 00:00:00,u
649,272,380208-5,2024-12-01,40,+380208,2024-12-01 00:00:00,u
650,273,380208-5,2024-11-01,40,+380208,2024-11-01 00:00:00,u
651,274,485570-13,2025-11-01,40,+485570,2025-11-01 00:00:00,u
652,274,495389-12,2025-11-01,40,+495389,2025-11-01 00:00:00,u
653,274,910709-5,2025-11-01,40,+910709,2025-11-01 00:00:00,u
654,275,485570-13,2025-10-01,40,+485570,2025-10-01 00:00:00,u
655,275,495389-12,2025-10-01,40,+495389,2025-10-01 00:00:00,u
656,275,910709-5,2025-10-01,40,+910709,2025-10-01 00:00:00,u
657,276,485570-13,2025-09-01,40,+485570,2025-09-01 00:00:00,u
658,276,495389-12,2025-09-01,40,+495389,2025-09-01 00:00:00,u
659,276,910709-5,2025-09-01,40,+910709,2025-09-01 00:00:00,u
660,277,485570-13,2025-08-01,40,+485570,2025-08-01 00:00:00,u
661,277,495389-12,2025-08-01,40,+495389,2025-08-01 00:00:00,u
662,277,910709-5,2025-08-01,40,+910709,2025-08-01 00:00:00,u
663,278,485570-13,2025-07-01,40,+485570,2025-07-01 00:00:00,u
664,278,495389-12,2025-07-01,40,+495389,2025-07-01 00:00:00,u
665,278,910709-5,2025-07-01,40,+910709,2025-07-01 00:00:00,u
666,279,485570-13,2025-06-01,40,+485570,2025-06-01 00:00:00,u
667,279,495389-12,2025-06-01,40,+495389,2025-06-01 00:00:00,u
668,279,910709-5,2025-06-01,40,+910709,2025-06-01 00:00:00,u
669,280,485570-13,2025-05-01,40,+485570,2025-05-01 00:00:00,u
670,280,495389-12,2025-05-01,40,+495389,2025-05-01 00:00:00,u
671,280,910709-5,2025-05-01,40,+910709,2025-05-01 00:00:00,u
672,281,485570-13,2025-04-01,40,+485570,2025-04-01 00:00:00,u
673,281,495389-12,2025-04-01,40,+495389,2025-04-01 00:00:00,u
674,281,910709-5,2025-04-01,40,+910709,2025-04-01 00:00:00,u
675,282,485570-13,2025-03-01,40,+485570,2025-03-01 00:00:00,u
676,282,495389-12,2025-03-01,40,+495389,2025-03-01 00:00:00,u
677,282,910709-5,2025-03-01,40,+910709,2025-03-01 00:00:00,u
678,283,485570-13,2025-02-01,40,+485570,2025-02-01 00:00:00,u
679,283,495389-12,2025-02-01,40,+495389,2025-02-01 00:00:00,u
680,283,910709-5,2025-02-01,40,+910709,2025-02-01 00:00:00,u
681,284,485570-13,2025-01-01,40,+485570,2025-01-01 00:00:00,u
682,284,495389-12,2025-01-01,40,+495389,2025-01-01 00:00:00,u
683,284,910709-5,2025-01-01,40,+910709,2025-01-01 00:00:00,u
684,285,485570-13,2024-12-01,40,+485570,2024-12-01 00:00:00,u
685,285,495389-12,2024-12-01,40,+495389,2024-12-01 00:00:00,u
686,285,910709-5,2024-12-01,40,+910709,2024-12-01 00:00:00,u
687,286,485570-13,2024-11-01,40,+485570,2024-11-01 00:00:00,u
688,286,495389-12,2024-11-01,40,+495389,2024-11-01 00:00:00,u
689,286,910709-5,2024-11-01,40,+910709,2024-11-01 00:00:00,u
690,287,120749-10,2025-11-01,50,+120749,2025-11-01 00:00:00,u
691,287,351596-8,2025-11-01,50,+351596,2025-11-01 00:00:00,u
692,287,406967-3,2025-11-01,50,+406967,2025-11-01 00:00:00,u
693,288,120749-10,2025-10-01,50,+120749,2025-10-01 00:00:00,u
694,288,351596-8,2025-10-01,50,+351596,2025-10-01 00:00:00,u
695,288,406967-3,2025-10-01,50,+406967,2025-10-01 00:00:00,u
696,289,120749-10,2025-09-01,50,+120749,2025-09-01 00:00:00,u
697,289,351596-8,2025-09-01,50,+351596,2025-09-01 00:00:00,u
698,289,406967-3,2025-09-01,50,+406967,2025-09-01 00:00:00,u
699,290,120749-10,2025-08-01,50,+120749,2025-08-01 00:00:00,u
700,290,351596-8,2025-08-01,50,+351596,2025-08-01 00:00:00,u
701,290,406967-3,2025-08-01,50,+406967,2025-08-01 00:00:00,u
702,291,120749-10,2025-07-01,50,+120749,2025-07-01 00:00:00,u
703,291,351596-8,2025-07-01,50,+351596,2025-07-01 00:00:00,u
704,291,406967-3,2025-07-01,50,+406967,2025-07-01 00:00:00,u
705,292,120749-10,2025-06-01,50,+120749,2025-06-01 00:00:00,u
706,292,351596-8,2025-06-01,50,+351596,2025-06-01 00:00:00,u
707,292,406967-3,2025-06-01,50,+406967,2025-06-01 00:00:00,u
708,293,120749-10,2025-05-01,50,+120749,2025-05-01 00:00:00,u
709,293,351596-8,2025-05-01,50,+351596,2025-05-01 00:00:00,u
710,293,406967-3,2025-05-01,50,+406967,2025-05-01 00:00:00,u
711,294,120749-10,2025-04-01,50,+120749,2025-04-01 00:00:00,u
712,294,351596-8,2025-04-01,50,+351596,2025-04-01 00:00:00,u
713,294,406967-3,2025-04-01,50,+406967,2025-04-01 00:00:00,u
714,295,120749-10,2025-03-01,50,+120749,2025-03-01 00:00:00,u
715,295,351596-8,2025-03-01,50,+351596,2025-03-01 00:00:00,u
716,295,406967-3,2025-03-01,50,+406967,2025-03-01 00:00:00,u
717,296,120749-10,2025-02-01,50,+120749,2025-02-01 00:00:00,u
718,296,351596-8,2025-02-01,50,+351596,2025-02-01 00:00:00,u
719,296,406967-3,2025-02-01,50,+406967,2025-02-01 00:00:00,u
720,297,120749-10,2025-01-01,50,+120749,2025-01-01 00:00:00,u
721,297,351596-8,2025-01-01,50,+351596,2025-01-01 00:00:00,u
722,297,406967-3,2025-01-01,50,+406967,2025-01-01 00:00:00,u
723,298,120749-10,2024-12-01,50,+120749,2024-12-01 00:00:00,u
724,298,351596-8,2024-12-01,50,+351596,2024-12-01 00:00:00,u
725,298,406967-3,2024-12-01,50,+406967,2024-12-01 00:00:00,u
726,299,120749-10,2024-11-01,50,+120749,2024-11-01 00:00:00,u
727,299,351596-8,2024-11-01,50,+351596,2024-11-01 00:00:00,u
728,299,406967-3,2024-11-01,50,+406967,2024-11-01 00:00:00,u
729,300,656504-12,2025-11-01,25,+656504,2025-11-01 00:00:00,u
730,301,656504-12,2025-10-01,25,+656504,2025-10-01 00:00:00,u
731,302,656504-12,2025-09-01,25,+656504,2025-09-01 00:00:00,u
732,303,656504-12,2025-08-01,25,+656504,2025-08-01 00:00:00,u
733,304,656504-12,2025-07-01,25,+656504,2025-07-01 00:00:00,u
734,305,656504-12,2025-06-01,25,+656504,2025-06-01 00:00:00,u
735,306,656504-12,2025-05-01,25,+656504,2025-05-01 00:00:00,u
736,307,656504-12,2025-04-01,25,+656504,2025-04-01 00:00:00,u
737,308,656504-12,2025-03-01,25,+656504,2025-03-01 00:00:00,u
738,309,656504-12,2025-02-01,25,+656504,2025-02-01 00:00:00,u
739,310,656504-12,2025-01-01,25,+656504,2025-01-01 00:00:00,u
740,311,656504-12,2024-12-01,25,+656504,2024-12-01 00:00:00,u
741,312,656504-12,2024-11-01,25,+656504,2024-11-01 00:00:00,u
742,313,513678-5,2025-11-01,25,+513678,2025-11-01 00:00:00,u
743,313,785636-13,2025-11-01,25,+785636,2025-11-01 00:00:00,u
744,314,513678-5,2025-10-01,25,+513678,2025-10-01 00:00:00,u
745,314,785636-13,2025-10-01,25,+785636,2025-10-01 00:00:00,u
746,315,513678-5,2025-09-01,25,+513678,2025-09-01 00:00:00,u
747,315,785636-13,2025-09-01,25,+785636,2025-09-01 00:00:00,u
748,316,513678-5,2025-08-01,25,+513678,2025-08-01 00:00:00,u
749,316,785636-13,2025-08-01,25,+785636,2025-08-01 00:00:00,u
750,317,513678-5,2025-07-01,25,+513678,2025-07-01 00:00:00,u
751,317,785636-13,2025-07-01,25,+785636,2025-07-01 00:00:00,u
752,318,513678-5,2025-06-01,25,+513678,2025-06-01 00:00:00,u
753,318,785636-13,2025-06-01,25,+785636,2025-06-01 00:00:00,u
754,319,513678-5,2025-05-01,25,+513678,2025-05-01 00:00:00,u
755,319,785636-13,2025-05-01,25,+785636,2025-05-01 00:00:00,u
756,320,513678-5,2025-04-01,25,+513678,2025-04-01 00:00:00,u
757,320,785636-13,2025-04-01,25,+785636,2025-04-01 00:00:00,u
758,321,513678-5,2025-03-01,25,+513678,2025-03-01 00:00:00,u
759,321,785636-13,2025-03-01,25,+785636,2025-03-01 00:00:00,u
760,322,513678-5,2025-02-01,25,+513678,2025-02-01 00:00:00,u
761,322,785636-13,2025-02-01,25,+785636,2025-02-01 00:00:00,u
762,323,513678-5,2025-01-01,25,+513678,2025-01-01 00:00:00,u
763,323,785636-13,2025-01-01,25,+785636,2025-01-01 00:00:00,u
764,324,513678-5,2024-12-01,25,+513678,2024-12-01 00:00:00,u
765,324,785636-13,2024-12-01,25,+785636,2024-12-01 00:00:00,u
766,325,513678-5,2024-11-01,25,+513678,2024-11-01 00:00:00,u
767,325,785636-13,2024-11-01,25,+785636,2024-11-01 00:00:00,u
768,326,482484-14,2025-11-01,40,+482484,2025-11-01 00:00:00,u
769,326,824383-7,2025-11-01,40,+824383,2025-11-01 00:00:00,u
770,326,903739-6,2025-11-01,40,+903739,2025-11-01 00:00:00,u
771,327,482484-14,2025-10-01,40,+482484,2025-10-01 00:00:00,u
772,327,824383-7,2025-10-01,40,+824383,2025-10-01 00:00:00,u
773,327,903739-6,2025-10-01,40,+903739,2025-10-01 00:00:00,u
774,328,482484-14,2025-09-01,40,+482484,2025-09-01 00:00:00,u
775,328,824383-7,2025-09-01,40,+824383,2025-09-01 00:00:00,u
776,328,903739-6,2025-09-01,40,+903739,2025-09-01 00:00:00,u
777,329,482484-14,2025-08-01,40,+482484,2025-08-01 00:00:00,u
778,329,824383-7,2025-08-01,40,+824383,2025-08-01 00:00:00,u
779,329,903739-6,2025-08-01,40,+903739,2025-08-01 00:00:00,u
780,330,482484-14,2025-07-01,40,+482484,2025-07-01 00:00:00,u
781,330,824383-7,2025-07-01,40,+824383,2025-07-01 00:00:00,u
782,330,903739-6,2025-07-01,40,+903739,2025-07-01 00:00:00,u
783,331,482484-14,2025-06-01,40,+482484,2025-06-01 00:00:00,u
784,331,824383-7,2025-06-01,40,+824383,2025-06-01 00:00:00,u
785,331,903739-6,2025-06-01,40,+903739,2025-06-01 00:00:00,u
786,332,482484-14,2025-05-01,40,+482484,2025-05-01 00:00:00,u
787,332,824383-7,2025-05-01,40,+824383,2025-05-01 00:00:00,u
788,332,903739-6,2025-05-01,40,+903739,2025-05-01 00:00:00,u
789,333,482484-14,2025-04-01,40,+482484,2025-04-01 00:00:00,u
790,333,824383-7,2025-04-01,40,+824383,2025-04-01 00:00:00,u
791,333,903739-6,2025-04-01,40,+903739,2025-04-01 00:00:00,u
792,334,482484-14,2025-03-01,40,+482484,2025-03-01 00:00:00,u
793,334,824383-7,2025-03-01,40,+824383,2025-03-01 00:00:00,u
794,334,903739-6,2025-03-01,40,+903739,2025-03-01 00:00:00,u
795,335,482484-14,2025-02-01,40,+482484,2025-02-01 00:00:00,u
796,335,824383-7,2025-02-01,40,+824383,2025-02-01 00:00:00,u
797,335,903739-6,2025-02-01,40,+903739,2025-02-01 00:00:00,u
798,336,482484-14,2025-01-01,40,+482484,2025-01-01 00:00:00,u
799,336,824383-7,2025-01-01,40,+824383,2025-01-01 00:00:00,u
800,336,903739-6,2025-01-01,40,+903739,2025-01-01 00:00:00,u
801,337,482484-14,2024-12-01,40,+482484,2024-12-01 00:00:00,u
802,337,824383-7,2024-12-01,40,+824383,2024-12-01 00:00:00,u
803,337,903739-6,2024-12-01,40,+903739,2024-12-01 00:00:00,u
804,338,482484-14,2024-11-01,40,+482484,2024-11-01 00:00:00,u
805,338,824383-7,2024-11-01,40,+824383,2024-11-01 00:00:00,u
806,338,903739-6,2024-11-01,40,+903739,2024-11-01 00:00:00,u
807,339,829149-3,2025-11-01,50,+829149,2025-11-01 00:00:00,u
808,340,829149-3,2025-10-01,50,+829149,2025-10-01 00:00:00,u
809,341,829149-3,2025-09-01,50,+829149,2025-09-01 00:00:00,u
810,342,829149-3,2025-08-01,50,+829149,2025-08-01 00:00:00,u
811,343,829149-3,2025-07-01,50,+829149,2025-07-01 00:00:00,u
812,344,829149-3,2025-06-01,50,+829149,2025-06-01 00:00:00,u
813,345,829149-3,2025-05-01,50,+829149,2025-05-01 00:00:00,u
814,346,829149-3,2025-04-01,50,+829149,2025-04-01 00:00:00,u
815,347,829149-3,2025-03-01,50,+829149,2025-03-01 00:00:00,u
816,348,829149-3,2025-02-01,50,+829149,2025-02-01 00:00:00,u
817,349,829149-3,2025-01-01,50,+829149,2025-01-01 00:00:00,u
818,350,829149-3,2024-12-01,50,+829149,2024-12-01 00:00:00,u
819,351,829149-3,2024-11-01,50,+829149,2024-11-01 00:00:00,u
820,352,140542-2,2025-11-01,25,+140542,2025-11-01 00:00:00,u
821,352,652799-7,2025-11-01,25,+652799,2025-11-01 00:00:00,u
822,353,140542-2,2025-10-01,25,+140542,2025-10-01 00:00:00,u
823,353,652799-7,2025-10-01,25,+652799,2025-10-01 00:00:00,u
824,354,140542-2,2025-09-01,25,+140542,2025-09-01 00:00:00,u
825,354,652799-7,2025-09-01,25,+652799,2025-09-01 00:00:00,u
826,355,140542-2,2025-08-01,25,+140542,2025-08-01 00:00:00,u
827,355,652799-7,2025-08-01,25,+652799,2025-08-01 00:00:00,u
828,356,140542-2,2025-07-01,25,+140542,2025-07-01 00:00:00,u
829,356,652799-7,2025-07-01,25,+652799,2025-07-01 00:00:00,u
830,357,140542-2,2025-06-01,25,+140542,2025-06-01 00:00:00,u
831,357,652799-7,2025-06-01,25,+652799,2025-06-01 00:00:00,u
832,358,140542-2,2025-05-01,25,+140542,2025-05-01 00:00:00,u
833,358,652799-7,2025-05-01,25,+652799,2025-05-01 00:00:00,u
834,359,140542-2,2025-04-01,25,+140542,2025-04-01 00:00:00,u
835,359,652799-7,2025-04-01,25,+652799,2025-04-01 00:00:00,u
836,360,140542-2,2025-03-01,25,+140542,2025-03-01 00:00:00,u
837,360,652799-7,2025-03-01,25,+652799,2025-03-01 00:00:00,u
838,361,140542-2,2025-02-01,25,+140542,2025-02-01 00:00:00,u
839,361,652799-7,2025-02-01,25,+652799,2025-02-01 00:00:00,u
840,362,140542-2,2025-01-01,25,+140542,2025-01-01 00:00:00,u
841,362,652799-7,2025-01-01,25,+652799,2025-01-01 00:00:00,u
842,363,140542-2,2024-12-01,25,+140542,2024-12-01 00:00:00,u
843,363,652799-7,2024-12-01,25,+652799,2024-12-01 00:00:00,u
844,364,140542-2,2024-11-01,25,+140542,2024-11-01 00:00:00,u
845,364,652799-7,2024-11-01,25,+652799,2024-11-01 00:00:00,u
846,365,380294-10,2025-11-01,40,+380294,2025-11-01 00:00:00,u
847,365,482560-3,2025-11-01,40,+482560,2025-11-01 00:00:00,u
848,365,813595-2,2025-11-01,40,+813595,2025-11-01 00:00:00,u
849,366,380294-10,2025-10-01,40,+380294,2025-10-01 00:00:00,u
850,366,482560-3,2025-10-01,40,+482560,2025-10-01 00:00:00,u
851,366,813595-2,2025-10-01,40,+813595,2025-10-01 00:00:00,u
852,367,380294-10,2025-09-01,40,+380294,2025-09-01 00:00:00,u
853,367,482560-3,2025-09-01,40,+482560,2025-09-01 00:00:00,u
854,367,813595-2,2025-09-01,40,+813595,2025-09-01 00:00:00,u
855,368,380294-10,2025-08-01,40,+380294,2025-08-01 00:00:00,u
856,368,482560-3,2025-08-01,40,+482560,2025-08-01 00:00:00,u
857,368,813595-2,2025-08-01,40,+813595,2025-08-01 00:00:00,u
858,369,380294-10,2025-07-01,40,+380294,2025-07-01 00:00:00,u
859,369,482560-3,2025-07-01,40,+482560,2025-07-01 00:00:00,u
860,369,813595-2,2025-07-01,40,+813595,2025-07-01 00:00:00,u
861,370,380294-10,2025-06-01,40,+380294,2025-06-01 00:00:00,u
862,370,482560-3,2025-06-01,40,+482560,2025-06-01 00:00:00,u
863,370,813595-2,2025-06-01,40,+813595,2025-06-01 00:00:00,u
864,371,380294-10,2025-05-01,40,+380294,2025-05-01 00:00:00,u
865,371,482560-3,2025-05-01,40,+482560,2025-05-01 00:00:00,u
866,371,813595-2,2025-05-01,40,+813595,2025-05-01 00:00:00,u
867,372,380294-10,2025-04-01,40,+380294,2025-04-01 00:00:00,u
868,372,482560-3,2025-04-01,40,+482560,2025-04-01 00:00:00,u
869,372,813595-2,2025-04-01,40,+813595,2025-04-01 00:00:00,u
870,373,380294-10,2025-03-01,40,+380294,2025-03-01 00:00:00,u
871,373,482560-3,2025-03-01,40,+482560,2025-03-01 00:00:00,u
872,373,813595-2,2025-03-01,40,+813595,2025-03-01 00:00:00,u
873,374,380294-10,2025-02-01,40,+380294,2025-02-01 00:00:00,u
874,374,482560-3,2025-02-01,40,+482560,2025-02-01 00:00:00,u
875,374,813595-2,2025-02-01,40,+813595,2025-02-01 00:00:00,u
876,375,380294-10,2025-01-01,40,+380294,2025-01-01 00:00:00,u
877,375,482560-3,2025-01-01,40,+482560,2025-01-01 00:00:00,u
878,375,813595-2,2025-01-01,40,+813595,2025-01-01 00:00:00,u
879,376,380294-10,2024-12-01,40,+380294,2024-12-01 00:00:00,u
880,376,482560-3,2024-12-01,40,+482560,2024-12-01 00:00:00,u
881,376,813595-2,2024-12-01,40,+813595,2024-12-01 00:00:00,u
882,377,380294-10,2024-11-01,40,+380294,2024-11-01 00:00:00,u
883,377,482560-3,2024-11-01,40,+482560,2024-11-01 00:00:00,u
884,377,813595-2,2024-11-01,40,+813595,2024-11-01 00:00:00,u
885,378,213699-1,2025-11-01,50,+213699,2025-11-01 00:00:00,u
886,378,443687-8,2025-11-01,50,+443687,2025-11-01 00:00:00,u
887,379,213699-1,2025-10-01,50,+213699,2025-10-01 00:00:00,u
888,379,443687-8,2025-10-01,50,+443687,2025-10-01 00:00:00,u
889,380,213699-1,2025-09-01,50,+213699,2025-09-01 00:00:00,u
890,380,443687-8,2025-09-01,50,+443687,2025-09-01 00:00:00,u
891,381,213699-1,2025-08-01,50,+213699,2025-08-01 00:00:00,u
892,381,443687-8,2025-08-01,50,+443687,2025-08-01 00:00:00,u
893,382,213699-1,2025-07-01,50,+213699,2025-07-01 00:00:00,u
894,382,443687-8,2025-07-01,50,+443687,2025-07-01 00:00:00,u
895,383,213699-1,2025-06-01,50,+213699,2025-06-01 00:00:00,u
896,383,443687-8,2025-06-01,50,+443687,2025-06-01 00:00:00,u
897,384,213699-1,2025-05-01,50,+213699,2025-05-01 00:00:00,u
898,384,443687-8,2025-05-01,50,+443687,2025-05-01 00:00:00,u
899,385,213699-1,2025-04-01,50,+213699,2025-04-01 00:00:00,u
900,385,443687-8,2025-04-01,50,+443687,2025-04-01 00:00:00,u
901,386,213699-1,2025-03-01,50,+213699,2025-03-01 00:00:00,u
902,386,443687-8,2025-03-01,50,+443687,2025-03-01 00:00:00,u
903,387,213699-1,2025-02-01,50,+213699,2025-02-01 00:00:00,u
904,387,443687-8,2025-02-01,50,+443687,2025-02-01 00:00:00,u
905,388,213699-1,2025-01-01,50,+213699,2025-01-01 00:00:00,u
906,388,443687-8,2025-01-01,50,+443687,2025-01-01 00:00:00,u
907,389,213699-1,2024-12-01,50,+213699,2024-12-01 00:00:00,u
908,389,443687-8,2024-12-01,50,+443687,2024-12-01 00:00:00,u
909,390,213699-1,2024-11-01,50,+213699,2024-11-01 00:00:00,u
910,390,443687-8,2024-11-01,50,+443687,2024-11-01 00:00:00,u
911,391,120617-10,2025-11-01,40,+120617,2025-11-01 00:00:00,u
912,391,372654-7,2025-11-01,40,+372654,2025-11-01 00:00:00,u
913,391,593090-9,2025-11-01,40,+593090,2025-11-01 00:00:00,u
914,391,780202-1,2025-11-01,40,+780202,2025-11-01 00:00:00,u
915,392,120617-10,2025-10-01,40,+120617,2025-10-01 00:00:00,u
916,392,372654-7,2025-10-01,40,+372654,2025-10-01 00:00:00,u
917,392,593090-9,2025-10-01,40,+593090,2025-10-01 00:00:00,u
918,392,780202-1,2025-10-01,40,+780202,2025-10-01 00:00:00,u
919,393,120617-10,2025-09-01,40,+120617,2025-09-01 00:00:00,u
920,393,372654-7,2025-09-01,40,+372654,2025-09-01 00:00:00,u
921,393,593090-9,2025-09-01,40,+593090,2025-09-01 00:00:00,u
922,393,780202-1,2025-09-01,40,+780202,2025-09-01 00:00:00,u
923,394,120617-10,2025-08-01,40,+120617,2025-08-01 00:00:00,u
924,394,372654-7,2025-08-01,40,+372654,2025-08-01 00:00:00,u
925,394,593090-9,2025-08-01,40,+593090,2025-08-01 00:00:00,u
926,394,780202-1,2025-08-01,40,+780202,2025-08-01 00:00:00,u
927,395,120617-10,2025-07-01,40,+120617,2025-07-01 00:00:00,u
928,395,372654-7,2025-07-01,40,+372654,2025-07-01 00:00:00,u
929,395,593090-9,2025-07-01,40,+593090,2025-07-01 00:00:00,u
930,395,780202-1,2025-07-01,40,+780202,2025-07-01 00:00:00,u
931,396,120617-10,2025-06-01,40,+120617,2025-06-01 00:00:00,u
932,396,372654-7,2025-06-01,40,+372654,2025-06-01 00:00:00,u
933,396,593090-9,2025-06-01,40,+593090,2025-06-01 00:00:00,u
934,396,780202-1,2025-06-01,40,+780202,2025-06-01 00:00:00,u
935,397,120617-10,2025-05-01,40,+120617,2025-05-01 00:00:00,u
936,397,372654-7,2025-05-01,40,+372654,2025-05-01 00:00:00,u
937,397,593090-9,2025-05-01,40,+593090,2025-05-01 00:00:00,u
938,397,780202-1,2025-05-01,40,+780202,2025-05-01 00:00:00,u
939,398,120617-10,2025-04-01,40,+120617,2025-04-01 00:00:00,u
940,398,372654-7,2025-04-01,40,+372654,2025-04-01 00:00:00,u
941,398,593090-9,2025-04-01,40,+593090,2025-04-01 00:00:00,u
942,398,780202-1,2025-04-01,40,+780202,2025-04-01 00:00:00,u
943,399,120617-10,2025-03-01,40,+120617,2025-03-01 00:00:00,u
944,399,372654-7,2025-03-01,40,+372654,2025-03-01 00:00:00,u
945,399,593090-9,2025-03-01,40,+593090,2025-03-01 00:00:00,u
946,399,780202-1,2025-03-01,40,+780202,2025-03-01 00:00:00,u
947,400,120617-10,2025-02-01,40,+120617,2025-02-01 00:00:00,u
948,400,372654-7,2025-02-01,40,+372654,2025-02-01 00:00:00,u
949,400,593090-9,2025-02-01,40,+593090,2025-02-01 00:00:00,u
950,400,780202-1,2025-02-01,40,+780202,2025-02-01 00:00:00,u
951,401,120617-10,2025-01-01,40,+120617,2025-01-01 00:00:00,u
952,401,372654-7,2025-01-01,40,+372654,2025-01-01 00:00:00,u
953,401,593090-9,2025-01-01,40,+593090,2025-01-01 00:00:00,u
954,401,780202-1,2025-01-01,40,+780202,2025-01-01 00:00:00,u
955,402,120617-10,2024-12-01,40,+120617,2024-12-01 00:00:00,u
956,402,372654-7,2024-12-01,40,+372654,2024-12-01 00:00:00,u
957,402,593090-9,2024-12-01,40,+593090,2024-12-01 00:00:00,u
958,402,780202-1,2024-12-01,40,+780202,2024-12-01 00:00:00,u
959,403,120617-10,2024-11-01,40,+120617,2024-11-01 00:00:00,u
960,403,372654-7,2024-11-01,40,+372654,2024-11-01 00:00:00,u
961,403,593090-9,2024-11-01,40,+593090,2024-11-01 00:00:00,u
962,403,780202-1,2024-11-01,40,+780202,2024-11-01 00:00:00,u
963,404,489208-12,2025-11-01,50,+489208,2025-11-01 00:00:00,u
964,405,489208-12,2025-10-01,50,+489208,2025-10-01 00:00:00,u
965,406,489208-12,2025-09-01,50,+489208,2025-09-01 00:00:00,u
966,407,489208-12,2025-08-01,50,+489208,2025-08-01 00:00:00,u
967,408,489208-12,2025-07-01,50,+489208,2025-07-01 00:00:00,u
968,409,489208-12,2025-06-01,50,+489208,2025-06-01 00:00:00,u
969,410,489208-12,2025-05-01,50,+489208,2025-05-01 00:00:00,u
970,411,489208-12,2025-04-01,50,+489208,2025-04-01 00:00:00,u
971,412,489208-12,2025-03-01,50,+489208,2025-03-01 00:00:00,u
972,413,489208-12,2025-02-01,50,+489208,2025-02-01 00:00:00,u
973,414,489208-12,2025-01-01,50,+489208,2025-01-01 00:00:00,u
974,415,489208-12,2024-12-01,50,+489208,2024-12-01 00:00:00,u
975,416,489208-12,2024-11-01,50,+489208,2024-11-01 00:00:00,u
976,417,828346-10,2025-11-01,25,+828346,2025-11-01 00:00:00,u
977,417,915683-5,2025-11-01,25,+915683,2025-11-01 00:00:00,u
978,418,828346-10,2025-10-01,25,+828346,2025-10-01 00:00:00,u
979,418,915683-5,2025-10-01,25,+915683,2025-10-01 00:00:00,u
980,419,828346-10,2025-09-01,25,+828346,2025-09-01 00:00:00,u
981,419,915683-5,2025-09-01,25,+915683,2025-09-01 00:00:00,u
982,420,828346-10,2025-08-01,25,+828346,2025-08-01 00:00:00,u
983,420,915683-5,2025-08-01,25,+915683,2025-08-01 00:00:00,u
984,421,828346-10,2025-07-01,25,+828346,2025-07-01 00:00:00,u
985,421,915683-5,2025-07-01,25,+915683,2025-07-01 00:00:00,u
986,422,828346-10,2025-06-01,25,+828346,2025-06-01 00:00:00,u
987,422,915683-5,2025-06-01,25,+915683,2025-06-01 00:00:00,u
988,423,828346-10,2025-05-01,25,+828346,2025-05-01 00:00:00,u
989,423,915683-5,2025-05-01,25,+915683,2025-05-01 00:00:00,u
990,424,828346-10,2025-04-01,25,+828346,2025-04-01 00:00:00,u
991,424,915683-5,2025-04-01,25,+915683,2025-04-01 00:00:00,u
992,425,828346-10,2025-03-01,25,+828346,2025-03-01 00:00:00,u
993,425,915683-5,2025-03-01,25,+915683,2025-03-01 00:00:00,u
994,426,828346-10,2025-02-01,25,+828346,2025-02-01 00:00:00,u
995,426,915683-5,2025-02-01,25,+915683,2025-02-01 00:00:00,u
996,427,828346-10,2025-01-01,25,+828346,2025-01-01 00:00:00,u
997,427,915683-5,2025-01-01,25,+915683,2025-01-01 00:00:00,u
998,428,828346-10,2024-12-01,25,+828346,2024-12-01 00:00:00,u
999,428,915683-5,2024-12-01,25,+915683,2024-12-01 00:00:00,u
1000,429,828346-10,2024-11-01,25,+828346,2024-11-01 00:00:00,u
1001,429,915683-5,2024-11-01,25,+915683,2024-11-01 00:00:00,u
1002,430,166034-10,2025-11-01,50,+166034,2025-11-01 00:00:00,u
1003,430,407033-5,2025-11-01,50,+407033,2025-11-01 00:00:00,u
1004,430,407804-2,2025-11-01,50,+407804,2025-11-01 00:00:00,u
1005,430,489993-11,2025-11-01,50,+489993,2025-11-01 00:00:00,u
1006,430,918309-3,2025-11-01,50,+918309,2025-11-01 00:00:00,u
1007,431,166034-10,2025-10-01,50,+166034,2025-10-01 00:00:00,u
1008,431,407033-5,2025-10-01,50,+407033,2025-10-01 00:00:00,u
1009,431,407804-2,2025-10-01,50,+407804,2025-10-01 00:00:00,u
1010,431,489993-11,2025-10-01,50,+489993,2025-10-01 00:00:00,u
1011,431,918309-3,2025-10-01,50,+918309,2025-10-01 00:00:00,u
1012,432,166034-10,2025-09-01,50,+166034,2025-09-01 00:00:00,u
1013,432,407033-5,2025-09-01,50,+407033,2025-09-01 00:00:00,u
1014,432,407804-2,2025-09-01,50,+407804,2025-09-01 00:00:00,u
1015,432,489993-11,2025-09-01,50,+489993,2025-09-01 00:00:00,u
1016,432,918309-3,2025-09-01,50,+918309,2025-09-01 00:00:00,u
1017,433,166034-10,2025-08-01,50,+166034,2025-08-01 00:00:00,u
1018,433,407033-5,2025-08-01,50,+407033,2025-08-01 00:00:00,u
1019,433,407804-2,2025-08-01,50,+407804,2025-08-01 00:00:00,u
1020,433,489993-11,2025-08-01,50,+489993,2025-08-01 00:00:00,u
1021,433,918309-3,2025-08-01,50,+918309,2025-08-01 00:00:00,u
1022,434,166034-10,2025-07-01,50,+166034,2025-07-01 00:00:00,u
1023,434,407033-5,2025-07-01,50,+407033,2025-07-01 00:00:00,u
1024,434,407804-2,2025-07-01,50,+407804,2025-07-01 00:00:00,u
1025,434,489993-11,2025-07-01,50,+489993,2025-07-01 00:00:00,u
1026,434,918309-3,2025-07-01,50,+918309,2025-07-01 00:00:00,u
1027,435,166034-10,2025-06-01,50,+166034,2025-06-01 00:00:00,u
1028,435,407033-5,2025-06-01,50,+407033,2025-06-01 00:00:00,u
1029,435,407804-2,2025-06-01,50,+407804,2025-06-01 00:00:00,u
1030,435,489993-11,2025-06-01,50,+489993,2025-06-01 00:00:00,u
1031,435,918309-3,2025-06-01,50,+918309,2025-06-01 00:00:00,u
1032,436,166034-10,2025-05-01,50,+166034,2025-05-01 00:00:00,u
1033,436,407033-5,2025-05-01,50,+407033,2025-05-01 00:00:00,u
1034,436,407804-2,2025-05-01,50,+407804,2025-05-01 00:00:00,u
1035,436,489993-11,2025-05-01,50,+489993,2025-05-01 00:00:00,u
1036,436,918309-3,2025-05-01,50,+918309,2025-05-01 00:00:00,u
1037,437,166034-10,2025-04-01,50,+166034,2025-04-01 00:00:00,u
1038,437,407033-5,2025-04-01,50,+407033,2025-04-01 00:00:00,u
1039,437,407804-2,2025-04-01,50,+407804,2025-04-01 00:00:00,u
1040,437,489993-11,2025-04-01,50,+489993,2025-04-01 00:00:00,u
1041,437,918309-3,2025-04-01,50,+918309,2025-04-01 00:00:00,u
1042,438,166034-10,2025-03-01,50,+166034,2025-03-01 00:00:00,u
1043,438,407033-5,2025-03-01,50,+407033,2025-03-01 00:00:00,u
1044,438,407804-2,2025-03-01,50,+407804,2025-03-01 00:00:00,u
1045,438,489993-11,2025-03-01,50,+489993,2025-03-01 00:00:00,u
1046,438,918309-3,2025-03-01,50,+918309,2025-03-01 00:00:00,u
1047,439,166034-10,2025-02-01,50,+166034,2025-02-01 00:00:00,u
1048,439,407033-5,2025-02-01,50,+407033,2025-02-01 00:00:00,u
1049,439,407804-2,2025-02-01,50,+407804,2025-02-01 00:00:00,u
1050,439,489993-11,2025-02-01,50,+489993,2025-02-01 00:00:00,u
1051,439,918309-3,2025-02-01,50,+918309,2025-02-01 00:00:00,u
1052,440,166034-10,2025-01-01,50,+166034,2025-01-01 00:00:00,u
1053,440,407033-5,2025-01-01,50,+407033,2025-01-01 00:00:00,u
1054,440,407804-2,2025-01-01,50,+407804,2025-01-01 00:00:00,u
1055,440,489993-11,2025-01-01,50,+489993,2025-01-01 00:00:00,u
1056,440,918309-3,2025-01-01,50,+918309,2025-01-01 00:00:00,u
1057,441,166034-10,2024-12-01,50,+166034,2024-12-01 00:00:00,u
1058,441,407033-5,2024-12-01,50,+407033,2024-12-01 00:00:00,u
1059,441,407804-2,2024-12-01,50,+407804,2024-12-01 00:00:00,u
1060,441,489993-11,2024-12-01,50,+489993,2024-12-01 00:00:00,u
1061,441,918309-3,2024-12-01,50,+918309,2024-12-01 00:00:00,u
1062,442,166034-10,2024-11-01,50,+166034,2024-11-01 00:00:00,u
1063,442,407033-5,2024-11-01,50,+407033,2024-11-01 00:00:00,u
1064,442,407804-2,2024-11-01,50,+407804,2024-11-01 00:00:00,u
1065,442,489993-11,2024-11-01,50,+489993,2024-11-01 00:00:00,u
1066,442,918309-3,2024-11-01,50,+918309,2024-11-01 00:00:00,u
1067,443,908107-4,2025-11-01,25,+908107,2025-11-01 00:00:00,u
1068,444,908107-4,2025-10-01,25,+908107,2025-10-01 00:00:00,u
1069,445,908107-4,2025-09-01,25,+908107,2025-09-01 00:00:00,u
1070,446,908107-4,2025-08-01,25,+908107,2025-08-01 00:00:00,u
1071,447,908107-4,2025-07-01,25,+908107,2025-07-01 00:00:00,u
1072,448,908107-4,2025-06-01,25,+908107,2025-06-01 00:00:00,u
1073,449,908107-4,2025-05-01,25,+908107,2025-05-01 00:00:00,u
1074,450,908107-4,2025-04-01,25,+908107,2025-04-01 00:00:00,u
1075,451,908107-4,2025-03-01,25,+908107,2025-03-01 00:00:00,u
1076,452,908107-4,2025-02-01,25,+908107,2025-02-01 00:00:00,u
1077,453,908107-4,2025-01-01,25,+908107,2025-01-01 00:00:00,u
1078,454,908107-4,2024-12-01,25,+908107,2024-12-01 00:00:00,u
1079,455,908107-4,2024-11-01,25,+908107,2024-11-01 00:00:00,u
1080,456,370694-2,2025-11-01,40,+370694,2025-11-01 00:00:00,u
1081,456,915232-11,2025-11-01,40,+915232,2025-11-01 00:00:00,u
1082,457,370694-2,2025-10-01,40,+370694,2025-10-01 00:00:00,u
1083,457,915232-11,2025-10-01,40,+915232,2025-10-01 00:00:00,u
1084,458,370694-2,2025-09-01,40,+370694,2025-09-01 00:00:00,u
1085,458,915232-11,2025-09-01,40,+915232,2025-09-01 00:00:00,u
1086,459,370694-2,2025-08-01,40,+370694,2025-08-01 00:00:00,u
1087,459,915232-11,2025-08-01,40,+915232,2025-08-01 00:00:00,u
1088,460,370694-2,2025-07-01,40,+370694,2025-07-01 00:00:00,u
1089,460,915232-11,2025-07-01,40,+915232,2025-07-01 00:00:00,u
1090,461,370694-2,2025-06-01,40,+370694,2025-06-01 00:00:00,u
1091,461,915232-11,2025-06-01,40,+915232,2025-06-01 00:00:00,u
1092,462,370694-2,2025-05-01,40,+370694,2025-05-01 00:00:00,u
1093,462,915232-11,2025-05-01,40,+915232,2025-05-01 00:00:00,u
1094,463,370694-2,2025-04-01,40,+370694,2025-04-01 00:00:00,u
1095,463,915232-11,2025-04-01,40,+915232,2025-04-01 00:00:00,u
1096,464,370694-2,2025-03-01,40,+370694,2025-03-01 00:00:00,u
1097,464,915232-11,2025-03-01,40,+915232,2025-03-01 00:00:00,u
1098,465,370694-2,2025-02-01,40,+370694,2025-02-01 00:00:00,u
1099,465,915232-11,2025-02-01,40,+915232,2025-02-01 00:00:00,u
1100,466,370694-2,2025-01-01,40,+370694,2025-01-01 00:00:00,u
1101,466,915232-11,2025-01-01,40,+915232,2025-01-01 00:00:00,u
1102,467,370694-2,2024-12-01,40,+370694,2024-12-01 00:00:00,u
1103,467,915232-11,2024-12-01,40,+915232,2024-12-01 00:00:00,u
1104,468,370694-2,2024-11-01,40,+370694,2024-11-01 00:00:00,u
1105,468,915232-11,2024-11-01,40,+915232,2024-11-01 00:00:00,u
1106,469,421830-4,2025-11-01,50,+421830,2025-11-01 00:00:00,u
1107,469,448197-9,2025-11-01,50,+448197,2025-11-01 00:00:00,u
1108,469,481492-13,2025-11-01,50,+481492,2025-11-01 00:00:00,u
1109,469,915214-10,2025-11-01,50,+915214,2025-11-01 00:00:00,u
1110,470,421830-4,2025-10-01,50,+421830,2025-10-01 00:00:00,u
1111,470,448197-9,2025-10-01,50,+448197,2025-10-01 00:00:00,u
1112,470,481492-13,2025-10-01,50,+481492,2025-10-01 00:00:00,u
1113,470,915214-10,2025-10-01,50,+915214,2025-10-01 00:00:00,u
1114,471,421830-4,2025-09-01,50,+421830,2025-09-01 00:00:00,u
1115,471,448197-9,2025-09-01,50,+448197,2025-09-01 00:00:00,u
1116,471,481492-13,2025-09-01,50,+481492,2025-09-01 00:00:00,u
1117,471,915214-10,2025-09-01,50,+915214,2025-09-01 00:00:00,u
1118,472,421830-4,2025-08-01,50,+421830,2025-08-01 00:00:00,u
1119,472,448197-9,2025-08-01,50,+448197,2025-08-01 00:00:00,u
1120,472,481492-13,2025-08-01,50,+481492,2025-08-01 00:00:00,u
1121,472,915214-10,2025-08-01,50,+915214,2025-08-01 00:00:00,u
1122,473,421830-4,2025-07-01,50,+421830,2025-07-01 00:00:00,u
1123,473,448197-9,2025-07-01,50,+448197,2025-07-01 00:00:00,u
1124,473,481492-13,2025-07-01,50,+481492,2025-07-01 00:00:00,u
1125,473,915214-10,2025-07-01,50,+915214,2025-07-01 00:00:00,u
1126,474,421830-4,2025-06-01,50,+421830,2025-06-01 00:00:00,u
1127,474,448197-9,2025-06-01,50,+448197,2025-06-01 00:00:00,u
1128,474,481492-13,2025-06-01,50,+481492,2025-06-01 00:00:00,u
1129,474,915214-10,2025-06-01,50,+915214,2025-06-01 00:00:00,u
1130,475,421830-4,2025-05-01,50,+421830,2025-05-01 00:00:00,u
1131,475,448197-9,2025-05-01,50,+448197,2025-05-01 00:00:00,u
1132,475,481492-13,2025-05-01,50,+481492,2025-05-01 00:00:00,u
1133,475,915214-10,2025-05-01,50,+915214,2025-05-01 00:00:00,u
1134,476,421830-4,2025-04-01,50,+421830,2025-04-01 00:00:00,u
1135,476,448197-9,2025-04-01,50,+448197,2025-04-01 00:00:00,u
1136,476,481492-13,2025-04-01,50,+481492,2025-04-01 00:00:00,u
1137,476,915214-10,2025-04-01,50,+915214,2025-04-01 00:00:00,u
1138,477,421830-4,2025-03-01,50,+421830,2025-03-01 00:00:00,u
1139,477,448197-9,2025-03-01,50,+448197,2025-03-01 00:00:00,u
1140,477,481492-13,2025-03-01,50,+481492,2025-03-01 00:00:00,u
1141,477,915214-10,2025-03-01,50,+915214,2025-03-01 00:00:00,u
1142,478,421830-4,2025-02-01,50,+421830,2025-02-01 00:00:00,u
1143,478,448197-9,2025-02-01,50,+448197,2025-02-01 00:00:00,u
1144,478,481492-13,2025-02-01,50,+481492,2025-02-01 00:00:00,u
1145,478,915214-10,2025-02-01,50,+915214,2025-02-01 00:00:00,u
1146,479,421830-4,2025-01-01,50,+421830,2025-01-01 00:00:00,u
1147,479,448197-9,2025-01-01,50,+448197,2025-01-01 00:00:00,u
1148,479,481492-13,2025-01-01,50,+481492,2025-01-01 00:00:00,u
1149,479,915214-10,2025-01-01,50,+915214,2025-01-01 00:00:00,u
1150,480,421830-4,2024-12-01,50,+421830,2024-12-01 00:00:00,u
1151,480,448197-9,2024-12-01,50,+448197,2024-12-01 00:00:00,u
1152,480,481492-13,2024-12-01,50,+481492,2024-12-01 00:00:00,u
1153,480,915214-10,2024-12-01,50,+915214,2024-12-01 00:00:00,u
1154,481,421830-4,2024-11-01,50,+421830,2024-11-01 00:00:00,u
1155,481,448197-9,2024-11-01,50,+448197,2024-11-01 00:00:00,u
1156,481,481492-13,2024-11-01,50,+481492,2024-11-01 00:00:00,u
1157,481,915214-10,2024-11-01,50,+915214,2024-11-01 00:00:00,u
1158,482,343126-9,2025-11-01,25,+343126,2025-11-01 00:00:00,u
1159,482,370023-5,2025-11-01,25,+370023,2025-11-01 00:00:00,u
1160,482,380728-2,2025-11-01,25,+380728,2025-11-01 00:00:00,u
1161,482,902635-4,2025-11-01,25,+902635,2025-11-01 00:00:00,u
1162,482,911076-7,2025-11-01,25,+911076,2025-11-01 00:00:00,u
1163,483,343126-9,2025-10-01,25,+343126,2025-10-01 00:00:00,u
1164,483,370023-5,2025-10-01,25,+370023,2025-10-01 00:00:00,u
1165,483,380728-2,2025-10-01,25,+380728,2025-10-01 00:00:00,u
1166,483,902635-4,2025-10-01,25,+902635,2025-10-01 00:00:00,u
1167,483,911076-7,2025-10-01,25,+911076,2025-10-01 00:00:00,u
1168,484,343126-9,2025-09-01,25,+343126,2025-09-01 00:00:00,u
1169,484,370023-5,2025-09-01,25,+370023,2025-09-01 00:00:00,u
1170,484,380728-2,2025-09-01,25,+380728,2025-09-01 00:00:00,u
1171,484,902635-4,2025-09-01,25,+902635,2025-09-01 00:00:00,u
1172,484,911076-7,2025-09-01,25,+911076,2025-09-01 00:00:00,u
1173,485,343126-9,2025-08-01,25,+343126,2025-08-01 00:00:00,u
1174,485,370023-5,2025-08-01,25,+370023,2025-08-01 00:00:00,u
1175,485,380728-2,2025-08-01,25,+380728,2025-08-01 00:00:00,u
1176,485,902635-4,2025-08-01,25,+902635,2025-08-01 00:00:00,u
1177,485,911076-7,2025-08-01,25,+911076,2025-08-01 00:00:00,u
1178,486,343126-9,2025-07-01,25,+343126,2025-07-01 00:00:00,u
1179,486,370023-5,2025-07-01,25,+370023,2025-07-01 00:00:00,u
1180,486,380728-2,2025-07-01,25,+380728,2025-07-01 00:00:00,u
1181,486,902635-4,2025-07-01,25,+902635,2025-07-01 00:00:00,u
1182,486,911076-7,2025-07-01,25,+911076,2025-07-01 00:00:00,u
1183,487,343126-9,2025-06-01,25,+343126,2025-06-01 00:00:00,u
1184,487,370023-5,2025-06-01,25,+370023,2025-06-01 00:00:00,u
1185,487,380728-2,2025-06-01,25,+380728,2025-06-01 00:00:00,u
1186,487,902635-4,2025-06-01,25,+902635,2025-06-01 00:00:00,u
1187,487,911076-7,2025-06-01,25,+911076,2025-06-01 00:00:00,u
1188,488,343126-9,2025-05-01,25,+343126,2025-05-01 00:00:00,u
1189,488,370023-5,2025-05-01,25,+370023,2025-05-01 00:00:00,u
1190,488,380728-2,2025-05-01,25,+380728,2025-05-01 00:00:00,u
1191,488,902635-4,2025-05-01,25,+902635,2025-05-01 00:00:00,u
1192,488,911076-7,2025-05-01,25,+911076,2025-05-01 00:00:00,u
1193,489,343126-9,2025-04-01,25,+343126,2025-04-01 00:00:00,u
1194,489,370023-5,2025-04-01,25,+370023,2025-04-01 00:00:00,u
1195,489,380728-2,2025-04-01,25,+380728,2025-04-01 00:00:00,u
1196,489,902635-4,2025-04-01,25,+902635,2025-04-01 00:00:00,u
1197,489,911076-7,2025-04-01,25,+911076,2025-04-01 00:00:00,u
1198,490,343126-9,2025-03-01,25,+343126,2025-03-01 00:00:00,u
1199,490,370023-5,2025-03-01,25,+370023,2025-03-01 00:00:00,u
1200,490,380728-2,2025-03-01,25,+380728,2025-03-01 00:00:00,u
1201,490,902635-4,2025-03-01,25,+902635,2025-03-01 00:00:00,u
1202,490,911076-7,2025-03-01,25,+911076,2025-03-01 00:00:00,u
1203,491,343126-9,2025-02-01,25,+343126,2025-02-01 00:00:00,u
1204,491,370023-5,2025-02-01,25,+370023,2025-02-01 00:00:00,u
1205,491,380728-2,2025-02-01,25,+380728,2025-02-01 00:00:00,u
1206,491,902635-4,2025-02-01,25,+902635,2025-02-01 00:00:00,u
1207,491,911076-7,2025-02-01,25,+911076,2025-02-01 00:00:00,u
1208,492,343126-9,2025-01-01,25,+343126,2025-01-01 00:00:00,u
1209,492,370023-5,2025-01-01,25,+370023,2025-01-01 00:00:00,u
1210,492,380728-2,2025-01-01,25,+380728,2025-01-01 00:00:00,u
1211,492,902635-4,2025-01-01,25,+902635,2025-01-01 00:00:00,u
1212,492,911076-7,2025-01-01,25,+911076,2025-01-01 00:00:00,u
1213,493,343126-9,2024-12-01,25,+343126,2024-12-01 00:00:00,u
1214,493,370023-5,2024-12-01,25,+370023,2024-12-01 00:00:00,u
1215,493,380728-2,2024-12-01,25,+380728,2024-12-01 00:00:00,u
1216,493,902635-4,2024-12-01,25,+902635,2024-12-01 00:00:00,u
1217,493,911076-7,2024-12-01,25,+911076,2024-12-01 00:00:00,u
1218,494,343126-9,2024-11-01,25,+343126,2024-11-01 00:00:00,u
1219,494,370023-5,2024-11-01,25,+370023,2024-11-01 00:00:00,u
1220,494,380728-2,2024-11-01,25,+380728,2024-11-01 00:00:00,u
1221,494,902635-4,2024-11-01,25,+902635,2024-11-01 00:00:00,u
1222,494,911076-7,2024-11-01,25,+911076,2024-11-01 00:00:00,u
1223,495,375026-8,2025-11-01,40,+375026,2025-11-01 00:00:00,u
1224,495,518811-12,2025-11-01,40,+518811,2025-11-01 00:00:00,u
1225,495,617996-9,2025-11-01,40,+617996,2025-11-01 00:00:00,u
1226,495,655062-1,2025-11-01,40,+655062,2025-11-01 00:00:00,u
1227,495,754841-3,2025-11-01,40,+754841,2025-11-01 00:00:00,u
1228,496,375026-8,2025-10-01,40,+375026,2025-10-01 00:00:00,u
1229,496,518811-12,2025-10-01,40,+518811,2025-10-01 00:00:00,u
1230,496,617996-9,2025-10-01,40,+617996,2025-10-01 00:00:00,u
1231,496,655062-1,2025-10-01,40,+655062,2025-10-01 00:00:00,u
1232,496,754841-3,2025-10-01,40,+754841,2025-10-01 00:00:00,u
1233,497,375026-8,2025-09-01,40,+375026,2025-09-01 00:00:00,u
1234,497,518811-12,2025-09-01,40,+518811,2025-09-01 00:00:00,u
1235,497,617996-9,2025-09-01,40,+617996,2025-09-01 00:00:00,u
1236,497,655062-1,2025-09-01,40,+655062,2025-09-01 00:00:00,u
1237,497,754841-3,2025-09-01,40,+754841,2025-09-01 00:00:00,u
1238,498,375026-8,2025-08-01,40,+375026,2025-08-01 00:00:00,u
1239,498,518811-12,2025-08-01,40,+518811,2025-08-01 00:00:00,u
1240,498,617996-9,2025-08-01,40,+617996,2025-08-01 00:00:00,u
1241,498,655062-1,2025-08-01,40,+655062,2025-08-01 00:00:00,u
1242,498,754841-3,2025-08-01,40,+754841,2025-08-01 00:00:00,u
1243,499,375026-8,2025-07-01,40,+375026,2025-07-01 00:00:00,u
1244,499,518811-12,2025-07-01,40,+518811,2025-07-01 00:00:00,u
1245,499,617996-9,2025-07-01,40,+617996,2025-07-01 00:00:00,u
1246,499,655062-1,2025-07-01,40,+655062,2025-07-01 00:00:00,u
1247,499,754841-3,2025-07-01,40,+754841,2025-07-01 00:00:00,u
1248,500,375026-8,2025-06-01,40,+375026,2025-06-01 00:00:00,u
1249,500,518811-12,2025-06-01,40,+518811,2025-06-01 00:00:00,u
1250,500,617996-9,2025-06-01,40,+617996,2025-06-01 00:00:00,u
1251,500,655062-1,2025-06-01,40,+655062,2025-06-01 00:00:00,u
1252,500,754841-3,2025-06-01,40,+754841,2025-06-01 00:00:00,u
1253,501,375026-8,2025-05-01,40,+375026,2025-05-01 00:00:00,u
1254,501,518811-12,2025-05-01,40,+518811,2025-05-01 00:00:00,u
1255,501,617996-9,2025-05-01,40,+617996,2025-05-01 00:00:00,u
1256,501,655062-1,2025-05-01,40,+655062,2025-05-01 00:00:00,u
1257,501,754841-3,2025-05-01,40,+754841,2025-05-01 00:00:00,u
1258,502,375026-8,2025-04-01,40,+375026,2025-04-01 00:00:00,u
1259,502,518811-12,2025-04-01,40,+518811,2025-04-01 00:00:00,u
1260,502,617996-9,2025-04-01,40,+617996,2025-04-01 00:00:00,u
1261,502,655062-1,2025-04-01,40,+655062,2025-04-01 00:00:00,u
1262,502,754841-3,2025-04-01,40,+754841,2025-04-01 00:00:00,u
1263,503,375026-8,2025-03-01,40,+375026,2025-03-01 00:00:00,u
1264,503,518811-12,2025-03-01,40,+518811,2025-03-01 00:00:00,u
1265,503,617996-9,2025-03-01,40,+617996,2025-03-01 00:00:00,u
1266,503,655062-1,2025-03-01,40,+655062,2025-03-01 00:00:00,u
1267,503,754841-3,2025-03-01,40,+754841,2025-03-01 00:00:00,u
1268,504,375026-8,2025-02-01,40,+375026,2025-02-01 00:00:00,u
1269,504,518811-12,2025-02-01,40,+518811,2025-02-01 00:00:00,u
1270,504,617996-9,2025-02-01,40,+617996,2025-02-01 00:00:00,u
1271,504,655062-1,2025-02-01,40,+655062,2025-02-01 00:00:00,u
1272,504,754841-3,2025-02-01,40,+754841,2025-02-01 00:00:00,u
1273,505,375026-8,2025-01-01,40,+375026,2025-01-01 00:00:00,u
1274,505,518811-12,2025-01-01,40,+518811,2025-01-01 00:00:00,u
1275,505,617996-9,2025-01-01,40,+617996,2025-01-01 00:00:00,u
1276,505,655062-1,2025-01-01,40,+655062,2025-01-01 00:00:00,u
1277,505,754841-3,2025-01-01,40,+754841,2025-01-01 00:00:00,u
1278,506,375026-8,2024-12-01,40,+375026,2024-12-01 00:00:00,u
1279,506,518811-12,2024-12-01,40,+518811,2024-12-01 00:00:00,u
1280,506,617996-9,2024-12-01,40,+617996,2024-12-01 00:00:00,u
1281,506,655062-1,2024-12-01,40,+655062,2024-12-01 00:00:00,u
1282,506,754841-3,2024-12-01,40,+754841,2024-12-01 00:00:00,u
1283,507,375026-8,2024-11-01,40,+375026,2024-11-01 00:00:00,u
1284,507,518811-12,2024-11-01,40,+518811,2024-11-01 00:00:00,u
1285,507,617996-9,2024-11-01,40,+617996,2024-11-01 00:00:00,u
1286,507,655062-1,2024-11-01,40,+655062,2024-11-01 00:00:00,u
1287,507,754841-3,2024-11-01,40,+754841,2024-11-01 00:00:00,u
1288,508,351563-2,2025-11-01,25,+351563,2025-11-01 00:00:00,u
1289,508,902708-7,2025-11-01,25,+902708,2025-11-01 00:00:00,u
1290,509,351563-2,2025-10-01,25,+351563,2025-10-01 00:00:00,u
1291,509,902708-7,2025-10-01,25,+902708,2025-10-01 00:00:00,u
1292,510,351563-2,2025-09-01,25,+351563,2025-09-01 00:00:00,u
1293,510,902708-7,2025-09-01,25,+902708,2025-09-01 00:00:00,u
1294,511,351563-2,2025-08-01,25,+351563,2025-08-01 00:00:00,u
1295,511,902708-7,2025-08-01,25,+902708,2025-08-01 00:00:00,u
1296,512,351563-2,2025-07-01,25,+351563,2025-07-01 00:00:00,u
1297,512,902708-7,2025-07-01,25,+902708,2025-07-01 00:00:00,u
1298,513,351563-2,2025-06-01,25,+351563,2025-06-01 00:00:00,u
1299,513,902708-7,2025-06-01,25,+902708,2025-06-01 00:00:00,u
1300,514,351563-2,2025-05-01,25,+351563,2025-05-01 00:00:00,u
1301,514,902708-7,2025-05-01,25,+902708,2025-05-01 00:00:00,u
1302,515,351563-2,2025-04-01,25,+351563,2025-04-01 00:00:00,u
1303,515,902708-7,2025-04-01,25,+902708,2025-04-01 00:00:00,u
1304,516,351563-2,2025-03-01,25,+351563,2025-03-01 00:00:00,u
1305,516,902708-7,2025-03-01,25,+902708,2025-03-01 00:00:00,u
1306,517,351563-2,2025-02-01,25,+351563,2025-02-01 00:00:00,u
1307,517,902708-7,2025-02-01,25,+902708,2025-02-01 00:00:00,u
1308,518,351563-2,2025-01-01,25,+351563,2025-01-01 00:00:00,u
1309,518,902708-7,2025-01-01,25,+902708,2025-01-01 00:00:00,u
1310,519,351563-2,2024-12-01,25,+351563,2024-12-01 00:00:00,u
1311,519,902708-7,2024-12-01,25,+902708,2024-12-01 00:00:00,u
1312,520,351563-2,2024-11-01,25,+351563,2024-11-01 00:00:00,u
1313,520,902708-7,2024-11-01,25,+902708,2024-11-01 00:00:00,u
1314,521,860759-4,2025-11-01,40,+860759,2025-11-01 00:00:00,u
1315,521,916334-13,2025-11-01,40,+916334,2025-11-01 00:00:00,u
1316,522,860759-4,2025-10-01,40,+860759,2025-10-01 00:00:00,u
1317,522,916334-13,2025-10-01,40,+916334,2025-10-01 00:00:00,u
1318,523,860759-4,2025-09-01,40,+860759,2025-09-01 00:00:00,u
1319,523,916334-13,2025-09-01,40,+916334,2025-09-01 00:00:00,u
1320,524,860759-4,2025-08-01,40,+860759,2025-08-01 00:00:00,u
1321,524,916334-13,2025-08-01,40,+916334,2025-08-01 00:00:00,u
1322,525,860759-4,2025-07-01,40,+860759,2025-07-01 00:00:00,u
1323,525,916334-13,2025-07-01,40,+916334,2025-07-01 00:00:00,u
1324,526,860759-4,2025-06-01,40,+860759,2025-06-01 00:00:00,u
1325,526,916334-13,2025-06-01,40,+916334,2025-06-01 00:00:00,u
1326,527,860759-4,2025-05-01,40,+860759,2025-05-01 00:00:00,u
1327,527,916334-13,2025-05-01,40,+916334,2025-05-01 00:00:00,u
1328,528,860759-4,2025-04-01,40,+860759,2025-04-01 00:00:00,u
1329,528,916334-13,2025-04-01,40,+916334,2025-04-01 00:00:00,u
1330,529,860759-4,2025-03-01,40,+860759,2025-03-01 00:00:00,u
1331,529,916334-13,2025-03-01,40,+916334,2025-03-01 00:00:00,u
1332,530,860759-4,2025-02-01,40,+860759,2025-02-01 00:00:00,u
1333,530,916334-13,2025-02-01,40,+916334,2025-02-01 00:00:00,u
1334,531,860759-4,2025-01-01,40,+860759,2025-01-01 00:00:00,u
1335,531,916334-13,2025-01-01,40,+916334,2025-01-01 00:00:00,u
1336,532,860759-4,2024-12-01,40,+860759,2024-12-01 00:00:00,u
1337,532,916334-13,2024-12-01,40,+916334,2024-12-01 00:00:00,u
1338,533,860759-4,2024-11-01,40,+860759,2024-11-01 00:00:00,u
1339,533,916334-13,2024-11-01,40,+916334,2024-11-01 00:00:00,u
1340,534,345933-7,2025-11-01,50,+345933,2025-11-01 00:00:00,u
1341,534,528533-12,2025-11-01,50,+528533,2025-11-01 00:00:00,u
1342,534,918686-1,2025-11-01,50,+918686,2025-11-01 00:00:00,u
1343,535,345933-7,2025-10-01,50,+345933,2025-10-01 00:00:00,u
1344,535,528533-12,2025-10-01,50,+528533,2025-10-01 00:00:00,u
1345,535,918686-1,2025-10-01,50,+918686,2025-10-01 00:00:00,u
1346,536,345933-7,2025-09-01,50,+345933,2025-09-01 00:00:00,u
1347,536,528533-12,2025-09-01,50,+528533,2025-09-01 00:00:00,u
1348,536,918686-1,2025-09-01,50,+918686,2025-09-01 00:00:00,u
1349,537,345933-7,2025-08-01,50,+345933,2025-08-01 00:00:00,u
1350,537,528533-12,2025-08-01,50,+528533,2025-08-01 00:00:00,u
1351,537,918686-1,2025-08-01,50,+918686,2025-08-01 00:00:00,u
1352,538,345933-7,2025-07-01,50,+345933,2025-07-01 00:00:00,u
1353,538,528533-12,2025-07-01,50,+528533,2025-07-01 00:00:00,u
1354,538,918686-1,2025-07-01,50,+918686,2025-07-01 00:00:00,u
1355,539,345933-7,2025-06-01,50,+345933,2025-06-01 00:00:00,u
1356,539,528533-12,2025-06-01,50,+528533,2025-06-01 00:00:00,u
1357,539,918686-1,2025-06-01,50,+918686,2025-06-01 00:00:00,u
1358,540,345933-7,2025-05-01,50,+345933,2025-05-01 00:00:00,u
1359,540,528533-12,2025-05-01,50,+528533,2025-05-01 00:00:00,u
1360,540,918686-1,2025-05-01,50,+918686,2025-05-01 00:00:00,u
1361,541,345933-7,2025-04-01,50,+345933,2025-04-01 00:00:00,u
1362,541,528533-12,2025-04-01,50,+528533,2025-04-01 00:00:00,u
1363,541,918686-1,2025-04-01,50,+918686,2025-04-01 00:00:00,u
1364,542,345933-7,2025-03-01,50,+345933,2025-03-01 00:00:00,u
1365,542,528533-12,2025-03-01,50,+528533,2025-03-01 00:00:00,u
1366,542,918686-1,2025-03-01,50,+918686,2025-03-01 00:00:00,u
1367,543,345933-7,2025-02-01,50,+345933,2025-02-01 00:00:00,u
1368,543,528533-12,2025-02-01,50,+528533,2025-02-01 00:00:00,u
1369,543,918686-1,2025-02-01,50,+918686,2025-02-01 00:00:00,u
1370,544,345933-7,2025-01-01,50,+345933,2025-01-01 00:00:00,u
1371,544,528533-12,2025-01-01,50,+528533,2025-01-01 00:00:00,u
1372,544,918686-1,2025-01-01,50,+918686,2025-01-01 00:00:00,u
1373,545,345933-7,2024-12-01,50,+345933,2024-12-01 00:00:00,u
1374,545,528533-12,2024-12-01,50,+528533,2024-12-01 00:00:00,u
1375,545,918686-1,2024-12-01,50,+918686,2024-12-01 00:00:00,u
1376,546,345933-7,2024-11-01,50,+345933,2024-11-01 00:00:00,u
1377,546,528533-12,2024-11-01,50,+528533,2024-11-01 00:00:00,u
1378,546,918686-1,2024-11-01,50,+918686,2024-11-01 00:00:00,u
1379,547,160219-8,2025-11-01,25,+160219,2025-11-01 00:00:00,u
1380,547,905010-10,2025-11-01,25,+905010,2025-11-01 00:00:00,u
1381,547,905023-2,2025-11-01,25,+905023,2025-11-01 00:00:00,u
1382,548,160219-8,2025-10-01,25,+160219,2025-10-01 00:00:00,u
1383,548,905010-10,2025-10-01,25,+905010,2025-10-01 00:00:00,u
1384,548,905023-2,2025-10-01,25,+905023,2025-10-01 00:00:00,u
1385,549,160219-8,2025-09-01,25,+160219,2025-09-01 00:00:00,u
1386,549,905010-10,2025-09-01,25,+905010,2025-09-01 00:00:00,u
1387,549,905023-2,2025-09-01,25,+905023,2025-09-01 00:00:00,u
1388,550,160219-8,2025-08-01,25,+160219,2025-08-01 00:00:00,u
1389,550,905010-10,2025-08-01,25,+905010,2025-08-01 00:00:00,u
1390,550,905023-2,2025-08-01,25,+905023,2025-08-01 00:00:00,u
1391,551,160219-8,2025-07-01,25,+160219,2025-07-01 00:00:00,u
1392,551,905010-10,2025-07-01,25,+905010,2025-07-01 00:00:00,u
1393,551,905023-2,2025-07-01,25,+905023,2025-07-01 00:00:00,u
1394,552,160219-8,2025-06-01,25,+160219,2025-06-01 00:00:00,u
1395,552,905010-10,2025-06-01,25,+905010,2025-06-01 00:00:00,u
1396,552,905023-2,2025-06-01,25,+905023,2025-06-01 00:00:00,u
1397,553,160219-8,2025-05-01,25,+160219,2025-05-01 00:00:00,u
1398,553,905010-10,2025-05-01,25,+905010,2025-05-01 00:00:00,u
1399,553,905023-2,2025-05-01,25,+905023,2025-05-01 00:00:00,u
1400,554,160219-8,2025-04-01,25,+160219,2025-04-01 00:00:00,u
1401,554,905010-10,2025-04-01,25,+905010,2025-04-01 00:00:00,u
1402,554,905023-2,2025-04-01,25,+905023,2025-04-01 00:00:00,u
1403,555,160219-8,2025-03-01,25,+160219,2025-03-01 00:00:00,u
1404,555,905010-10,2025-03-01,25,+905010,2025-03-01 00:00:00,u
1405,555,905023-2,2025-03-01,25,+905023,2025-03-01 00:00:00,u
1406,556,160219-8,2025-02-01,25,+160219,2025-02-01 00:00:00,u
1407,556,905010-10,2025-02-01,25,+905010,2025-02-01 00:00:00,u
1408,556,905023-2,2025-02-01,25,+905023,2025-02-01 00:00:00,u
1409,557,160219-8,2025-01-01,25,+160219,2025-01-01 00:00:00,u
1410,557,905010-10,2025-01-01,25,+905010,2025-01-01 00:00:00,u
1411,557,905023-2,2025-01-01,25,+905023,2025-01-01 00:00:00,u
1412,558,160219-8,2024-12-01,25,+160219,2024-12-01 00:00:00,u
1413,558,905010-10,2024-12-01,25,+905010,2024-12-01 00:00:00,u
1414,558,905023-2,2024-12-01,25,+905023,2024-12-01 00:00:00,u
1415,559,160219-8,2024-11-01,25,+160219,2024-11-01 00:00:00,u
1416,559,905010-10,2024-11-01,25,+905010,2024-11-01 00:00:00,u
1417,559,905023-2,2024-11-01,25,+905023,2024-11-01 00:00:00,u
1418,560,347089-8,2025-11-01,40,+347089,2025-11-01 00:00:00,u
1419,560,380878-5,2025-11-01,40,+380878,2025-11-01 00:00:00,u
1420,560,914527-13,2025-11-01,40,+914527,2025-11-01 00:00:00,u
1421,561,347089-8,2025-10-01,40,+347089,2025-10-01 00:00:00,u
1422,561,380878-5,2025-10-01,40,+380878,2025-10-01 00:00:00,u
1423,561,914527-13,2025-10-01,40,+914527,2025-10-01 00:00:00,u
1424,562,347089-8,2025-09-01,40,+347089,2025-09-01 00:00:00,u
1425,562,380878-5,2025-09-01,40,+380878,2025-09-01 00:00:00,u
1426,562,914527-13,2025-09-01,40,+914527,2025-09-01 00:00:00,u
1427,563,347089-8,2025-08-01,40,+347089,2025-08-01 00:00:00,u
1428,563,380878-5,2025-08-01,40,+380878,2025-08-01 00:00:00,u
1429,563,914527-13,2025-08-01,40,+914527,2025-08-01 00:00:00,u
1430,564,347089-8,2025-07-01,40,+347089,2025-07-01 00:00:00,u
1431,564,380878-5,2025-07-01,40,+380878,2025-07-01 00:00:00,u
1432,564,914527-13,2025-07-01,40,+914527,2025-07-01 00:00:00,u
1433,565,347089-8,2025-06-01,40,+347089,2025-06-01 00:00:00,u
1434,565,380878-5,2025-06-01,40,+380878,2025-06-01 00:00:00,u
1435,565,914527-13,2025-06-01,40,+914527,2025-06-01 00:00:00,u
1436,566,347089-8,2025-05-01,40,+347089,2025-05-01 00:00:00,u
1437,566,380878-5,2025-05-01,40,+380878,2025-05-01 00:00:00,u
1438,566,914527-13,2025-05-01,40,+914527,2025-05-01 00:00:00,u
1439,567,347089-8,2025-04-01,40,+347089,2025-04-01 00:00:00,u
1440,567,380878-5,2025-04-01,40,+380878,2025-04-01 00:00:00,u
1441,567,914527-13,2025-04-01,40,+914527,2025-04-01 00:00:00,u
1442,568,347089-8,2025-03-01,40,+347089,2025-03-01 00:00:00,u
1443,568,380878-5,2025-03-01,40,+380878,2025-03-01 00:00:00,u
1444,568,914527-13,2025-03-01,40,+914527,2025-03-01 00:00:00,u
1445,569,347089-8,2025-02-01,40,+347089,2025-02-01 00:00:00,u
1446,569,380878-5,2025-02-01,40,+380878,2025-02-01 00:00:00,u
1447,569,914527-13,2025-02-01,40,+914527,2025-02-01 00:00:00,u
1448,570,347089-8,2025-01-01,40,+347089,2025-01-01 00:00:00,u
1449,570,380878-5,2025-01-01,40,+380878,2025-01-01 00:00:00,u
1450,570,914527-13,2025-01-01,40,+914527,2025-01-01 00:00:00,u
1451,571,347089-8,2024-12-01,40,+347089,2024-12-01 00:00:00,u
1452,571,380878-5,2024-12-01,40,+380878,2024-12-01 00:00:00,u
1453,571,914527-13,2024-12-01,40,+914527,2024-12-01 00:00:00,u
1454,572,347089-8,2024-11-01,40,+347089,2024-11-01 00:00:00,u
1455,572,380878-5,2024-11-01,40,+380878,2024-11-01 00:00:00,u
1456,572,914527-13,2024-11-01,40,+914527,2024-11-01 00:00:00,u
1457,573,372154-13,2025-11-01,50,+372154,2025-11-01 00:00:00,u
1458,573,496945-11,2025-11-01,50,+496945,2025-11-01 00:00:00,u
1459,573,825765-12,2025-11-01,50,+825765,2025-11-01 00:00:00,u
1460,573,828646-2,2025-11-01,50,+828646,2025-11-01 00:00:00,u
1461,573,903917-6,2025-11-01,50,+903917,2025-11-01 00:00:00,u
1462,574,372154-13,2025-10-01,50,+372154,2025-10-01 00:00:00,u
1463,574,496945-11,2025-10-01,50,+496945,2025-10-01 00:00:00,u
1464,574,825765-12,2025-10-01,50,+825765,2025-10-01 00:00:00,u
1465,574,828646-2,2025-10-01,50,+828646,2025-10-01 00:00:00,u
1466,574,903917-6,2025-10-01,50,+903917,2025-10-01 00:00:00,u
1467,575,372154-13,2025-09-01,50,+372154,2025-09-01 00:00:00,u
1468,575,496945-11,2025-09-01,50,+496945,2025-09-01 00:00:00,u
1469,575,825765-12,2025-09-01,50,+825765,2025-09-01 00:00:00,u
1470,575,828646-2,2025-09-01,50,+828646,2025-09-01 00:00:00,u
1471,575,903917-6,2025-09-01,50,+903917,2025-09-01 00:00:00,u
1472,576,372154-13,2025-08-01,50,+372154,2025-08-01 00:00:00,u
1473,576,496945-11,2025-08-01,50,+496945,2025-08-01 00:00:00,u
1474,576,825765-12,2025-08-01,50,+825765,2025-08-01 00:00:00,u
1475,576,828646-2,2025-08-01,50,+828646,2025-08-01 00:00:00,u
1476,576,903917-6,2025-08-01,50,+903917,2025-08-01 00:00:00,u
1477,577,372154-13,2025-07-01,50,+372154,2025-07-01 00:00:00,u
1478,577,496945-11,2025-07-01,50,+496945,2025-07-01 00:00:00,u
1479,577,825765-12,2025-07-01,50,+825765,2025-07-01 00:00:00,u
1480,577,828646-2,2025-07-01,50,+828646,2025-07-01 00:00:00,u
1481,577,903917-6,2025-07-01,50,+903917,2025-07-01 00:00:00,u
1482,578,372154-13,2025-06-01,50,+372154,2025-06-01 00:00:00,u
1483,578,496945-11,2025-06-01,50,+496945,2025-06-01 00:00:00,u
1484,578,825765-12,2025-06-01,50,+825765,2025-06-01 00:00:00,u
1485,578,828646-2,2025-06-01,50,+828646,2025-06-01 00:00:00,u
1486,578,903917-6,2025-06-01,50,+903917,2025-06-01 00:00:00,u
1487,579,372154-13,2025-05-01,50,+372154,2025-05-01 00:00:00,u
1488,579,496945-11,2025-05-01,50,+496945,2025-05-01 00:00:00,u
1489,579,825765-12,2025-05-01,50,+825765,2025-05-01 00:00:00,u
1490,579,828646-2,2025-05-01,50,+828646,2025-05-01 00:00:00,u
1491,579,903917-6,2025-05-01,50,+903917,2025-05-01 00:00:00,u
1492,580,372154-13,2025-04-01,50,+372154,2025-04-01 00:00:00,u
1493,580,496945-11,2025-04-01,50,+496945,2025-04-01 00:00:00,u
1494,580,825765-12,2025-04-01,50,+825765,2025-04-01 00:00:00,u
1495,580,828646-2,2025-04-01,50,+828646,2025-04-01 00:00:00,u
1496,580,903917-6,2025-04-01,50,+903917,2025-04-01 00:00:00,u
1497,581,372154-13,2025-03-01,50,+372154,2025-03-01 00:00:00,u
1498,581,496945-11,2025-03-01,50,+496945,2025-03-01 00:00:00,u
1499,581,825765-12,2025-03-01,50,+825765,2025-03-01 00:00:00,u
1500,581,828646-2,2025-03-01,50,+828646,2025-03-01 00:00:00,u
1501,581,903917-6,2025-03-01,50,+903917,2025-03-01 00:00:00,u
1502,582,372154-13,2025-02-01,50,+372154,2025-02-01 00:00:00,u
1503,582,496945-11,2025-02-01,50,+496945,2025-02-01 00:00:00,u
1504,582,825765-12,2025-02-01,50,+825765,2025-02-01 00:00:00,u
1505,582,828646-2,2025-02-01,50,+828646,2025-02-01 00:00:00,u
1506,582,903917-6,2025-02-01,50,+903917,2025-02-01 00:00:00,u
1507,583,372154-13,2025-01-01,50,+372154,2025-01-01 00:00:00,u
1508,583,496945-11,2025-01-01,50,+496945,2025-01-01 00:00:00,u
1509,583,825765-12,2025-01-01,50,+825765,2025-01-01 00:00:00,u
1510,583,828646-2,2025-01-01,50,+828646,2025-01-01 00:00:00,u
1511,583,903917-6,2025-01-01,50,+903917,2025-01-01 00:00:00,u
1512,584,372154-13,2024-12-01,50,+372154,2024-12-01 00:00:00,u
1513,584,496945-11,2024-12-01,50,+496945,2024-12-01 00:00:00,u
1514,584,825765-12,2024-12-01,50,+825765,2024-12-01 00:00:00,u
1515,584,828646-2,2024-12-01,50,+828646,2024-12-01 00:00:00,u
1516,584,903917-6,2024-12-01,50,+903917,2024-12-01 00:00:00,u
1517,585,372154-13,2024-11-01,50,+372154,2024-11-01 00:00:00,u
1518,585,496945-11,2024-11-01,50,+496945,2024-11-01 00:00:00,u
1519,585,825765-12,2024-11-01,50,+825765,2024-11-01 00:00:00,u
1520,585,828646-2,2024-11-01,50,+828646,2024-11-01 00:00:00,u
1521,585,903917-6,2024-11-01,50,+903917,2024-11-01 00:00:00,u
1522,586,380348-3,2025-11-01,50,+380348,2025-11-01 00:00:00,u
1523,586,915604-1,2025-11-01,50,+915604,2025-11-01 00:00:00,u
1524,587,380348-3,2025-10-01,50,+380348,2025-10-01 00:00:00,u
1525,587,915604-1,2025-10-01,50,+915604,2025-10-01 00:00:00,u
1526,588,380348-3,2025-09-01,50,+380348,2025-09-01 00:00:00,u
1527,588,915604-1,2025-09-01,50,+915604,2025-09-01 00:00:00,u
1528,589,380348-3,2025-08-01,50,+380348,2025-08-01 00:00:00,u
1529,589,915604-1,2025-08-01,50,+915604,2025-08-01 00:00:00,u
1530,590,380348-3,2025-07-01,50,+380348,2025-07-01 00:00:00,u
1531,590,915604-1,2025-07-01,50,+915604,2025-07-01 00:00:00,u
1532,591,380348-3,2025-06-01,50,+380348,2025-06-01 00:00:00,u
1533,591,915604-1,2025-06-01,50,+915604,2025-06-01 00:00:00,u
1534,592,380348-3,2025-05-01,50,+380348,2025-05-01 00:00:00,u
1535,592,915604-1,2025-05-01,50,+915604,2025-05-01 00:00:00,u
1536,593,380348-3,2025-04-01,50,+380348,2025-04-01 00:00:00,u
1537,593,915604-1,2025-04-01,50,+915604,2025-04-01 00:00:00,u
1538,594,380348-3,2025-03-01,50,+380348,2025-03-01 00:00:00,u
1539,594,915604-1,2025-03-01,50,+915604,2025-03-01 00:00:00,u
1540,595,380348-3,2025-02-01,50,+380348,2025-02-01 00:00:00,u
1541,595,915604-1,2025-02-01,50,+915604,2025-02-01 00:00:00,u
1542,596,380348-3,2025-01-01,50,+380348,2025-01-01 00:00:00,u
1543,596,915604-1,2025-01-01,50,+915604,2025-01-01 00:00:00,u
1544,597,380348-3,2024-12-01,50,+380348,2024-12-01 00:00:00,u
1545,597,915604-1,2024-12-01,50,+915604,2024-12-01 00:00:00,u
1546,598,380348-3,2024-11-01,50,+380348,2024-11-01 00:00:00,u
1547,598,915604-1,2024-11-01,50,+915604,2024-11-01 00:00:00,u
1548,599,513383-13,2025-11-01,25,+513383,2025-11-01 00:00:00,u
1549,599,904542-2,2025-11-01,25,+904542,2025-11-01 00:00:00,u
1550,600,513383-13,2025-10-01,25,+513383,2025-10-01 00:00:00,u
1551,600,904542-2,2025-10-01,25,+904542,2025-10-01 00:00:00,u
1552,601,513383-13,2025-09-01,25,+513383,2025-09-01 00:00:00,u
1553,601,904542-2,2025-09-01,25,+904542,2025-09-01 00:00:00,u
1554,602,513383-13,2025-08-01,25,+513383,2025-08-01 00:00:00,u
1555,602,904542-2,2025-08-01,25,+904542,2025-08-01 00:00:00,u
1556,603,513383-13,2025-07-01,25,+513383,2025-07-01 00:00:00,u
1557,603,904542-2,2025-07-01,25,+904542,2025-07-01 00:00:00,u
1558,604,513383-13,2025-06-01,25,+513383,2025-06-01 00:00:00,u
1559,604,904542-2,2025-06-01,25,+904542,2025-06-01 00:00:00,u
1560,605,513383-13,2025-05-01,25,+513383,2025-05-01 00:00:00,u
1561,605,904542-2,2025-05-01,25,+904542,2025-05-01 00:00:00,u
1562,606,513383-13,2025-04-01,25,+513383,2025-04-01 00:00:00,u
1563,606,904542-2,2025-04-01,25,+904542,2025-04-01 00:00:00,u
1564,607,513383-13,2025-03-01,25,+513383,2025-03-01 00:00:00,u
1565,607,904542-2,2025-03-01,25,+904542,2025-03-01 00:00:00,u
1566,608,513383-13,2025-02-01,25,+513383,2025-02-01 00:00:00,u
1567,608,904542-2,2025-02-01,25,+904542,2025-02-01 00:00:00,u
1568,609,513383-13,2025-01-01,25,+513383,2025-01-01 00:00:00,u
1569,609,904542-2,2025-01-01,25,+904542,2025-01-01 00:00:00,u
1570,610,513383-13,2024-12-01,25,+513383,2024-12-01 00:00:00,u
1571,610,904542-2,2024-12-01,25,+904542,2024-12-01 00:00:00,u
1572,611,513383-13,2024-11-01,25,+513383,2024-11-01 00:00:00,u
1573,611,904542-2,2024-11-01,25,+904542,2024-11-01 00:00:00,u
1574,612,198626-2,2025-11-01,40,+198626,2025-11-01 00:00:00,u
1575,612,404476-12,2025-11-01,40,+404476,2025-11-01 00:00:00,u
1576,612,479664-11,2025-11-01,40,+479664,2025-11-01 00:00:00,u
1577,612,598007-4,2025-11-01,40,+598007,2025-11-01 00:00:00,u
1578,613,198626-2,2025-10-01,40,+198626,2025-10-01 00:00:00,u
1579,613,404476-12,2025-10-01,40,+404476,2025-10-01 00:00:00,u
1580,613,479664-11,2025-10-01,40,+479664,2025-10-01 00:00:00,u
1581,613,598007-4,2025-10-01,40,+598007,2025-10-01 00:00:00,u
1582,614,198626-2,2025-09-01,40,+198626,2025-09-01 00:00:00,u
1583,614,404476-12,2025-09-01,40,+404476,2025-09-01 00:00:00,u
1584,614,479664-11,2025-09-01,40,+479664,2025-09-01 00:00:00,u
1585,614,598007-4,2025-09-01,40,+598007,2025-09-01 00:00:00,u
1586,615,198626-2,2025-08-01,40,+198626,2025-08-01 00:00:00,u
1587,615,404476-12,2025-08-01,40,+404476,2025-08-01 00:00:00,u
1588,615,479664-11,2025-08-01,40,+479664,2025-08-01 00:00:00,u
1589,615,598007-4,2025-08-01,40,+598007,2025-08-01 00:00:00,u
1590,616,198626-2,2025-07-01,40,+198626,2025-07-01 00:00:00,u
1591,616,404476-12,2025-07-01,40,+404476,2025-07-01 00:00:00,u
1592,616,479664-11,2025-07-01,40,+479664,2025-07-01 00:00:00,u
1593,616,598007-4,2025-07-01,40,+598007,2025-07-01 00:00:00,u
1594,617,198626-2,2025-06-01,40,+198626,2025-06-01 00:00:00,u
1595,617,404476-12,2025-06-01,40,+404476,2025-06-01 00:00:00,u
1596,617,479664-11,2025-06-01,40,+479664,2025-06-01 00:00:00,u
1597,617,598007-4,2025-06-01,40,+598007,2025-06-01 00:00:00,u
1598,618,198626-2,2025-05-01,40,+198626,2025-05-01 00:00:00,u
1599,618,404476-12,2025-05-01,40,+404476,2025-05-01 00:00:00,u
1600,618,479664-11,2025-05-01,40,+479664,2025-05-01 00:00:00,u
1601,618,598007-4,2025-05-01,40,+598007,2025-05-01 00:00:00,u
1602,619,198626-2,2025-04-01,40,+198626,2025-04-01 00:00:00,u
1603,619,404476-12,2025-04-01,40,+404476,2025-04-01 00:00:00,u
1604,619,479664-11,2025-04-01,40,+479664,2025-04-01 00:00:00,u
1605,619,598007-4,2025-04-01,40,+598007,2025-04-01 00:00:00,u
1606,620,198626-2,2025-03-01,40,+198626,2025-03-01 00:00:00,u
1607,620,404476-12,2025-03-01,40,+404476,2025-03-01 00:00:00,u
1608,620,479664-11,2025-03-01,40,+479664,2025-03-01 00:00:00,u
1609,620,598007-4,2025-03-01,40,+598007,2025-03-01 00:00:00,u
1610,621,198626-2,2025-02-01,40,+198626,2025-02-01 00:00:00,u
1611,621,404476-12,2025-02-01,40,+404476,2025-02-01 00:00:00,u
1612,621,479664-11,2025-02-01,40,+479664,2025-02-01 00:00:00,u
1613,621,598007-4,2025-02-01,40,+598007,2025-02-01 00:00:00,u
1614,622,198626-2,2025-01-01,40,+198626,2025-01-01 00:00:00,u
1615,622,404476-12,2025-01-01,40,+404476,2025-01-01 00:00:00,u
1616,622,479664-11,2025-01-01,40,+479664,2025-01-01 00:00:00,u
1617,622,598007-4,2025-01-01,40,+598007,2025-01-01 00:00:00,u
1618,623,198626-2,2024-12-01,40,+198626,2024-12-01 00:00:00,u
1619,623,404476-12,2024-12-01,40,+404476,2024-12-01 00:00:00,u
1620,623,479664-11,2024-12-01,40,+479664,2024-12-01 00:00:00,u
1621,623,598007-4,2024-12-01,40,+598007,2024-12-01 00:00:00,u
1622,624,198626-2,2024-11-01,40,+198626,2024-11-01 00:00:00,u
1623,624,404476-12,2024-11-01,40,+404476,2024-11-01 00:00:00,u
1624,624,479664-11,2024-11-01,40,+479664,2024-11-01 00:00:00,u
1625,624,598007-4,2024-11-01,40,+598007,2024-11-01 00:00:00,u
1626,625,647919-11,2025-11-01,50,+647919,2025-11-01 00:00:00,u
1627,626,647919-11,2025-10-01,50,+647919,2025-10-01 00:00:00,u
1628,627,647919-11,2025-09-01,50,+647919,2025-09-01 00:00:00,u
1629,628,647919-11,2025-08-01,50,+647919,2025-08-01 00:00:00,u
1630,629,647919-11,2025-07-01,50,+647919,2025-07-01 00:00:00,u
1631,630,647919-11,2025-06-01,50,+647919,2025-06-01 00:00:00,u
1632,631,647919-11,2025-05-01,50,+647919,2025-05-01 00:00:00,u
1633,632,647919-11,2025-04-01,50,+647919,2025-04-01 00:00:00,u
1634,633,647919-11,2025-03-01,50,+647919,2025-03-01 00:00:00,u
1635,634,647919-11,2025-02-01,50,+647919,2025-02-01 00:00:00,u
1636,635,647919-11,2025-01-01,50,+647919,2025-01-01 00:00:00,u
1637,636,647919-11,2024-12-01,50,+647919,2024-12-01 00:00:00,u
1638,637,647919-11,2024-11-01,50,+647919,2024-11-01 00:00:00,u
1639,638,380312-1,2025-11-01,25,+380312,2025-11-01 00:00:00,u
1640,638,826413-9,2025-11-01,25,+826413,2025-11-01 00:00:00,u
1641,639,380312-1,2025-10-01,25,+380312,2025-10-01 00:00:00,u
1642,639,826413-9,2025-10-01,25,+826413,2025-10-01 00:00:00,u
1643,640,380312-1,2025-09-01,25,+380312,2025-09-01 00:00:00,u
1644,640,826413-9,2025-09-01,25,+826413,2025-09-01 00:00:00,u
1645,641,380312-1,2025-08-01,25,+380312,2025-08-01 00:00:00,u
1646,641,826413-9,2025-08-01,25,+826413,2025-08-01 00:00:00,u
1647,642,380312-1,2025-07-01,25,+380312,2025-07-01 00:00:00,u
1648,642,826413-9,2025-07-01,25,+826413,2025-07-01 00:00:00,u
1649,643,380312-1,2025-06-01,25,+380312,2025-06-01 00:00:00,u
1650,643,826413-9,2025-06-01,25,+826413,2025-06-01 00:00:00,u
1651,644,380312-1,2025-05-01,25,+380312,2025-05-01 00:00:00,u
1652,644,826413-9,2025-05-01,25,+826413,2025-05-01 00:00:00,u
1653,645,380312-1,2025-04-01,25,+380312,2025-04-01 00:00:00,u
1654,645,826413-9,2025-04-01,25,+826413,2025-04-01 00:00:00,u
1655,646,380312-1,2025-03-01,25,+380312,2025-03-01 00:00:00,u
1656,646,826413-9,2025-03-01,25,+826413,2025-03-01 00:00:00,u
1657,647,380312-1,2025-02-01,25,+380312,2025-02-01 00:00:00,u
1658,647,826413-9,2025-02-01,25,+826413,2025-02-01 00:00:00,u
1659,648,380312-1,2025-01-01,25,+380312,2025-01-01 00:00:00,u
1660,648,826413-9,2025-01-01,25,+826413,2025-01-01 00:00:00,u
1661,649,380312-1,2024-12-01,25,+380312,2024-12-01 00:00:00,u
1662,649,826413-9,2024-12-01,25,+826413,2024-12-01 00:00:00,u
1663,650,380312-1,2024-11-01,25,+380312,2024-11-01 00:00:00,u
1664,650,826413-9,2024-11-01,25,+826413,2024-11-01 00:00:00,u
1665,651,917867-3,2025-11-01,40,+917867,2025-11-01 00:00:00,u
1666,652,917867-3,2025-10-01,40,+917867,2025-10-01 00:00:00,u
1667,653,917867-3,2025-09-01,40,+917867,2025-09-01 00:00:00,u
1668,654,917867-3,2025-08-01,40,+917867,2025-08-01 00:00:00,u
1669,655,917867-3,2025-07-01,40,+917867,2025-07-01 00:00:00,u
1670,656,917867-3,2025-06-01,40,+917867,2025-06-01 00:00:00,u
1671,657,917867-3,2025-05-01,40,+917867,2025-05-01 00:00:00,u
1672,658,917867-3,2025-04-01,40,+917867,2025-04-01 00:00:00,u
1673,659,917867-3,2025-03-01,40,+917867,2025-03-01 00:00:00,u
1674,660,917867-3,2025-02-01,40,+917867,2025-02-01 00:00:00,u
1675,661,917867-3,2025-01-01,40,+917867,2025-01-01 00:00:00,u
1676,662,917867-3,2024-12-01,40,+917867,2024-12-01 00:00:00,u
1677,663,917867-3,2024-11-01,40,+917867,2024-11-01 00:00:00,u
1678,664,774361-3,2025-11-01,40,+774361,2025-11-01 00:00:00,u
1679,664,918524-7,2025-11-01,40,+918524,2025-11-01 00:00:00,u
1680,665,774361-3,2025-10-01,40,+774361,2025-10-01 00:00:00,u
1681,665,918524-7,2025-10-01,40,+918524,2025-10-01 00:00:00,u
1682,666,774361-3,2025-09-01,40,+774361,2025-09-01 00:00:00,u
1683,666,918524-7,2025-09-01,40,+918524,2025-09-01 00:00:00,u
1684,667,774361-3,2025-08-01,40,+774361,2025-08-01 00:00:00,u
1685,667,918524-7,2025-08-01,40,+918524,2025-08-01 00:00:00,u
1686,668,774361-3,2025-07-01,40,+774361,2025-07-01 00:00:00,u
1687,668,918524-7,2025-07-01,40,+918524,2025-07-01 00:00:00,u
1688,669,774361-3,2025-06-01,40,+774361,2025-06-01 00:00:00,u
1689,669,918524-7,2025-06-01,40,+918524,2025-06-01 00:00:00,u
1690,670,774361-3,2025-05-01,40,+774361,2025-05-01 00:00:00,u
1691,670,918524-7,2025-05-01,40,+918524,2025-05-01 00:00:00,u
1692,671,774361-3,2025-04-01,40,+774361,2025-04-01 00:00:00,u
1693,671,918524-7,2025-04-01,40,+918524,2025-04-01 00:00:00,u
1694,672,774361-3,2025-03-01,40,+774361,2025-03-01 00:00:00,u
1695,672,918524-7,2025-03-01,40,+918524,2025-03-01 00:00:00,u
1696,673,774361-3,2025-02-01,40,+774361,2025-02-01 00:00:00,u
1697,673,918524-7,2025-02-01,40,+918524,2025-02-01 00:00:00,u
1698,674,774361-3,2025-01-01,40,+774361,2025-01-01 00:00:00,u
1699,674,918524-7,2025-01-01,40,+918524,2025-01-01 00:00:00,u
1700,675,774361-3,2024-12-01,40,+774361,2024-12-01 00:00:00,u
1701,675,918524-7,2024-12-01,40,+918524,2024-12-01 00:00:00,u
1702,676,774361-3,2024-11-01,40,+774361,2024-11-01 00:00:00,u
1703,676,918524-7,2024-11-01,40,+918524,2024-11-01 00:00:00,u
1704,677,389152-14,2025-11-01,50,+389152,2025-11-01 00:00:00,u
1705,677,513458-5,2025-11-01,50,+513458,2025-11-01 00:00:00,u
1706,677,901621-11,2025-11-01,50,+901621,2025-11-01 00:00:00,u
1707,678,389152-14,2025-10-01,50,+389152,2025-10-01 00:00:00,u
1708,678,513458-5,2025-10-01,50,+513458,2025-10-01 00:00:00,u
1709,678,901621-11,2025-10-01,50,+901621,2025-10-01 00:00:00,u
1710,679,389152-14,2025-09-01,50,+389152,2025-09-01 00:00:00,u
1711,679,513458-5,2025-09-01,50,+513458,2025-09-01 00:00:00,u
1712,679,901621-11,2025-09-01,50,+901621,2025-09-01 00:00:00,u
1713,680,389152-14,2025-08-01,50,+389152,2025-08-01 00:00:00,u
1714,680,513458-5,2025-08-01,50,+513458,2025-08-01 00:00:00,u
1715,680,901621-11,2025-08-01,50,+901621,2025-08-01 00:00:00,u
1716,681,389152-14,2025-07-01,50,+389152,2025-07-01 00:00:00,u
1717,681,513458-5,2025-07-01,50,+513458,2025-07-01 00:00:00,u
1718,681,901621-11,2025-07-01,50,+901621,2025-07-01 00:00:00,u
1719,682,389152-14,2025-06-01,50,+389152,2025-06-01 00:00:00,u
1720,682,513458-5,2025-06-01,50,+513458,2025-06-01 00:00:00,u
1721,682,901621-11,2025-06-01,50,+901621,2025-06-01 00:00:00,u
1722,683,389152-14,2025-05-01,50,+389152,2025-05-01 00:00:00,u
1723,683,513458-5,2025-05-01,50,+513458,2025-05-01 00:00:00,u
1724,683,901621-11,2025-05-01,50,+901621,2025-05-01 00:00:00,u
1725,684,389152-14,2025-04-01,50,+389152,2025-04-01 00:00:00,u
1726,684,513458-5,2025-04-01,50,+513458,2025-04-01 00:00:00,u
1727,684,901621-11,2025-04-01,50,+901621,2025-04-01 00:00:00,u
1728,685,389152-14,2025-03-01,50,+389152,2025-03-01 00:00:00,u
1729,685,513458-5,2025-03-01,50,+513458,2025-03-01 00:00:00,u
1730,685,901621-11,2025-03-01,50,+901621,2025-03-01 00:00:00,u
1731,686,389152-14,2025-02-01,50,+389152,2025-02-01 00:00:00,u
1732,686,513458-5,2025-02-01,50,+513458,2025-02-01 00:00:00,u
1733,686,901621-11,2025-02-01,50,+901621,2025-02-01 00:00:00,u
1734,687,389152-14,2025-01-01,50,+389152,2025-01-01 00:00:00,u
1735,687,513458-5,2025-01-01,50,+513458,2025-01-01 00:00:00,u
1736,687,901621-11,2025-01-01,50,+901621,2025-01-01 00:00:00,u
1737,688,389152-14,2024-12-01,50,+389152,2024-12-01 00:00:00,u
1738,688,513458-5,2024-12-01,50,+513458,2024-12-01 00:00:00,u
1739,688,901621-11,2024-12-01,50,+901621,2024-12-01 00:00:00,u
1740,689,389152-14,2024-11-01,50,+389152,2024-11-01 00:00:00,u
1741,689,513458-5,2024-11-01,50,+513458,2024-11-01 00:00:00,u
1742,689,901621-11,2024-11-01,50,+901621,2024-11-01 00:00:00,u
1743,690,351225-7,2025-11-01,25,+351225,2025-11-01 00:00:00,u
1744,690,370715-3,2025-11-01,25,+370715,2025-11-01 00:00:00,u
1745,690,484648-4,2025-11-01,25,+484648,2025-11-01 00:00:00,u
1746,690,778867-13,2025-11-01,25,+778867,2025-11-01 00:00:00,u
1747,691,351225-7,2025-10-01,25,+351225,2025-10-01 00:00:00,u
1748,691,370715-3,2025-10-01,25,+370715,2025-10-01 00:00:00,u
1749,691,484648-4,2025-10-01,25,+484648,2025-10-01 00:00:00,u
1750,691,778867-13,2025-10-01,25,+778867,2025-10-01 00:00:00,u
1751,692,351225-7,2025-09-01,25,+351225,2025-09-01 00:00:00,u
1752,692,370715-3,2025-09-01,25,+370715,2025-09-01 00:00:00,u
1753,692,484648-4,2025-09-01,25,+484648,2025-09-01 00:00:00,u
1754,692,778867-13,2025-09-01,25,+778867,2025-09-01 00:00:00,u
1755,693,351225-7,2025-08-01,25,+351225,2025-08-01 00:00:00,u
1756,693,370715-3,2025-08-01,25,+370715,2025-08-01 00:00:00,u
1757,693,484648-4,2025-08-01,25,+484648,2025-08-01 00:00:00,u
1758,693,778867-13,2025-08-01,25,+778867,2025-08-01 00:00:00,u
1759,694,351225-7,2025-07-01,25,+351225,2025-07-01 00:00:00,u
1760,694,370715-3,2025-07-01,25,+370715,2025-07-01 00:00:00,u
1761,694,484648-4,2025-07-01,25,+484648,2025-07-01 00:00:00,u
1762,694,778867-13,2025-07-01,25,+778867,2025-07-01 00:00:00,u
1763,695,351225-7,2025-06-01,25,+351225,2025-06-01 00:00:00,u
1764,695,370715-3,2025-06-01,25,+370715,2025-06-01 00:00:00,u
1765,695,484648-4,2025-06-01,25,+484648,2025-06-01 00:00:00,u
1766,695,778867-13,2025-06-01,25,+778867,2025-06-01 00:00:00,u
1767,696,351225-7,2025-05-01,25,+351225,2025-05-01 00:00:00,u
1768,696,370715-3,2025-05-01,25,+370715,2025-05-01 00:00:00,u
1769,696,484648-4,2025-05-01,25,+484648,2025-05-01 00:00:00,u
1770,696,778867-13,2025-05-01,25,+778867,2025-05-01 00:00:00,u
1771,697,351225-7,2025-04-01,25,+351225,2025-04-01 00:00:00,u
1772,697,370715-3,2025-04-01,25,+370715,2025-04-01 00:00:00,u
1773,697,484648-4,2025-04-01,25,+484648,2025-04-01 00:00:00,u
1774,697,778867-13,2025-04-01,25,+778867,2025-04-01 00:00:00,u
1775,698,351225-7,2025-03-01,25,+351225,2025-03-01 00:00:00,u
1776,698,370715-3,2025-03-01,25,+370715,2025-03-01 00:00:00,u
1777,698,484648-4,2025-03-01,25,+484648,2025-03-01 00:00:00,u
1778,698,778867-13,2025-03-01,25,+778867,2025-03-01 00:00:00,u
1779,699,351225-7,2025-02-01,25,+351225,2025-02-01 00:00:00,u
1780,699,370715-3,2025-02-01,25,+370715,2025-02-01 00:00:00,u
1781,699,484648-4,2025-02-01,25,+484648,2025-02-01 00:00:00,u
1782,699,778867-13,2025-02-01,25,+778867,2025-02-01 00:00:00,u
1783,700,351225-7,2025-01-01,25,+351225,2025-01-01 00:00:00,u
1784,700,370715-3,2025-01-01,25,+370715,2025-01-01 00:00:00,u
1785,700,484648-4,2025-01-01,25,+484648,2025-01-01 00:00:00,u
1786,700,778867-13,2025-01-01,25,+778867,2025-01-01 00:00:00,u
1787,701,351225-7,2024-12-01,25,+351225,2024-12-01 00:00:00,u
1788,701,370715-3,2024-12-01,25,+370715,2024-12-01 00:00:00,u
1789,701,484648-4,2024-12-01,25,+484648,2024-12-01 00:00:00,u
1790,701,778867-13,2024-12-01,25,+778867,2024-12-01 00:00:00,u
1791,702,351225-7,2024-11-01,25,+351225,2024-11-01 00:00:00,u
1792,702,370715-3,2024-11-01,25,+370715,2024-11-01 00:00:00,u
1793,702,484648-4,2024-11-01,25,+484648,2024-11-01 00:00:00,u
1794,702,778867-13,2024-11-01,25,+778867,2024-11-01 00:00:00,u
1795,703,126066-2,2025-11-01,40,+126066,2025-11-01 00:00:00,u
1796,703,165964-12,2025-11-01,40,+165964,2025-11-01 00:00:00,u
1797,704,126066-2,2025-10-01,40,+126066,2025-10-01 00:00:00,u
1798,704,165964-12,2025-10-01,40,+165964,2025-10-01 00:00:00,u
1799,705,126066-2,2025-09-01,40,+126066,2025-09-01 00:00:00,u
1800,705,165964-12,2025-09-01,40,+165964,2025-09-01 00:00:00,u
1801,706,126066-2,2025-08-01,40,+126066,2025-08-01 00:00:00,u
1802,706,165964-12,2025-08-01,40,+165964,2025-08-01 00:00:00,u
1803,707,126066-2,2025-07-01,40,+126066,2025-07-01 00:00:00,u
1804,707,165964-12,2025-07-01,40,+165964,2025-07-01 00:00:00,u
1805,708,126066-2,2025-06-01,40,+126066,2025-06-01 00:00:00,u
1806,708,165964-12,2025-06-01,40,+165964,2025-06-01 00:00:00,u
1807,709,126066-2,2025-05-01,40,+126066,2025-05-01 00:00:00,u
1808,709,165964-12,2025-05-01,40,+165964,2025-05-01 00:00:00,u
1809,710,126066-2,2025-04-01,40,+126066,2025-04-01 00:00:00,u
1810,710,165964-12,2025-04-01,40,+165964,2025-04-01 00:00:00,u
1811,711,126066-2,2025-03-01,40,+126066,2025-03-01 00:00:00,u
1812,711,165964-12,2025-03-01,40,+165964,2025-03-01 00:00:00,u
1813,712,126066-2,2025-02-01,40,+126066,2025-02-01 00:00:00,u
1814,712,165964-12,2025-02-01,40,+165964,2025-02-01 00:00:00,u
1815,713,126066-2,2025-01-01,40,+126066,2025-01-01 00:00:00,u
1816,713,165964-12,2025-01-01,40,+165964,2025-01-01 00:00:00,u
1817,714,126066-2,2024-12-01,40,+126066,2024-12-01 00:00:00,u
1818,714,165964-12,2024-12-01,40,+165964,2024-12-01 00:00:00,u
1819,715,126066-2,2024-11-01,40,+126066,2024-11-01 00:00:00,u
1820,715,165964-12,2024-11-01,40,+165964,2024-11-01 00:00:00,u
1821,716,345298-6,2025-11-01,50,+345298,2025-11-01 00:00:00,u
1822,717,345298-6,2025-10-01,50,+345298,2025-10-01 00:00:00,u
1823,718,345298-6,2025-09-01,50,+345298,2025-09-01 00:00:00,u
1824,719,345298-6,2025-08-01,50,+345298,2025-08-01 00:00:00,u
1825,720,345298-6,2025-07-01,50,+345298,2025-07-01 00:00:00,u
1826,721,345298-6,2025-06-01,50,+345298,2025-06-01 00:00:00,u
1827,722,345298-6,2025-05-01,50,+345298,2025-05-01 00:00:00,u
1828,723,345298-6,2025-04-01,50,+345298,2025-04-01 00:00:00,u
1829,724,345298-6,2025-03-01,50,+345298,2025-03-01 00:00:00,u
1830,725,345298-6,2025-02-01,50,+345298,2025-02-01 00:00:00,u
1831,726,345298-6,2025-01-01,50,+345298,2025-01-01 00:00:00,u
1832,727,345298-6,2024-12-01,50,+345298,2024-12-01 00:00:00,u
1833,728,345298-6,2024-11-01,50,+345298,2024-11-01 00:00:00,u
1834,729,274255-11,2025-11-01,25,+274255,2025-11-01 00:00:00,u
1835,730,274255-11,2025-10-01,25,+274255,2025-10-01 00:00:00,u
1836,731,274255-11,2025-09-01,25,+274255,2025-09-01 00:00:00,u
1837,732,274255-11,2025-08-01,25,+274255,2025-08-01 00:00:00,u
1838,733,274255-11,2025-07-01,25,+274255,2025-07-01 00:00:00,u
1839,734,274255-11,2025-06-01,25,+274255,2025-06-01 00:00:00,u
1840,735,274255-11,2025-05-01,25,+274255,2025-05-01 00:00:00,u
1841,736,274255-11,2025-04-01,25,+274255,2025-04-01 00:00:00,u
1842,737,274255-11,2025-03-01,25,+274255,2025-03-01 00:00:00,u
1843,738,274255-11,2025-02-01,25,+274255,2025-02-01 00:00:00,u
1844,739,274255-11,2025-01-01,25,+274255,2025-01-01 00:00:00,u
1845,740,274255-11,2024-12-01,25,+274255,2024-12-01 00:00:00,u
1846,741,274255-11,2024-11-01,25,+274255,2024-11-01 00:00:00,u
1847,742,346923-2,2025-11-01,25,+346923,2025-11-01 00:00:00,u
1848,742,761657-9,2025-11-01,25,+761657,2025-11-01 00:00:00,u
1849,742,822158-4,2025-11-01,25,+822158,2025-11-01 00:00:00,u
1850,742,824429-5,2025-11-01,25,+824429,2025-11-01 00:00:00,u
1851,742,825730-7,2025-11-01,25,+825730,2025-11-01 00:00:00,u
1852,743,346923-2,2025-10-01,25,+346923,2025-10-01 00:00:00,u
1853,743,761657-9,2025-10-01,25,+761657,2025-10-01 00:00:00,u
1854,743,822158-4,2025-10-01,25,+822158,2025-10-01 00:00:00,u
1855,743,824429-5,2025-10-01,25,+824429,2025-10-01 00:00:00,u
1856,743,825730-7,2025-10-01,25,+825730,2025-10-01 00:00:00,u
1857,744,346923-2,2025-09-01,25,+346923,2025-09-01 00:00:00,u
1858,744,761657-9,2025-09-01,25,+761657,2025-09-01 00:00:00,u
1859,744,822158-4,2025-09-01,25,+822158,2025-09-01 00:00:00,u
1860,744,824429-5,2025-09-01,25,+824429,2025-09-01 00:00:00,u
1861,744,825730-7,2025-09-01,25,+825730,2025-09-01 00:00:00,u
1862,745,346923-2,2025-08-01,25,+346923,2025-08-01 00:00:00,u
1863,745,761657-9,2025-08-01,25,+761657,2025-08-01 00:00:00,u
1864,745,822158-4,2025-08-01,25,+822158,2025-08-01 00:00:00,u
1865,745,824429-5,2025-08-01,25,+824429,2025-08-01 00:00:00,u
1866,745,825730-7,2025-08-01,25,+825730,2025-08-01 00:00:00,u
1867,746,346923-2,2025-07-01,25,+346923,2025-07-01 00:00:00,u
1868,746,761657-9,2025-07-01,25,+761657,2025-07-01 00:00:00,u
1869,746,822158-4,2025-07-01,25,+822158,2025-07-01 00:00:00,u
1870,746,824429-5,2025-07-01,25,+824429,2025-07-01 00:00:00,u
1871,746,825730-7,2025-07-01,25,+825730,2025-07-01 00:00:00,u
1872,747,346923-2,2025-06-01,25,+346923,2025-06-01 00:00:00,u
1873,747,761657-9,2025-06-01,25,+761657,2025-06-01 00:00:00,u
1874,747,822158-4,2025-06-01,25,+822158,2025-06-01 00:00:00,u
1875,747,824429-5,2025-06-01,25,+824429,2025-06-01 00:00:00,u
1876,747,825730-7,2025-06-01,25,+825730,2025-06-01 00:00:00,u
1877,748,346923-2,2025-05-01,25,+346923,2025-05-01 00:00:00,u
1878,748,761657-9,2025-05-01,25,+761657,2025-05-01 00:00:00,u
1879,748,822158-4,2025-05-01,25,+822158,2025-05-01 00:00:00,u
1880,748,824429-5,2025-05-01,25,+824429,2025-05-01 00:00:00,u
1881,748,825730-7,2025-05-01,25,+825730,2025-05-01 00:00:00,u
1882,749,346923-2,2025-04-01,25,+346923,2025-04-01 00:00:00,u
1883,749,761657-9,2025-04-01,25,+761657,2025-04-01 00:00:00,u
1884,749,822158-4,2025-04-01,25,+822158,2025-04-01 00:00:00,u
1885,749,824429-5,2025-04-01,25,+824429,2025-04-01 00:00:00,u
1886,749,825730-7,2025-04-01,25,+825730,2025-04-01 00:00:00,u
1887,750,346923-2,2025-03-01,25,+346923,2025-03-01 00:00:00,u
1888,750,761657-9,2025-03-01,25,+761657,2025-03-01 00:00:00,u
1889,750,822158-4,2025-03-01,25,+822158,2025-03-01 00:00:00,u
1890,750,824429-5,2025-03-01,25,+824429,2025-03-01 00:00:00,u
1891,750,825730-7,2025-03-01,25,+825730,2025-03-01 00:00:00,u
1892,751,346923-2,2025-02-01,25,+346923,2025-02-01 00:00:00,u
1893,751,761657-9,2025-02-01,25,+761657,2025-02-01 00:00:00,u
1894,751,822158-4,2025-02-01,25,+822158,2025-02-01 00:00:00,u
1895,751,824429-5,2025-02-01,25,+824429,2025-02-01 00:00:00,u
1896,751,825730-7,2025-02-01,25,+825730,2025-02-01 00:00:00,u
1897,752,346923-2,2025-01-01,25,+346923,2025-01-01 00:00:00,u
1898,752,761657-9,2025-01-01,25,+761657,2025-01-01 00:00:00,u
1899,752,822158-4,2025-01-01,25,+822158,2025-01-01 00:00:00,u
1900,752,824429-5,2025-01-01,25,+824429,2025-01-01 00:00:00,u
1901,752,825730-7,2025-01-01,25,+825730,2025-01-01 00:00:00,u
1902,753,346923-2,2024-12-01,25,+346923,2024-12-01 00:00:00,u
1903,753,761657-9,2024-12-01,25,+761657,2024-12-01 00:00:00,u
1904,753,822158-4,2024-12-01,25,+822158,2024-12-01 00:00:00,u
1905,753,824429-5,2024-12-01,25,+824429,2024-12-01 00:00:00,u
1906,753,825730-7,2024-12-01,25,+825730,2024-12-01 00:00:00,u
1907,754,346923-2,2024-11-01,25,+346923,2024-11-01 00:00:00,u
1908,754,761657-9,2024-11-01,25,+761657,2024-11-01 00:00:00,u
1909,754,822158-4,2024-11-01,25,+822158,2024-11-01 00:00:00,u
1910,754,824429-5,2024-11-01,25,+824429,2024-11-01 00:00:00,u
1911,754,825730-7,2024-11-01,25,+825730,2024-11-01 00:00:00,u
1912,755,155743-4,2025-11-01,40,+155743,2025-11-01 00:00:00,u
1913,755,373496-13,2025-11-01,40,+373496,2025-11-01 00:00:00,u
1914,755,480677-5,2025-11-01,40,+480677,2025-11-01 00:00:00,u
1915,755,518545-9,2025-11-01,40,+518545,2025-11-01 00:00:00,u
1916,755,913174-2,2025-11-01,40,+913174,2025-11-01 00:00:00,u
1917,756,155743-4,2025-10-01,40,+155743,2025-10-01 00:00:00,u
1918,756,373496-13,2025-10-01,40,+373496,2025-10-01 00:00:00,u
1919,756,480677-5,2025-10-01,40,+480677,2025-10-01 00:00:00,u
1920,756,518545-9,2025-10-01,40,+518545,2025-10-01 00:00:00,u
1921,756,913174-2,2025-10-01,40,+913174,2025-10-01 00:00:00,u
1922,757,155743-4,2025-09-01,40,+155743,2025-09-01 00:00:00,u
1923,757,373496-13,2025-09-01,40,+373496,2025-09-01 00:00:00,u
1924,757,480677-5,2025-09-01,40,+480677,2025-09-01 00:00:00,u
1925,757,518545-9,2025-09-01,40,+518545,2025-09-01 00:00:00,u
1926,757,913174-2,2025-09-01,40,+913174,2025-09-01 00:00:00,u
1927,758,155743-4,2025-08-01,40,+155743,2025-08-01 00:00:00,u
1928,758,373496-13,2025-08-01,40,+373496,2025-08-01 00:00:00,u
1929,758,480677-5,2025-08-01,40,+480677,2025-08-01 00:00:00,u
1930,758,518545-9,2025-08-01,40,+518545,2025-08-01 00:00:00,u
1931,758,913174-2,2025-08-01,40,+913174,2025-08-01 00:00:00,u
1932,759,155743-4,2025-07-01,40,+155743,2025-07-01 00:00:00,u
1933,759,373496-13,2025-07-01,40,+373496,2025-07-01 00:00:00,u
1934,759,480677-5,2025-07-01,40,+480677,2025-07-01 00:00:00,u
1935,759,518545-9,2025-07-01,40,+518545,2025-07-01 00:00:00,u
1936,759,913174-2,2025-07-01,40,+913174,2025-07-01 00:00:00,u
1937,760,155743-4,2025-06-01,40,+155743,2025-06-01 00:00:00,u
1938,760,373496-13,2025-06-01,40,+373496,2025-06-01 00:00:00,u
1939,760,480677-5,2025-06-01,40,+480677,2025-06-01 00:00:00,u
1940,760,518545-9,2025-06-01,40,+518545,2025-06-01 00:00:00,u
1941,760,913174-2,2025-06-01,40,+913174,2025-06-01 00:00:00,u
1942,761,155743-4,2025-05-01,40,+155743,2025-05-01 00:00:00,u
1943,761,373496-13,2025-05-01,40,+373496,2025-05-01 00:00:00,u
1944,761,480677-5,2025-05-01,40,+480677,2025-05-01 00:00:00,u
1945,761,518545-9,2025-05-01,40,+518545,2025-05-01 00:00:00,u
1946,761,913174-2,2025-05-01,40,+913174,2025-05-01 00:00:00,u
1947,762,155743-4,2025-04-01,40,+155743,2025-04-01 00:00:00,u
1948,762,373496-13,2025-04-01,40,+373496,2025-04-01 00:00:00,u
1949,762,480677-5,2025-04-01,40,+480677,2025-04-01 00:00:00,u
1950,762,518545-9,2025-04-01,40,+518545,2025-04-01 00:00:00,u
1951,762,913174-2,2025-04-01,40,+913174,2025-04-01 00:00:00,u
1952,763,155743-4,2025-03-01,40,+155743,2025-03-01 00:00:00,u
1953,763,373496-13,2025-03-01,40,+373496,2025-03-01 00:00:00,u
1954,763,480677-5,2025-03-01,40,+480677,2025-03-01 00:00:00,u
1955,763,518545-9,2025-03-01,40,+518545,2025-03-01 00:00:00,u
1956,763,913174-2,2025-03-01,40,+913174,2025-03-01 00:00:00,u
1957,764,155743-4,2025-02-01,40,+155743,2025-02-01 00:00:00,u
1958,764,373496-13,2025-02-01,40,+373496,2025-02-01 00:00:00,u
1959,764,480677-5,2025-02-01,40,+480677,2025-02-01 00:00:00,u
1960,764,518545-9,2025-02-01,40,+518545,2025-02-01 00:00:00,u
1961,764,913174-2,2025-02-01,40,+913174,2025-02-01 00:00:00,u
1962,765,155743-4,2025-01-01,40,+155743,2025-01-01 00:00:00,u
1963,765,373496-13,2025-01-01,40,+373496,2025-01-01 00:00:00,u
1964,765,480677-5,2025-01-01,40,+480677,2025-01-01 00:00:00,u
1965,765,518545-9,2025-01-01,40,+518545,2025-01-01 00:00:00,u
1966,765,913174-2,2025-01-01,40,+913174,2025-01-01 00:00:00,u
1967,766,155743-4,2024-12-01,40,+155743,2024-12-01 00:00:00,u
1968,766,373496-13,2024-12-01,40,+373496,2024-12-01 00:00:00,u
1969,766,480677-5,2024-12-01,40,+480677,2024-12-01 00:00:00,u
1970,766,518545-9,2024-12-01,40,+518545,2024-12-01 00:00:00,u
1971,766,913174-2,2024-12-01,40,+913174,2024-12-01 00:00:00,u
1972,767,155743-4,2024-11-01,40,+155743,2024-11-01 00:00:00,u
1973,767,373496-13,2024-11-01,40,+373496,2024-11-01 00:00:00,u
1974,767,480677-5,2024-11-01,40,+480677,2024-11-01 00:00:00,u
1975,767,518545-9,2024-11-01,40,+518545,2024-11-01 00:00:00,u
1976,767,913174-2,2024-11-01,40,+913174,2024-11-01 00:00:00,u
1977,768,337258-9,2025-11-01,50,+337258,2025-11-01 00:00:00,u
1978,768,492939-5,2025-11-01,50,+492939,2025-11-01 00:00:00,u
1979,769,337258-9,2025-10-01,50,+337258,2025-10-01 00:00:00,u
1980,769,492939-5,2025-10-01,50,+492939,2025-10-01 00:00:00,u
1981,770,337258-9,2025-09-01,50,+337258,2025-09-01 00:00:00,u
1982,770,492939-5,2025-09-01,50,+492939,2025-09-01 00:00:00,u
1983,771,337258-9,2025-08-01,50,+337258,2025-08-01 00:00:00,u
1984,771,492939-5,2025-08-01,50,+492939,2025-08-01 00:00:00,u
1985,772,337258-9,2025-07-01,50,+337258,2025-07-01 00:00:00,u
1986,772,492939-5,2025-07-01,50,+492939,2025-07-01 00:00:00,u
1987,773,337258-9,2025-06-01,50,+337258,2025-06-01 00:00:00,u
1988,773,492939-5,2025-06-01,50,+492939,2025-06-01 00:00:00,u
1989,774,337258-9,2025-05-01,50,+337258,2025-05-01 00:00:00,u
1990,774,492939-5,2025-05-01,50,+492939,2025-05-01 00:00:00,u
1991,775,337258-9,2025-04-01,50,+337258,2025-04-01 00:00:00,u
1992,775,492939-5,2025-04-01,50,+492939,2025-04-01 00:00:00,u
1993,776,337258-9,2025-03-01,50,+337258,2025-03-01 00:00:00,u
1994,776,492939-5,2025-03-01,50,+492939,2025-03-01 00:00:00,u
1995,777,337258-9,2025-02-01,50,+337258,2025-02-01 00:00:00,u
1996,777,492939-5,2025-02-01,50,+492939,2025-02-01 00:00:00,u
1997,778,337258-9,2025-01-01,50,+337258,2025-01-01 00:00:00,u
1998,778,492939-5,2025-01-01,50,+492939,2025-01-01 00:00:00,u
1999,779,337258-9,2024-12-01,50,+337258,2024-12-01 00:00:00,u
2000,779,492939-5,2024-12-01,50,+492939,2024-12-01 00:00:00,u
2001,780,337258-9,2024-11-01,50,+337258,2024-11-01 00:00:00,u
2002,780,492939-5,2024-11-01,50,+492939,2024-11-01 00:00:00,u
2003,781,370330-5,2025-11-01,50,+370330,2025-11-01 00:00:00,u
2004,781,375200-12,2025-11-01,50,+375200,2025-11-01 00:00:00,u
2005,781,810256-10,2025-11-01,50,+810256,2025-11-01 00:00:00,u
2006,782,370330-5,2025-10-01,50,+370330,2025-10-01 00:00:00,u
2007,782,375200-12,2025-10-01,50,+375200,2025-10-01 00:00:00,u
2008,782,810256-10,2025-10-01,50,+810256,2025-10-01 00:00:00,u
2009,783,370330-5,2025-09-01,50,+370330,2025-09-01 00:00:00,u
2010,783,375200-12,2025-09-01,50,+375200,2025-09-01 00:00:00,u
2011,783,810256-10,2025-09-01,50,+810256,2025-09-01 00:00:00,u
2012,784,370330-5,2025-08-01,50,+370330,2025-08-01 00:00:00,u
2013,784,375200-12,2025-08-01,50,+375200,2025-08-01 00:00:00,u
2014,784,810256-10,2025-08-01,50,+810256,2025-08-01 00:00:00,u
2015,785,370330-5,2025-07-01,50,+370330,2025-07-01 00:00:00,u
2016,785,375200-12,2025-07-01,50,+375200,2025-07-01 00:00:00,u
2017,785,810256-10,2025-07-01,50,+810256,2025-07-01 00:00:00,u
2018,786,370330-5,2025-06-01,50,+370330,2025-06-01 00:00:00,u
2019,786,375200-12,2025-06-01,50,+375200,2025-06-01 00:00:00,u
2020,786,810256-10,2025-06-01,50,+810256,2025-06-01 00:00:00,u
2021,787,370330-5,2025-05-01,50,+370330,2025-05-01 00:00:00,u
2022,787,375200-12,2025-05-01,50,+375200,2025-05-01 00:00:00,u
2023,787,810256-10,2025-05-01,50,+810256,2025-05-01 00:00:00,u
2024,788,370330-5,2025-04-01,50,+370330,2025-04-01 00:00:00,u
2025,788,375200-12,2025-04-01,50,+375200,2025-04-01 00:00:00,u
2026,788,810256-10,2025-04-01,50,+810256,2025-04-01 00:00:00,u
2027,789,370330-5,2025-03-01,50,+370330,2025-03-01 00:00:00,u
2028,789,375200-12,2025-03-01,50,+375200,2025-03-01 00:00:00,u
2029,789,810256-10,2025-03-01,50,+810256,2025-03-01 00:00:00,u
2030,790,370330-5,2025-02-01,50,+370330,2025-02-01 00:00:00,u
2031,790,375200-12,2025-02-01,50,+375200,2025-02-01 00:00:00,u
2032,790,810256-10,2025-02-01,50,+810256,2025-02-01 00:00:00,u
2033,791,370330-5,2025-01-01,50,+370330,2025-01-01 00:00:00,u
2034,791,375200-12,2025-01-01,50,+375200,2025-01-01 00:00:00,u
2035,791,810256-10,2025-01-01,50,+810256,2025-01-01 00:00:00,u
2036,792,370330-5,2024-12-01,50,+370330,2024-12-01 00:00:00,u
2037,792,375200-12,2024-12-01,50,+375200,2024-12-01 00:00:00,u
2038,792,810256-10,2024-12-01,50,+810256,2024-12-01 00:00:00,u
2039,793,370330-5,2024-11-01,50,+370330,2024-11-01 00:00:00,u
2040,793,375200-12,2024-11-01,50,+375200,2024-11-01 00:00:00,u
2041,793,810256-10,2024-11-01,50,+810256,2024-11-01 00:00:00,u
2042,794,370057-7,2025-11-01,25,+370057,2025-11-01 00:00:00,u
2043,794,370126-2,2025-11-01,25,+370126,2025-11-01 00:00:00,u
2044,795,370057-7,2025-10-01,25,+370057,2025-10-01 00:00:00,u
2045,795,370126-2,2025-10-01,25,+370126,2025-10-01 00:00:00,u
2046,796,370057-7,2025-09-01,25,+370057,2025-09-01 00:00:00,u
2047,796,370126-2,2025-09-01,25,+370126,2025-09-01 00:00:00,u
2048,797,370057-7,2025-08-01,25,+370057,2025-08-01 00:00:00,u
2049,797,370126-2,2025-08-01,25,+370126,2025-08-01 00:00:00,u
2050,798,370057-7,2025-07-01,25,+370057,2025-07-01 00:00:00,u
2051,798,370126-2,2025-07-01,25,+370126,2025-07-01 00:00:00,u
2052,799,370057-7,2025-06-01,25,+370057,2025-06-01 00:00:00,u
2053,799,370126-2,2025-06-01,25,+370126,2025-06-01 00:00:00,u
2054,800,370057-7,2025-05-01,25,+370057,2025-05-01 00:00:00,u
2055,800,370126-2,2025-05-01,25,+370126,2025-05-01 00:00:00,u
2056,801,370057-7,2025-04-01,25,+370057,2025-04-01 00:00:00,u
2057,801,370126-2,2025-04-01,25,+370126,2025-04-01 00:00:00,u
2058,802,370057-7,2025-03-01,25,+370057,2025-03-01 00:00:00,u
2059,802,370126-2,2025-03-01,25,+370126,2025-03-01 00:00:00,u
2060,803,370057-7,2025-02-01,25,+370057,2025-02-01 00:00:00,u
2061,803,370126-2,2025-02-01,25,+370126,2025-02-01 00:00:00,u
2062,804,370057-7,2025-01-01,25,+370057,2025-01-01 00:00:00,u
2063,804,370126-2,2025-01-01,25,+370126,2025-01-01 00:00:00,u
2064,805,370057-7,2024-12-01,25,+370057,2024-12-01 00:00:00,u
2065,805,370126-2,2024-12-01,25,+370126,2024-12-01 00:00:00,u
2066,806,370057-7,2024-11-01,25,+370057,2024-11-01 00:00:00,u
2067,806,370126-2,2024-11-01,25,+370126,2024-11-01 00:00:00,u
2068,807,491192-9,2025-11-01,40,+491192,2025-11-01 00:00:00,u
2069,807,492144-8,2025-11-01,40,+492144,2025-11-01 00:00:00,u
2070,808,491192-9,2025-10-01,40,+491192,2025-10-01 00:00:00,u
2071,808,492144-8,2025-10-01,40,+492144,2025-10-01 00:00:00,u
2072,809,491192-9,2025-09-01,40,+491192,2025-09-01 00:00:00,u
2073,809,492144-8,2025-09-01,40,+492144,2025-09-01 00:00:00,u
2074,810,491192-9,2025-08-01,40,+491192,2025-08-01 00:00:00,u
2075,810,492144-8,2025-08-01,40,+492144,2025-08-01 00:00:00,u
2076,811,491192-9,2025-07-01,40,+491192,2025-07-01 00:00:00,u
2077,811,492144-8,2025-07-01,40,+492144,2025-07-01 00:00:00,u
2078,812,491192-9,2025-06-01,40,+491192,2025-06-01 00:00:00,u
2079,812,492144-8,2025-06-01,40,+492144,2025-06-01 00:00:00,u
2080,813,491192-9,2025-05-01,40,+491192,2025-05-01 00:00:00,u
2081,813,492144-8,2025-05-01,40,+492144,2025-05-01 00:00:00,u
2082,814,491192-9,2025-04-01,40,+491192,2025-04-01 00:00:00,u
2083,814,492144-8,2025-04-01,40,+492144,2025-04-01 00:00:00,u
2084,815,491192-9,2025-03-01,40,+491192,2025-03-01 00:00:00,u
2085,815,492144-8,2025-03-01,40,+492144,2025-03-01 00:00:00,u
2086,816,491192-9,2025-02-01,40,+491192,2025-02-01 00:00:00,u
2087,816,492144-8,2025-02-01,40,+492144,2025-02-01 00:00:00,u
2088,817,491192-9,2025-01-01,40,+491192,2025-01-01 00:00:00,u
2089,817,492144-8,2025-01-01,40,+492144,2025-01-01 00:00:00,u
2090,818,491192-9,2024-12-01,40,+491192,2024-12-01 00:00:00,u
2091,818,492144-8,2024-12-01,40,+492144,2024-12-01 00:00:00,u
2092,819,491192-9,2024-11-01,40,+491192,2024-11-01 00:00:00,u
2093,819,492144-8,2024-11-01,40,+492144,2024-11-01 00:00:00,u
2094,820,657717-9,2025-11-01,25,+657717,2025-11-01 00:00:00,u
2095,820,825775-4,2025-11-01,25,+825775,2025-11-01 00:00:00,u
2096,820,904807-8,2025-11-01,25,+904807,2025-11-01 00:00:00,u
2097,820,945131-12,2025-11-01,25,+945131,2025-11-01 00:00:00,u
2098,821,657717-9,2025-10-01,25,+657717,2025-10-01 00:00:00,u
2099,821,825775-4,2025-10-01,25,+825775,2025-10-01 00:00:00,u
2100,821,904807-8,2025-10-01,25,+904807,2025-10-01 00:00:00,u
2101,821,945131-12,2025-10-01,25,+945131,2025-10-01 00:00:00,u
2102,822,657717-9,2025-09-01,25,+657717,2025-09-01 00:00:00,u
2103,822,825775-4,2025-09-01,25,+825775,2025-09-01 00:00:00,u
2104,822,904807-8,2025-09-01,25,+904807,2025-09-01 00:00:00,u
2105,822,945131-12,2025-09-01,25,+945131,2025-09-01 00:00:00,u
2106,823,657717-9,2025-08-01,25,+657717,2025-08-01 00:00:00,u
2107,823,825775-4,2025-08-01,25,+825775,2025-08-01 00:00:00,u
2108,823,904807-8,2025-08-01,25,+904807,2025-08-01 00:00:00,u
2109,823,945131-12,2025-08-01,25,+945131,2025-08-01 00:00:00,u
2110,824,657717-9,2025-07-01,25,+657717,2025-07-01 00:00:00,u
2111,824,825775-4,2025-07-01,25,+825775,2025-07-01 00:00:00,u
2112,824,904807-8,2025-07-01,25,+904807,2025-07-01 00:00:00,u
2113,824,945131-12,2025-07-01,25,+945131,2025-07-01 00:00:00,u
2114,825,657717-9,2025-06-01,25,+657717,2025-06-01 00:00:00,u
2115,825,825775-4,2025-06-01,25,+825775,2025-06-01 00:00:00,u
2116,825,904807-8,2025-06-01,25,+904807,2025-06-01 00:00:00,u
2117,825,945131-12,2025-06-01,25,+945131,2025-06-01 00:00:00,u
2118,826,657717-9,2025-05-01,25,+657717,2025-05-01 00:00:00,u
2119,826,825775-4,2025-05-01,25,+825775,2025-05-01 00:00:00,u
2120,826,904807-8,2025-05-01,25,+904807,2025-05-01 00:00:00,u
2121,826,945131-12,2025-05-01,25,+945131,2025-05-01 00:00:00,u
2122,827,657717-9,2025-04-01,25,+657717,2025-04-01 00:00:00,u
2123,827,825775-4,2025-04-01,25,+825775,2025-04-01 00:00:00,u
2124,827,904807-8,2025-04-01,25,+904807,2025-04-01 00:00:00,u
2125,827,945131-12,2025-04-01,25,+945131,2025-04-01 00:00:00,u
2126,828,657717-9,2025-03-01,25,+657717,2025-03-01 00:00:00,u
2127,828,825775-4,2025-03-01,25,+825775,2025-03-01 00:00:00,u
2128,828,904807-8,2025-03-01,25,+904807,2025-03-01 00:00:00,u
2129,828,945131-12,2025-03-01,25,+945131,2025-03-01 00:00:00,u
2130,829,657717-9,2025-02-01,25,+657717,2025-02-01 00:00:00,u
2131,829,825775-4,2025-02-01,25,+825775,2025-02-01 00:00:00,u
2132,829,904807-8,2025-02-01,25,+904807,2025-02-01 00:00:00,u
2133,829,945131-12,2025-02-01,25,+945131,2025-02-01 00:00:00,u
2134,830,657717-9,2025-01-01,25,+657717,2025-01-01 00:00:00,u
2135,830,825775-4,2025-01-01,25,+825775,2025-01-01 00:00:00,u
2136,830,904807-8,2025-01-01,25,+904807,2025-01-01 00:00:00,u
2137,830,945131-12,2025-01-01,25,+945131,2025-01-01 00:00:00,u
2138,831,657717-9,2024-12-01,25,+657717,2024-12-01 00:00:00,u
2139,831,825775-4,2024-12-01,25,+825775,2024-12-01 00:00:00,u
2140,831,904807-8,2024-12-01,25,+904807,2024-12-01 00:00:00,u
2141,831,945131-12,2024-12-01,25,+945131,2024-12-01 00:00:00,u
2142,832,657717-9,2024-11-01,25,+657717,2024-11-01 00:00:00,u
2143,832,825775-4,2024-11-01,25,+825775,2024-11-01 00:00:00,u
2144,832,904807-8,2024-11-01,25,+904807,2024-11-01 00:00:00,u
2145,832,945131-12,2024-11-01,25,+945131,2024-11-01 00:00:00,u
2146,833,313347-14,2025-11-01,40,+313347,2025-11-01 00:00:00,u
2147,833,559604-13,2025-11-01,40,+559604,2025-11-01 00:00:00,u
2148,833,655342-11,2025-11-01,40,+655342,2025-11-01 00:00:00,u
2149,833,945913-7,2025-11-01,40,+945913,2025-11-01 00:00:00,u
2150,834,313347-14,2025-10-01,40,+313347,2025-10-01 00:00:00,u
2151,834,559604-13,2025-10-01,40,+559604,2025-10-01 00:00:00,u
2152,834,655342-11,2025-10-01,40,+655342,2025-10-01 00:00:00,u
2153,834,945913-7,2025-10-01,40,+945913,2025-10-01 00:00:00,u
2154,835,313347-14,2025-09-01,40,+313347,2025-09-01 00:00:00,u
2155,835,559604-13,2025-09-01,40,+559604,2025-09-01 00:00:00,u
2156,835,655342-11,2025-09-01,40,+655342,2025-09-01 00:00:00,u
2157,835,945913-7,2025-09-01,40,+945913,2025-09-01 00:00:00,u
2158,836,313347-14,2025-08-01,40,+313347,2025-08-01 00:00:00,u
2159,836,559604-13,2025-08-01,40,+559604,2025-08-01 00:00:00,u
2160,836,655342-11,2025-08-01,40,+655342,2025-08-01 00:00:00,u
2161,836,945913-7,2025-08-01,40,+945913,2025-08-01 00:00:00,u
2162,837,313347-14,2025-07-01,40,+313347,2025-07-01 00:00:00,u
2163,837,559604-13,2025-07-01,40,+559604,2025-07-01 00:00:00,u
2164,837,655342-11,2025-07-01,40,+655342,2025-07-01 00:00:00,u
2165,837,945913-7,2025-07-01,40,+945913,2025-07-01 00:00:00,u
2166,838,313347-14,2025-06-01,40,+313347,2025-06-01 00:00:00,u
2167,838,559604-13,2025-06-01,40,+559604,2025-06-01 00:00:00,u
2168,838,655342-11,2025-06-01,40,+655342,2025-06-01 00:00:00,u
2169,838,945913-7,2025-06-01,40,+945913,2025-06-01 00:00:00,u
2170,839,313347-14,2025-05-01,40,+313347,2025-05-01 00:00:00,u
2171,839,559604-13,2025-05-01,40,+559604,2025-05-01 00:00:00,u
2172,839,655342-11,2025-05-01,40,+655342,2025-05-01 00:00:00,u
2173,839,945913-7,2025-05-01,40,+945913,2025-05-01 00:00:00,u
2174,840,313347-14,2025-04-01,40,+313347,2025-04-01 00:00:00,u
2175,840,559604-13,2025-04-01,40,+559604,2025-04-01 00:00:00,u
2176,840,655342-11,2025-04-01,40,+655342,2025-04-01 00:00:00,u
2177,840,945913-7,2025-04-01,40,+945913,2025-04-01 00:00:00,u
2178,841,313347-14,2025-03-01,40,+313347,2025-03-01 00:00:00,u
2179,841,559604-13,2025-03-01,40,+559604,2025-03-01 00:00:00,u
2180,841,655342-11,2025-03-01,40,+655342,2025-03-01 00:00:00,u
2181,841,945913-7,2025-03-01,40,+945913,2025-03-01 00:00:00,u
2182,842,313347-14,2025-02-01,40,+313347,2025-02-01 00:00:00,u
2183,842,559604-13,2025-02-01,40,+559604,2025-02-01 00:00:00,u
2184,842,655342-11,2025-02-01,40,+655342,2025-02-01 00:00:00,u
2185,842,945913-7,2025-02-01,40,+945913,2025-02-01 00:00:00,u
2186,843,313347-14,2025-01-01,40,+313347,2025-01-01 00:00:00,u
2187,843,559604-13,2025-01-01,40,+559604,2025-01-01 00:00:00,u
2188,843,655342-11,2025-01-01,40,+655342,2025-01-01 00:00:00,u
2189,843,945913-7,2025-01-01,40,+945913,2025-01-01 00:00:00,u
2190,844,313347-14,2024-12-01,40,+313347,2024-12-01 00:00:00,u
2191,844,559604-13,2024-12-01,40,+559604,2024-12-01 00:00:00,u
2192,844,655342-11,2024-12-01,40,+655342,2024-12-01 00:00:00,u
2193,844,945913-7,2024-12-01,40,+945913,2024-12-01 00:00:00,u
2194,845,313347-14,2024-11-01,40,+313347,2024-11-01 00:00:00,u
2195,845,559604-13,2024-11-01,40,+559604,2024-11-01 00:00:00,u
2196,845,655342-11,2024-11-01,40,+655342,2024-11-01 00:00:00,u
2197,845,945913-7,2024-11-01,40,+945913,2024-11-01 00:00:00,u
2198,846,342618-12,2025-11-01,50,+342618,2025-11-01 00:00:00,u
2199,846,488122-7,2025-11-01,50,+488122,2025-11-01 00:00:00,u
2200,847,342618-12,2025-10-01,50,+342618,2025-10-01 00:00:00,u
2201,847,488122-7,2025-10-01,50,+488122,2025-10-01 00:00:00,u
2202,848,342618-12,2025-09-01,50,+342618,2025-09-01 00:00:00,u
2203,848,488122-7,2025-09-01,50,+488122,2025-09-01 00:00:00,u
2204,849,342618-12,2025-08-01,50,+342618,2025-08-01 00:00:00,u
2205,849,488122-7,2025-08-01,50,+488122,2025-08-01 00:00:00,u
2206,850,342618-12,2025-07-01,50,+342618,2025-07-01 00:00:00,u
2207,850,488122-7,2025-07-01,50,+488122,2025-07-01 00:00:00,u
2208,851,342618-12,2025-06-01,50,+342618,2025-06-01 00:00:00,u
2209,851,488122-7,2025-06-01,50,+488122,2025-06-01 00:00:00,u
2210,852,342618-12,2025-05-01,50,+342618,2025-05-01 00:00:00,u
2211,852,488122-7,2025-05-01,50,+488122,2025-05-01 00:00:00,u
2212,853,342618-12,2025-04-01,50,+342618,2025-04-01 00:00:00,u
2213,853,488122-7,2025-04-01,50,+488122,2025-04-01 00:00:00,u
2214,854,342618-12,2025-03-01,50,+342618,2025-03-01 00:00:00,u
2215,854,488122-7,2025-03-01,50,+488122,2025-03-01 00:00:00,u
2216,855,342618-12,2025-02-01,50,+342618,2025-02-01 00:00:00,u
2217,855,488122-7,2025-02-01,50,+488122,2025-02-01 00:00:00,u
2218,856,342618-12,2025-01-01,50,+342618,2025-01-01 00:00:00,u
2219,856,488122-7,2025-01-01,50,+488122,2025-01-01 00:00:00,u
2220,857,342618-12,2024-12-01,50,+342618,2024-12-01 00:00:00,u
2221,857,488122-7,2024-12-01,50,+488122,2024-12-01 00:00:00,u
2222,858,342618-12,2024-11-01,50,+342618,2024-11-01 00:00:00,u
2223,858,488122-7,2024-11-01,50,+488122,2024-11-01 00:00:00,u
2224,859,345019-14,2025-11-01,50,+345019,2025-11-01 00:00:00,u
2225,859,380448-7,2025-11-01,50,+380448,2025-11-01 00:00:00,u
2226,859,910458-6,2025-11-01,50,+910458,2025-11-01 00:00:00,u
2227,860,345019-14,2025-10-01,50,+345019,2025-10-01 00:00:00,u
2228,860,380448-7,2025-10-01,50,+380448,2025-10-01 00:00:00,u
2229,860,910458-6,2025-10-01,50,+910458,2025-10-01 00:00:00,u
2230,861,345019-14,2025-09-01,50,+345019,2025-09-01 00:00:00,u
2231,861,380448-7,2025-09-01,50,+380448,2025-09-01 00:00:00,u
2232,861,910458-6,2025-09-01,50,+910458,2025-09-01 00:00:00,u
2233,862,345019-14,2025-08-01,50,+345019,2025-08-01 00:00:00,u
2234,862,380448-7,2025-08-01,50,+380448,2025-08-01 00:00:00,u
2235,862,910458-6,2025-08-01,50,+910458,2025-08-01 00:00:00,u
2236,863,345019-14,2025-07-01,50,+345019,2025-07-01 00:00:00,u
2237,863,380448-7,2025-07-01,50,+380448,2025-07-01 00:00:00,u
2238,863,910458-6,2025-07-01,50,+910458,2025-07-01 00:00:00,u
2239,864,345019-14,2025-06-01,50,+345019,2025-06-01 00:00:00,u
2240,864,380448-7,2025-06-01,50,+380448,2025-06-01 00:00:00,u
2241,864,910458-6,2025-06-01,50,+910458,2025-06-01 00:00:00,u
2242,865,345019-14,2025-05-01,50,+345019,2025-05-01 00:00:00,u
2243,865,380448-7,2025-05-01,50,+380448,2025-05-01 00:00:00,u
2244,865,910458-6,2025-05-01,50,+910458,2025-05-01 00:00:00,u
2245,866,345019-14,2025-04-01,50,+345019,2025-04-01 00:00:00,u
2246,866,380448-7,2025-04-01,50,+380448,2025-04-01 00:00:00,u
2247,866,910458-6,2025-04-01,50,+910458,2025-04-01 00:00:00,u
2248,867,345019-14,2025-03-01,50,+345019,2025-03-01 00:00:00,u
2249,867,380448-7,2025-03-01,50,+380448,2025-03-01 00:00:00,u
2250,867,910458-6,2025-03-01,50,+910458,2025-03-01 00:00:00,u
2251,868,345019-14,2025-02-01,50,+345019,2025-02-01 00:00:00,u
2252,868,380448-7,2025-02-01,50,+380448,2025-02-01 00:00:00,u
2253,868,910458-6,2025-02-01,50,+910458,2025-02-01 00:00:00,u
2254,869,345019-14,2025-01-01,50,+345019,2025-01-01 00:00:00,u
2255,869,380448-7,2025-01-01,50,+380448,2025-01-01 00:00:00,u
2256,869,910458-6,2025-01-01,50,+910458,2025-01-01 00:00:00,u
2257,870,345019-14,2024-12-01,50,+345019,2024-12-01 00:00:00,u
2258,870,380448-7,2024-12-01,50,+380448,2024-12-01 00:00:00,u
2259,870,910458-6,2024-12-01,50,+910458,2024-12-01 00:00:00,u
2260,871,345019-14,2024-11-01,50,+345019,2024-11-01 00:00:00,u
2261,871,380448-7,2024-11-01,50,+380448,2024-11-01 00:00:00,u
2262,871,910458-6,2024-11-01,50,+910458,2024-11-01 00:00:00,u
2263,872,420197-2,2025-11-01,25,+420197,2025-11-01 00:00:00,u
2264,872,485570-8,2025-11-01,25,+485570,2025-11-01 00:00:00,u
2265,872,916869-4,2025-11-01,25,+916869,2025-11-01 00:00:00,u
2266,873,420197-2,2025-10-01,25,+420197,2025-10-01 00:00:00,u
2267,873,485570-8,2025-10-01,25,+485570,2025-10-01 00:00:00,u
2268,873,916869-4,2025-10-01,25,+916869,2025-10-01 00:00:00,u
2269,874,420197-2,2025-09-01,25,+420197,2025-09-01 00:00:00,u
2270,874,485570-8,2025-09-01,25,+485570,2025-09-01 00:00:00,u
2271,874,916869-4,2025-09-01,25,+916869,2025-09-01 00:00:00,u
2272,875,420197-2,2025-08-01,25,+420197,2025-08-01 00:00:00,u
2273,875,485570-8,2025-08-01,25,+485570,2025-08-01 00:00:00,u
2274,875,916869-4,2025-08-01,25,+916869,2025-08-01 00:00:00,u
2275,876,420197-2,2025-07-01,25,+420197,2025-07-01 00:00:00,u
2276,876,485570-8,2025-07-01,25,+485570,2025-07-01 00:00:00,u
2277,876,916869-4,2025-07-01,25,+916869,2025-07-01 00:00:00,u
2278,877,420197-2,2025-06-01,25,+420197,2025-06-01 00:00:00,u
2279,877,485570-8,2025-06-01,25,+485570,2025-06-01 00:00:00,u
2280,877,916869-4,2025-06-01,25,+916869,2025-06-01 00:00:00,u
2281,878,420197-2,2025-05-01,25,+420197,2025-05-01 00:00:00,u
2282,878,485570-8,2025-05-01,25,+485570,2025-05-01 00:00:00,u
2283,878,916869-4,2025-05-01,25,+916869,2025-05-01 00:00:00,u
2284,879,420197-2,2025-04-01,25,+420197,2025-04-01 00:00:00,u
2285,879,485570-8,2025-04-01,25,+485570,2025-04-01 00:00:00,u
2286,879,916869-4,2025-04-01,25,+916869,2025-04-01 00:00:00,u
2287,880,420197-2,2025-03-01,25,+420197,2025-03-01 00:00:00,u
2288,880,485570-8,2025-03-01,25,+485570,2025-03-01 00:00:00,u
2289,880,916869-4,2025-03-01,25,+916869,2025-03-01 00:00:00,u
2290,881,420197-2,2025-02-01,25,+420197,2025-02-01 00:00:00,u
2291,881,485570-8,2025-02-01,25,+485570,2025-02-01 00:00:00,u
2292,881,916869-4,2025-02-01,25,+916869,2025-02-01 00:00:00,u
2293,882,420197-2,2025-01-01,25,+420197,2025-01-01 00:00:00,u
2294,882,485570-8,2025-01-01,25,+485570,2025-01-01 00:00:00,u
2295,882,916869-4,2025-01-01,25,+916869,2025-01-01 00:00:00,u
2296,883,420197-2,2024-12-01,25,+420197,2024-12-01 00:00:00,u
2297,883,485570-8,2024-12-01,25,+485570,2024-12-01 00:00:00,u
2298,883,916869-4,2024-12-01,25,+916869,2024-12-01 00:00:00,u
2299,884,420197-2,2024-11-01,25,+420197,2024-11-01 00:00:00,u
2300,884,485570-8,2024-11-01,25,+485570,2024-11-01 00:00:00,u
2301,884,916869-4,2024-11-01,25,+916869,2024-11-01 00:00:00,u
2302,885,335553-1,2025-11-01,40,+335553,2025-11-01 00:00:00,u
2303,885,495389-14,2025-11-01,40,+495389,2025-11-01 00:00:00,u
2304,885,703777-10,2025-11-01,40,+703777,2025-11-01 00:00:00,u
2305,886,335553-1,2025-10-01,40,+335553,2025-10-01 00:00:00,u
2306,886,495389-14,2025-10-01,40,+495389,2025-10-01 00:00:00,u
2307,886,703777-10,2025-10-01,40,+703777,2025-10-01 00:00:00,u
2308,887,335553-1,2025-09-01,40,+335553,2025-09-01 00:00:00,u
2309,887,495389-14,2025-09-01,40,+495389,2025-09-01 00:00:00,u
2310,887,703777-10,2025-09-01,40,+703777,2025-09-01 00:00:00,u
2311,888,335553-1,2025-08-01,40,+335553,2025-08-01 00:00:00,u
2312,888,495389-14,2025-08-01,40,+495389,2025-08-01 00:00:00,u
2313,888,703777-10,2025-08-01,40,+703777,2025-08-01 00:00:00,u
2314,889,335553-1,2025-07-01,40,+335553,2025-07-01 00:00:00,u
2315,889,495389-14,2025-07-01,40,+495389,2025-07-01 00:00:00,u
2316,889,703777-10,2025-07-01,40,+703777,2025-07-01 00:00:00,u
2317,890,335553-1,2025-06-01,40,+335553,2025-06-01 00:00:00,u
2318,890,495389-14,2025-06-01,40,+495389,2025-06-01 00:00:00,u
2319,890,703777-10,2025-06-01,40,+703777,2025-06-01 00:00:00,u
2320,891,335553-1,2025-05-01,40,+335553,2025-05-01 00:00:00,u
2321,891,495389-14,2025-05-01,40,+495389,2025-05-01 00:00:00,u
2322,891,703777-10,2025-05-01,40,+703777,2025-05-01 00:00:00,u
2323,892,335553-1,2025-04-01,40,+335553,2025-04-01 00:00:00,u
2324,892,495389-14,2025-04-01,40,+495389,2025-04-01 00:00:00,u
2325,892,703777-10,2025-04-01,40,+703777,2025-04-01 00:00:00,u
2326,893,335553-1,2025-03-01,40,+335553,2025-03-01 00:00:00,u
2327,893,495389-14,2025-03-01,40,+495389,2025-03-01 00:00:00,u
2328,893,703777-10,2025-03-01,40,+703777,2025-03-01 00:00:00,u
2329,894,335553-1,2025-02-01,40,+335553,2025-02-01 00:00:00,u
2330,894,495389-14,2025-02-01,40,+495389,2025-02-01 00:00:00,u
2331,894,703777-10,2025-02-01,40,+703777,2025-02-01 00:00:00,u
2332,895,335553-1,2025-01-01,40,+335553,2025-01-01 00:00:00,u
2333,895,495389-14,2025-01-01,40,+495389,2025-01-01 00:00:00,u
2334,895,703777-10,2025-01-01,40,+703777,2025-01-01 00:00:00,u
2335,896,335553-1,2024-12-01,40,+335553,2024-12-01 00:00:00,u
2336,896,495389-14,2024-12-01,40,+495389,2024-12-01 00:00:00,u
2337,896,703777-10,2024-12-01,40,+703777,2024-12-01 00:00:00,u
2338,897,335553-1,2024-11-01,40,+335553,2024-11-01 00:00:00,u
2339,897,495389-14,2024-11-01,40,+495389,2024-11-01 00:00:00,u
2340,897,703777-10,2024-11-01,40,+703777,2024-11-01 00:00:00,u
2341,898,440847-14,2025-11-01,25,+440847,2025-11-01 00:00:00,u
2342,899,440847-14,2025-10-01,25,+440847,2025-10-01 00:00:00,u
2343,900,440847-14,2025-09-01,25,+440847,2025-09-01 00:00:00,u
2344,901,440847-14,2025-08-01,25,+440847,2025-08-01 00:00:00,u
2345,902,440847-14,2025-07-01,25,+440847,2025-07-01 00:00:00,u
2346,903,440847-14,2025-06-01,25,+440847,2025-06-01 00:00:00,u
2347,904,440847-14,2025-05-01,25,+440847,2025-05-01 00:00:00,u
2348,905,440847-14,2025-04-01,25,+440847,2025-04-01 00:00:00,u
2349,906,440847-14,2025-03-01,25,+440847,2025-03-01 00:00:00,u
2350,907,440847-14,2025-02-01,25,+440847,2025-02-01 00:00:00,u
2351,908,440847-14,2025-01-01,25,+440847,2025-01-01 00:00:00,u
2352,909,440847-14,2024-12-01,25,+440847,2024-12-01 00:00:00,u
2353,910,440847-14,2024-11-01,25,+440847,2024-11-01 00:00:00,u
2354,911,335979-9,2025-11-01,40,+335979,2025-11-01 00:00:00,u
2355,911,358466-6,2025-11-01,40,+358466,2025-11-01 00:00:00,u
2356,911,370628-5,2025-11-01,40,+370628,2025-11-01 00:00:00,u
2357,912,335979-9,2025-10-01,40,+335979,2025-10-01 00:00:00,u
2358,912,358466-6,2025-10-01,40,+358466,2025-10-01 00:00:00,u
2359,912,370628-5,2025-10-01,40,+370628,2025-10-01 00:00:00,u
2360,913,335979-9,2025-09-01,40,+335979,2025-09-01 00:00:00,u
2361,913,358466-6,2025-09-01,40,+358466,2025-09-01 00:00:00,u
2362,913,370628-5,2025-09-01,40,+370628,2025-09-01 00:00:00,u
2363,914,335979-9,2025-08-01,40,+335979,2025-08-01 00:00:00,u
2364,914,358466-6,2025-08-01,40,+358466,2025-08-01 00:00:00,u
2365,914,370628-5,2025-08-01,40,+370628,2025-08-01 00:00:00,u
2366,915,335979-9,2025-07-01,40,+335979,2025-07-01 00:00:00,u
2367,915,358466-6,2025-07-01,40,+358466,2025-07-01 00:00:00,u
2368,915,370628-5,2025-07-01,40,+370628,2025-07-01 00:00:00,u
2369,916,335979-9,2025-06-01,40,+335979,2025-06-01 00:00:00,u
2370,916,358466-6,2025-06-01,40,+358466,2025-06-01 00:00:00,u
2371,916,370628-5,2025-06-01,40,+370628,2025-06-01 00:00:00,u
2372,917,335979-9,2025-05-01,40,+335979,2025-05-01 00:00:00,u
2373,917,358466-6,2025-05-01,40,+358466,2025-05-01 00:00:00,u
2374,917,370628-5,2025-05-01,40,+370628,2025-05-01 00:00:00,u
2375,918,335979-9,2025-04-01,40,+335979,2025-04-01 00:00:00,u
2376,918,358466-6,2025-04-01,40,+358466,2025-04-01 00:00:00,u
2377,918,370628-5,2025-04-01,40,+370628,2025-04-01 00:00:00,u
2378,919,335979-9,2025-03-01,40,+335979,2025-03-01 00:00:00,u
2379,919,358466-6,2025-03-01,40,+358466,2025-03-01 00:00:00,u
2380,919,370628-5,2025-03-01,40,+370628,2025-03-01 00:00:00,u
2381,920,335979-9,2025-02-01,40,+335979,2025-02-01 00:00:00,u
2382,920,358466-6,2025-02-01,40,+358466,2025-02-01 00:00:00,u
2383,920,370628-5,2025-02-01,40,+370628,2025-02-01 00:00:00,u
2384,921,335979-9,2025-01-01,40,+335979,2025-01-01 00:00:00,u
2385,921,358466-6,2025-01-01,40,+358466,2025-01-01 00:00:00,u
2386,921,370628-5,2025-01-01,40,+370628,2025-01-01 00:00:00,u
2387,922,335979-9,2024-12-01,40,+335979,2024-12-01 00:00:00,u
2388,922,358466-6,2024-12-01,40,+358466,2024-12-01 00:00:00,u
2389,922,370628-5,2024-12-01,40,+370628,2024-12-01 00:00:00,u
2390,923,335979-9,2024-11-01,40,+335979,2024-11-01 00:00:00,u
2391,923,358466-6,2024-11-01,40,+358466,2024-11-01 00:00:00,u
2392,923,370628-5,2024-11-01,40,+370628,2024-11-01 00:00:00,u
2393,924,351596-13,2025-11-01,50,+351596,2025-11-01 00:00:00,u
2394,925,351596-13,2025-10-01,50,+351596,2025-10-01 00:00:00,u
2395,926,351596-13,2025-09-01,50,+351596,2025-09-01 00:00:00,u
2396,927,351596-13,2025-08-01,50,+351596,2025-08-01 00:00:00,u
2397,928,351596-13,2025-07-01,50,+351596,2025-07-01 00:00:00,u
2398,929,351596-13,2025-06-01,50,+351596,2025-06-01 00:00:00,u
2399,930,351596-13,2025-05-01,50,+351596,2025-05-01 00:00:00,u
2400,931,351596-13,2025-04-01,50,+351596,2025-04-01 00:00:00,u
2401,932,351596-13,2025-03-01,50,+351596,2025-03-01 00:00:00,u
2402,933,351596-13,2025-02-01,50,+351596,2025-02-01 00:00:00,u
2403,934,351596-13,2025-01-01,50,+351596,2025-01-01 00:00:00,u
2404,935,351596-13,2024-12-01,50,+351596,2024-12-01 00:00:00,u
2405,936,351596-13,2024-11-01,50,+351596,2024-11-01 00:00:00,u
2406,937,406967-13,2025-11-01,25,+406967,2025-11-01 00:00:00,u
2407,938,406967-13,2025-10-01,25,+406967,2025-10-01 00:00:00,u
2408,939,406967-13,2025-09-01,25,+406967,2025-09-01 00:00:00,u
2409,940,406967-13,2025-08-01,25,+406967,2025-08-01 00:00:00,u
2410,941,406967-13,2025-07-01,25,+406967,2025-07-01 00:00:00,u
2411,942,406967-13,2025-06-01,25,+406967,2025-06-01 00:00:00,u
2412,943,406967-13,2025-05-01,25,+406967,2025-05-01 00:00:00,u
2413,944,406967-13,2025-04-01,25,+406967,2025-04-01 00:00:00,u
2414,945,406967-13,2025-03-01,25,+406967,2025-03-01 00:00:00,u
2415,946,406967-13,2025-02-01,25,+406967,2025-02-01 00:00:00,u
2416,947,406967-13,2025-01-01,25,+406967,2025-01-01 00:00:00,u
2417,948,406967-13,2024-12-01,25,+406967,2024-12-01 00:00:00,u
2418,949,406967-13,2024-11-01,25,+406967,2024-11-01 00:00:00,u
2419,950,485753-5,2025-11-01,40,+485753,2025-11-01 00:00:00,u
2420,951,485753-5,2025-10-01,40,+485753,2025-10-01 00:00:00,u
2421,952,485753-5,2025-09-01,40,+485753,2025-09-01 00:00:00,u
2422,953,485753-5,2025-08-01,40,+485753,2025-08-01 00:00:00,u
2423,954,485753-5,2025-07-01,40,+485753,2025-07-01 00:00:00,u
2424,955,485753-5,2025-06-01,40,+485753,2025-06-01 00:00:00,u
2425,956,485753-5,2025-05-01,40,+485753,2025-05-01 00:00:00,u
2426,957,485753-5,2025-04-01,40,+485753,2025-04-01 00:00:00,u
2427,958,485753-5,2025-03-01,40,+485753,2025-03-01 00:00:00,u
2428,959,485753-5,2025-02-01,40,+485753,2025-02-01 00:00:00,u
2429,960,485753-5,2025-01-01,40,+485753,2025-01-01 00:00:00,u
2430,961,485753-5,2024-12-01,40,+485753,2024-12-01 00:00:00,u
2431,962,485753-5,2024-11-01,40,+485753,2024-11-01 00:00:00,u
2432,963,299033-13,2025-11-01,50,+299033,2025-11-01 00:00:00,u
2433,963,523303-2,2025-11-01,50,+523303,2025-11-01 00:00:00,u
2434,963,915764-3,2025-11-01,50,+915764,2025-11-01 00:00:00,u
2435,964,299033-13,2025-10-01,50,+299033,2025-10-01 00:00:00,u
2436,964,523303-2,2025-10-01,50,+523303,2025-10-01 00:00:00,u
2437,964,915764-3,2025-10-01,50,+915764,2025-10-01 00:00:00,u
2438,965,299033-13,2025-09-01,50,+299033,2025-09-01 00:00:00,u
2439,965,523303-2,2025-09-01,50,+523303,2025-09-01 00:00:00,u
2440,965,915764-3,2025-09-01,50,+915764,2025-09-01 00:00:00,u
2441,966,299033-13,2025-08-01,50,+299033,2025-08-01 00:00:00,u
2442,966,523303-2,2025-08-01,50,+523303,2025-08-01 00:00:00,u
2443,966,915764-3,2025-08-01,50,+915764,2025-08-01 00:00:00,u
2444,967,299033-13,2025-07-01,50,+299033,2025-07-01 00:00:00,u
2445,967,523303-2,2025-07-01,50,+523303,2025-07-01 00:00:00,u
2446,967,915764-3,2025-07-01,50,+915764,2025-07-01 00:00:00,u
2447,968,299033-13,2025-06-01,50,+299033,2025-06-01 00:00:00,u
2448,968,523303-2,2025-06-01,50,+523303,2025-06-01 00:00:00,u
2449,968,915764-3,2025-06-01,50,+915764,2025-06-01 00:00:00,u
2450,969,299033-13,2025-05-01,50,+299033,2025-05-01 00:00:00,u
2451,969,523303-2,2025-05-01,50,+523303,2025-05-01 00:00:00,u
2452,969,915764-3,2025-05-01,50,+915764,2025-05-01 00:00:00,u
2453,970,299033-13,2025-04-01,50,+299033,2025-04-01 00:00:00,u
2454,970,523303-2,2025-04-01,50,+523303,2025-04-01 00:00:00,u
2455,970,915764-3,2025-04-01,50,+915764,2025-04-01 00:00:00,u
2456,971,299033-13,2025-03-01,50,+299033,2025-03-01 00:00:00,u
2457,971,523303-2,2025-03-01,50,+523303,2025-03-01 00:00:00,u
2458,971,915764-3,2025-03-01,50,+915764,2025-03-01 00:00:00,u
2459,972,299033-13,2025-02-01,50,+299033,2025-02-01 00:00:00,u
2460,972,523303-2,2025-02-01,50,+523303,2025-02-01 00:00:00,u
2461,972,915764-3,2025-02-01,50,+915764,2025-02-01 00:00:00,u
2462,973,299033-13,2025-01-01,50,+299033,2025-01-01 00:00:00,u
2463,973,523303-2,2025-01-01,50,+523303,2025-01-01 00:00:00,u
2464,973,915764-3,2025-01-01,50,+915764,2025-01-01 00:00:00,u
2465,974,299033-13,2024-12-01,50,+299033,2024-12-01 00:00:00,u
2466,974,523303-2,2024-12-01,50,+523303,2024-12-01 00:00:00,u
2467,974,915764-3,2024-12-01,50,+915764,2024-12-01 00:00:00,u
2468,975,299033-13,2024-11-01,50,+299033,2024-11-01 00:00:00,u
2469,975,523303-2,2024-11-01,50,+523303,2024-11-01 00:00:00,u
2470,975,915764-3,2024-11-01,50,+915764,2024-11-01 00:00:00,u
2471,976,785636-13,2025-11-01,25,+785636,2025-11-01 00:00:00,u
2472,977,785636-13,2025-10-01,25,+785636,2025-10-01 00:00:00,u
2473,978,785636-13,2025-09-01,25,+785636,2025-09-01 00:00:00,u
2474,979,785636-13,2025-08-01,25,+785636,2025-08-01 00:00:00,u
2475,980,785636-13,2025-07-01,25,+785636,2025-07-01 00:00:00,u
2476,981,785636-13,2025-06-01,25,+785636,2025-06-01 00:00:00,u
2477,982,785636-13,2025-05-01,25,+785636,2025-05-01 00:00:00,u
2478,983,785636-13,2025-04-01,25,+785636,2025-04-01 00:00:00,u
2479,984,785636-13,2025-03-01,25,+785636,2025-03-01 00:00:00,u
2480,985,785636-13,2025-02-01,25,+785636,2025-02-01 00:00:00,u
2481,986,785636-13,2025-01-01,25,+785636,2025-01-01 00:00:00,u
2482,987,785636-13,2024-12-01,25,+785636,2024-12-01 00:00:00,u
2483,988,785636-13,2024-11-01,25,+785636,2024-11-01 00:00:00,u
2484,989,359453-13,2025-11-01,40,+359453,2025-11-01 00:00:00,u
2485,989,656462-9,2025-11-01,40,+656462,2025-11-01 00:00:00,u
2486,990,359453-13,2025-10-01,40,+359453,2025-10-01 00:00:00,u
2487,990,656462-9,2025-10-01,40,+656462,2025-10-01 00:00:00,u
2488,991,359453-13,2025-09-01,40,+359453,2025-09-01 00:00:00,u
2489,991,656462-9,2025-09-01,40,+656462,2025-09-01 00:00:00,u
2490,992,359453-13,2025-08-01,40,+359453,2025-08-01 00:00:00,u
2491,992,656462-9,2025-08-01,40,+656462,2025-08-01 00:00:00,u
2492,993,359453-13,2025-07-01,40,+359453,2025-07-01 00:00:00,u
2493,993,656462-9,2025-07-01,40,+656462,2025-07-01 00:00:00,u
2494,994,359453-13,2025-06-01,40,+359453,2025-06-01 00:00:00,u
2495,994,656462-9,2025-06-01,40,+656462,2025-06-01 00:00:00,u
2496,995,359453-13,2025-05-01,40,+359453,2025-05-01 00:00:00,u
2497,995,656462-9,2025-05-01,40,+656462,2025-05-01 00:00:00,u
2498,996,359453-13,2025-04-01,40,+359453,2025-04-01 00:00:00,u
2499,996,656462-9,2025-04-01,40,+656462,2025-04-01 00:00:00,u
2500,997,359453-13,2025-03-01,40,+359453,2025-03-01 00:00:00,u
2501,997,656462-9,2025-03-01,40,+656462,2025-03-01 00:00:00,u
2502,998,359453-13,2025-02-01,40,+359453,2025-02-01 00:00:00,u
2503,998,656462-9,2025-02-01,40,+656462,2025-02-01 00:00:00,u
2504,999,359453-13,2025-01-01,40,+359453,2025-01-01 00:00:00,u
2505,999,656462-9,2025-01-01,40,+656462,2025-01-01 00:00:00,u
2506,1000,359453-13,2024-12-01,40,+359453,2024-12-01 00:00:00,u
2507,1000,656462-9,2024-12-01,40,+656462,2024-12-01 00:00:00,u
2508,1001,359453-13,2024-11-01,40,+359453,2024-11-01 00:00:00,u
2509,1001,656462-9,2024-11-01,40,+656462,2024-11-01 00:00:00,u
2510,1002,814864-9,2025-11-01,50,+814864,2025-11-01 00:00:00,u
2511,1002,903739-12,2025-11-01,50,+903739,2025-11-01 00:00:00,u
2512,1003,814864-9,2025-10-01,50,+814864,2025-10-01 00:00:00,u
2513,1003,903739-12,2025-10-01,50,+903739,2025-10-01 00:00:00,u
2514,1004,814864-9,2025-09-01,50,+814864,2025-09-01 00:00:00,u
2515,1004,903739-12,2025-09-01,50,+903739,2025-09-01 00:00:00,u
2516,1005,814864-9,2025-08-01,50,+814864,2025-08-01 00:00:00,u
2517,1005,903739-12,2025-08-01,50,+903739,2025-08-01 00:00:00,u
2518,1006,814864-9,2025-07-01,50,+814864,2025-07-01 00:00:00,u
2519,1006,903739-12,2025-07-01,50,+903739,2025-07-01 00:00:00,u
2520,1007,814864-9,2025-06-01,50,+814864,2025-06-01 00:00:00,u
2521,1007,903739-12,2025-06-01,50,+903739,2025-06-01 00:00:00,u
2522,1008,814864-9,2025-05-01,50,+814864,2025-05-01 00:00:00,u
2523,1008,903739-12,2025-05-01,50,+903739,2025-05-01 00:00:00,u
2524,1009,814864-9,2025-04-01,50,+814864,2025-04-01 00:00:00,u
2525,1009,903739-12,2025-04-01,50,+903739,2025-04-01 00:00:00,u
2526,1010,814864-9,2025-03-01,50,+814864,2025-03-01 00:00:00,u
2527,1010,903739-12,2025-03-01,50,+903739,2025-03-01 00:00:00,u
2528,1011,814864-9,2025-02-01,50,+814864,2025-02-01 00:00:00,u
2529,1011,903739-12,2025-02-01,50,+903739,2025-02-01 00:00:00,u
2530,1012,814864-9,2025-01-01,50,+814864,2025-01-01 00:00:00,u
2531,1012,903739-12,2025-01-01,50,+903739,2025-01-01 00:00:00,u
2532,1013,814864-9,2024-12-01,50,+814864,2024-12-01 00:00:00,u
2533,1013,903739-12,2024-12-01,50,+903739,2024-12-01 00:00:00,u
2534,1014,814864-9,2024-11-01,50,+814864,2024-11-01 00:00:00,u
2535,1014,903739-12,2024-11-01,50,+903739,2024-11-01 00:00:00,u
2536,1015,140255-5,2025-11-01,25,+140255,2025-11-01 00:00:00,u
2537,1015,482484-2,2025-11-01,25,+482484,2025-11-01 00:00:00,u
2538,1016,140255-5,2025-10-01,25,+140255,2025-10-01 00:00:00,u
2539,1016,482484-2,2025-10-01,25,+482484,2025-10-01 00:00:00,u
2540,1017,140255-5,2025-09-01,25,+140255,2025-09-01 00:00:00,u
2541,1017,482484-2,2025-09-01,25,+482484,2025-09-01 00:00:00,u
2542,1018,140255-5,2025-08-01,25,+140255,2025-08-01 00:00:00,u
2543,1018,482484-2,2025-08-01,25,+482484,2025-08-01 00:00:00,u
2544,1019,140255-5,2025-07-01,25,+140255,2025-07-01 00:00:00,u
2545,1019,482484-2,2025-07-01,25,+482484,2025-07-01 00:00:00,u
2546,1020,140255-5,2025-06-01,25,+140255,2025-06-01 00:00:00,u
2547,1020,482484-2,2025-06-01,25,+482484,2025-06-01 00:00:00,u
2548,1021,140255-5,2025-05-01,25,+140255,2025-05-01 00:00:00,u
2549,1021,482484-2,2025-05-01,25,+482484,2025-05-01 00:00:00,u
2550,1022,140255-5,2025-04-01,25,+140255,2025-04-01 00:00:00,u
2551,1022,482484-2,2025-04-01,25,+482484,2025-04-01 00:00:00,u
2552,1023,140255-5,2025-03-01,25,+140255,2025-03-01 00:00:00,u
2553,1023,482484-2,2025-03-01,25,+482484,2025-03-01 00:00:00,u
2554,1024,140255-5,2025-02-01,25,+140255,2025-02-01 00:00:00,u
2555,1024,482484-2,2025-02-01,25,+482484,2025-02-01 00:00:00,u
2556,1025,140255-5,2025-01-01,25,+140255,2025-01-01 00:00:00,u
2557,1025,482484-2,2025-01-01,25,+482484,2025-01-01 00:00:00,u
2558,1026,140255-5,2024-12-01,25,+140255,2024-12-01 00:00:00,u
2559,1026,482484-2,2024-12-01,25,+482484,2024-12-01 00:00:00,u
2560,1027,140255-5,2024-11-01,25,+140255,2024-11-01 00:00:00,u
2561,1027,482484-2,2024-11-01,25,+482484,2024-11-01 00:00:00,u
2562,1028,337712-11,2025-11-01,40,+337712,2025-11-01 00:00:00,u
2563,1028,390231-3,2025-11-01,40,+390231,2025-11-01 00:00:00,u
2564,1028,495584-8,2025-11-01,40,+495584,2025-11-01 00:00:00,u
2565,1029,337712-11,2025-10-01,40,+337712,2025-10-01 00:00:00,u
2566,1029,390231-3,2025-10-01,40,+390231,2025-10-01 00:00:00,u
2567,1029,495584-8,2025-10-01,40,+495584,2025-10-01 00:00:00,u
2568,1030,337712-11,2025-09-01,40,+337712,2025-09-01 00:00:00,u
2569,1030,390231-3,2025-09-01,40,+390231,2025-09-01 00:00:00,u
2570,1030,495584-8,2025-09-01,40,+495584,2025-09-01 00:00:00,u
2571,1031,337712-11,2025-08-01,40,+337712,2025-08-01 00:00:00,u
2572,1031,390231-3,2025-08-01,40,+390231,2025-08-01 00:00:00,u
2573,1031,495584-8,2025-08-01,40,+495584,2025-08-01 00:00:00,u
2574,1032,337712-11,2025-07-01,40,+337712,2025-07-01 00:00:00,u
2575,1032,390231-3,2025-07-01,40,+390231,2025-07-01 00:00:00,u
2576,1032,495584-8,2025-07-01,40,+495584,2025-07-01 00:00:00,u
2577,1033,337712-11,2025-06-01,40,+337712,2025-06-01 00:00:00,u
2578,1033,390231-3,2025-06-01,40,+390231,2025-06-01 00:00:00,u
2579,1033,495584-8,2025-06-01,40,+495584,2025-06-01 00:00:00,u
2580,1034,337712-11,2025-05-01,40,+337712,2025-05-01 00:00:00,u
2581,1034,390231-3,2025-05-01,40,+390231,2025-05-01 00:00:00,u
2582,1034,495584-8,2025-05-01,40,+495584,2025-05-01 00:00:00,u
2583,1035,337712-11,2025-04-01,40,+337712,2025-04-01 00:00:00,u
2584,1035,390231-3,2025-04-01,40,+390231,2025-04-01 00:00:00,u
2585,1035,495584-8,2025-04-01,40,+495584,2025-04-01 00:00:00,u
2586,1036,337712-11,2025-03-01,40,+337712,2025-03-01 00:00:00,u
2587,1036,390231-3,2025-03-01,40,+390231,2025-03-01 00:00:00,u
2588,1036,495584-8,2025-03-01,40,+495584,2025-03-01 00:00:00,u
2589,1037,337712-11,2025-02-01,40,+337712,2025-02-01 00:00:00,u
2590,1037,390231-3,2025-02-01,40,+390231,2025-02-01 00:00:00,u
2591,1037,495584-8,2025-02-01,40,+495584,2025-02-01 00:00:00,u
2592,1038,337712-11,2025-01-01,40,+337712,2025-01-01 00:00:00,u
2593,1038,390231-3,2025-01-01,40,+390231,2025-01-01 00:00:00,u
2594,1038,495584-8,2025-01-01,40,+495584,2025-01-01 00:00:00,u
2595,1039,337712-11,2024-12-01,40,+337712,2024-12-01 00:00:00,u
2596,1039,390231-3,2024-12-01,40,+390231,2024-12-01 00:00:00,u
2597,1039,495584-8,2024-12-01,40,+495584,2024-12-01 00:00:00,u
2598,1040,337712-11,2024-11-01,40,+337712,2024-11-01 00:00:00,u
2599,1040,390231-3,2024-11-01,40,+390231,2024-11-01 00:00:00,u
2600,1040,495584-8,2024-11-01,40,+495584,2024-11-01 00:00:00,u
2601,1041,371898-5,2025-11-01,50,+371898,2025-11-01 00:00:00,u
2602,1041,420786-1,2025-11-01,50,+420786,2025-11-01 00:00:00,u
2603,1042,371898-5,2025-10-01,50,+371898,2025-10-01 00:00:00,u
2604,1042,420786-1,2025-10-01,50,+420786,2025-10-01 00:00:00,u
2605,1043,371898-5,2025-09-01,50,+371898,2025-09-01 00:00:00,u
2606,1043,420786-1,2025-09-01,50,+420786,2025-09-01 00:00:00,u
2607,1044,371898-5,2025-08-01,50,+371898,2025-08-01 00:00:00,u
2608,1044,420786-1,2025-08-01,50,+420786,2025-08-01 00:00:00,u
2609,1045,371898-5,2025-07-01,50,+371898,2025-07-01 00:00:00,u
2610,1045,420786-1,2025-07-01,50,+420786,2025-07-01 00:00:00,u
2611,1046,371898-5,2025-06-01,50,+371898,2025-06-01 00:00:00,u
2612,1046,420786-1,2025-06-01,50,+420786,2025-06-01 00:00:00,u
2613,1047,371898-5,2025-05-01,50,+371898,2025-05-01 00:00:00,u
2614,1047,420786-1,2025-05-01,50,+420786,2025-05-01 00:00:00,u
2615,1048,371898-5,2025-04-01,50,+371898,2025-04-01 00:00:00,u
2616,1048,420786-1,2025-04-01,50,+420786,2025-04-01 00:00:00,u
2617,1049,371898-5,2025-03-01,50,+371898,2025-03-01 00:00:00,u
2618,1049,420786-1,2025-03-01,50,+420786,2025-03-01 00:00:00,u
2619,1050,371898-5,2025-02-01,50,+371898,2025-02-01 00:00:00,u
2620,1050,420786-1,2025-02-01,50,+420786,2025-02-01 00:00:00,u
2621,1051,371898-5,2025-01-01,50,+371898,2025-01-01 00:00:00,u
2622,1051,420786-1,2025-01-01,50,+420786,2025-01-01 00:00:00,u
2623,1052,371898-5,2024-12-01,50,+371898,2024-12-01 00:00:00,u
2624,1052,420786-1,2024-12-01,50,+420786,2024-12-01 00:00:00,u
2625,1053,371898-5,2024-11-01,50,+371898,2024-11-01 00:00:00,u
2626,1053,420786-1,2024-11-01,50,+420786,2024-11-01 00:00:00,u
2627,1054,352761-9,2025-11-01,50,+352761,2025-11-01 00:00:00,u
2628,1054,543044-10,2025-11-01,50,+543044,2025-11-01 00:00:00,u
2629,1055,352761-9,2025-10-01,50,+352761,2025-10-01 00:00:00,u
2630,1055,543044-10,2025-10-01,50,+543044,2025-10-01 00:00:00,u
2631,1056,352761-9,2025-09-01,50,+352761,2025-09-01 00:00:00,u
2632,1056,543044-10,2025-09-01,50,+543044,2025-09-01 00:00:00,u
2633,1057,352761-9,2025-08-01,50,+352761,2025-08-01 00:00:00,u
2634,1057,543044-10,2025-08-01,50,+543044,2025-08-01 00:00:00,u
2635,1058,352761-9,2025-07-01,50,+352761,2025-07-01 00:00:00,u
2636,1058,543044-10,2025-07-01,50,+543044,2025-07-01 00:00:00,u
2637,1059,352761-9,2025-06-01,50,+352761,2025-06-01 00:00:00,u
2638,1059,543044-10,2025-06-01,50,+543044,2025-06-01 00:00:00,u
2639,1060,352761-9,2025-05-01,50,+352761,2025-05-01 00:00:00,u
2640,1060,543044-10,2025-05-01,50,+543044,2025-05-01 00:00:00,u
2641,1061,352761-9,2025-04-01,50,+352761,2025-04-01 00:00:00,u
2642,1061,543044-10,2025-04-01,50,+543044,2025-04-01 00:00:00,u
2643,1062,352761-9,2025-03-01,50,+352761,2025-03-01 00:00:00,u
2644,1062,543044-10,2025-03-01,50,+543044,2025-03-01 00:00:00,u
2645,1063,352761-9,2025-02-01,50,+352761,2025-02-01 00:00:00,u
2646,1063,543044-10,2025-02-01,50,+543044,2025-02-01 00:00:00,u
2647,1064,352761-9,2025-01-01,50,+352761,2025-01-01 00:00:00,u
2648,1064,543044-10,2025-01-01,50,+543044,2025-01-01 00:00:00,u
2649,1065,352761-9,2024-12-01,50,+352761,2024-12-01 00:00:00,u
2650,1065,543044-10,2024-12-01,50,+543044,2024-12-01 00:00:00,u
2651,1066,352761-9,2024-11-01,50,+352761,2024-11-01 00:00:00,u
2652,1066,543044-10,2024-11-01,50,+543044,2024-11-01 00:00:00,u
2653,1067,140542-5,2025-11-01,25,+140542,2025-11-01 00:00:00,u
2654,1067,520743-10,2025-11-01,25,+520743,2025-11-01 00:00:00,u
2655,1068,140542-5,2025-10-01,25,+140542,2025-10-01 00:00:00,u
2656,1068,520743-10,2025-10-01,25,+520743,2025-10-01 00:00:00,u
2657,1069,140542-5,2025-09-01,25,+140542,2025-09-01 00:00:00,u
2658,1069,520743-10,2025-09-01,25,+520743,2025-09-01 00:00:00,u
2659,1070,140542-5,2025-08-01,25,+140542,2025-08-01 00:00:00,u
2660,1070,520743-10,2025-08-01,25,+520743,2025-08-01 00:00:00,u
2661,1071,140542-5,2025-07-01,25,+140542,2025-07-01 00:00:00,u
2662,1071,520743-10,2025-07-01,25,+520743,2025-07-01 00:00:00,u
2663,1072,140542-5,2025-06-01,25,+140542,2025-06-01 00:00:00,u
2664,1072,520743-10,2025-06-01,25,+520743,2025-06-01 00:00:00,u
2665,1073,140542-5,2025-05-01,25,+140542,2025-05-01 00:00:00,u
2666,1073,520743-10,2025-05-01,25,+520743,2025-05-01 00:00:00,u
2667,1074,140542-5,2025-04-01,25,+140542,2025-04-01 00:00:00,u
2668,1074,520743-10,2025-04-01,25,+520743,2025-04-01 00:00:00,u
2669,1075,140542-5,2025-03-01,25,+140542,2025-03-01 00:00:00,u
2670,1075,520743-10,2025-03-01,25,+520743,2025-03-01 00:00:00,u
2671,1076,140542-5,2025-02-01,25,+140542,2025-02-01 00:00:00,u
2672,1076,520743-10,2025-02-01,25,+520743,2025-02-01 00:00:00,u
2673,1077,140542-5,2025-01-01,25,+140542,2025-01-01 00:00:00,u
2674,1077,520743-10,2025-01-01,25,+520743,2025-01-01 00:00:00,u
2675,1078,140542-5,2024-12-01,25,+140542,2024-12-01 00:00:00,u
2676,1078,520743-10,2024-12-01,25,+520743,2024-12-01 00:00:00,u
2677,1079,140542-5,2024-11-01,25,+140542,2024-11-01 00:00:00,u
2678,1079,520743-10,2024-11-01,25,+520743,2024-11-01 00:00:00,u
2679,1080,394975-10,2025-11-01,40,+394975,2025-11-01 00:00:00,u
2680,1080,524326-5,2025-11-01,40,+524326,2025-11-01 00:00:00,u
2681,1080,619654-9,2025-11-01,40,+619654,2025-11-01 00:00:00,u
2682,1081,394975-10,2025-10-01,40,+394975,2025-10-01 00:00:00,u
2683,1081,524326-5,2025-10-01,40,+524326,2025-10-01 00:00:00,u
2684,1081,619654-9,2025-10-01,40,+619654,2025-10-01 00:00:00,u
2685,1082,394975-10,2025-09-01,40,+394975,2025-09-01 00:00:00,u
2686,1082,524326-5,2025-09-01,40,+524326,2025-09-01 00:00:00,u
2687,1082,619654-9,2025-09-01,40,+619654,2025-09-01 00:00:00,u
2688,1083,394975-10,2025-08-01,40,+394975,2025-08-01 00:00:00,u
2689,1083,524326-5,2025-08-01,40,+524326,2025-08-01 00:00:00,u
2690,1083,619654-9,2025-08-01,40,+619654,2025-08-01 00:00:00,u
2691,1084,394975-10,2025-07-01,40,+394975,2025-07-01 00:00:00,u
2692,1084,524326-5,2025-07-01,40,+524326,2025-07-01 00:00:00,u
2693,1084,619654-9,2025-07-01,40,+619654,2025-07-01 00:00:00,u
2694,1085,394975-10,2025-06-01,40,+394975,2025-06-01 00:00:00,u
2695,1085,524326-5,2025-06-01,40,+524326,2025-06-01 00:00:00,u
2696,1085,619654-9,2025-06-01,40,+619654,2025-06-01 00:00:00,u
2697,1086,394975-10,2025-05-01,40,+394975,2025-05-01 00:00:00,u
2698,1086,524326-5,2025-05-01,40,+524326,2025-05-01 00:00:00,u
2699,1086,619654-9,2025-05-01,40,+619654,2025-05-01 00:00:00,u
2700,1087,394975-10,2025-04-01,40,+394975,2025-04-01 00:00:00,u
2701,1087,524326-5,2025-04-01,40,+524326,2025-04-01 00:00:00,u
2702,1087,619654-9,2025-04-01,40,+619654,2025-04-01 00:00:00,u
2703,1088,394975-10,2025-03-01,40,+394975,2025-03-01 00:00:00,u
2704,1088,524326-5,2025-03-01,40,+524326,2025-03-01 00:00:00,u
2705,1088,619654-9,2025-03-01,40,+619654,2025-03-01 00:00:00,u
2706,1089,394975-10,2025-02-01,40,+394975,2025-02-01 00:00:00,u
2707,1089,524326-5,2025-02-01,40,+524326,2025-02-01 00:00:00,u
2708,1089,619654-9,2025-02-01,40,+619654,2025-02-01 00:00:00,u
2709,1090,394975-10,2025-01-01,40,+394975,2025-01-01 00:00:00,u
2710,1090,524326-5,2025-01-01,40,+524326,2025-01-01 00:00:00,u
2711,1090,619654-9,2025-01-01,40,+619654,2025-01-01 00:00:00,u
2712,1091,394975-10,2024-12-01,40,+394975,2024-12-01 00:00:00,u
2713,1091,524326-5,2024-12-01,40,+524326,2024-12-01 00:00:00,u
2714,1091,619654-9,2024-12-01,40,+619654,2024-12-01 00:00:00,u
2715,1092,394975-10,2024-11-01,40,+394975,2024-11-01 00:00:00,u
2716,1092,524326-5,2024-11-01,40,+524326,2024-11-01 00:00:00,u
2717,1092,619654-9,2024-11-01,40,+619654,2024-11-01 00:00:00,u
2718,1093,330151-1,2025-11-01,50,+330151,2025-11-01 00:00:00,u
2719,1093,482560-13,2025-11-01,50,+482560,2025-11-01 00:00:00,u
2720,1093,543337-8,2025-11-01,50,+543337,2025-11-01 00:00:00,u
2721,1094,330151-1,2025-10-01,50,+330151,2025-10-01 00:00:00,u
2722,1094,482560-13,2025-10-01,50,+482560,2025-10-01 00:00:00,u
2723,1094,543337-8,2025-10-01,50,+543337,2025-10-01 00:00:00,u
2724,1095,330151-1,2025-09-01,50,+330151,2025-09-01 00:00:00,u
2725,1095,482560-13,2025-09-01,50,+482560,2025-09-01 00:00:00,u
2726,1095,543337-8,2025-09-01,50,+543337,2025-09-01 00:00:00,u
2727,1096,330151-1,2025-08-01,50,+330151,2025-08-01 00:00:00,u
2728,1096,482560-13,2025-08-01,50,+482560,2025-08-01 00:00:00,u
2729,1096,543337-8,2025-08-01,50,+543337,2025-08-01 00:00:00,u
2730,1097,330151-1,2025-07-01,50,+330151,2025-07-01 00:00:00,u
2731,1097,482560-13,2025-07-01,50,+482560,2025-07-01 00:00:00,u
2732,1097,543337-8,2025-07-01,50,+543337,2025-07-01 00:00:00,u
2733,1098,330151-1,2025-06-01,50,+330151,2025-06-01 00:00:00,u
2734,1098,482560-13,2025-06-01,50,+482560,2025-06-01 00:00:00,u
2735,1098,543337-8,2025-06-01,50,+543337,2025-06-01 00:00:00,u
2736,1099,330151-1,2025-05-01,50,+330151,2025-05-01 00:00:00,u
2737,1099,482560-13,2025-05-01,50,+482560,2025-05-01 00:00:00,u
2738,1099,543337-8,2025-05-01,50,+543337,2025-05-01 00:00:00,u
2739,1100,330151-1,2025-04-01,50,+330151,2025-04-01 00:00:00,u
2740,1100,482560-13,2025-04-01,50,+482560,2025-04-01 00:00:00,u
2741,1100,543337-8,2025-04-01,50,+543337,2025-04-01 00:00:00,u
2742,1101,330151-1,2025-03-01,50,+330151,2025-03-01 00:00:00,u
2743,1101,482560-13,2025-03-01,50,+482560,2025-03-01 00:00:00,u
2744,1101,543337-8,2025-03-01,50,+543337,2025-03-01 00:00:00,u
2745,1102,330151-1,2025-02-01,50,+330151,2025-02-01 00:00:00,u
2746,1102,482560-13,2025-02-01,50,+482560,2025-02-01 00:00:00,u
2747,1102,543337-8,2025-02-01,50,+543337,2025-02-01 00:00:00,u
2748,1103,330151-1,2025-01-01,50,+330151,2025-01-01 00:00:00,u
2749,1103,482560-13,2025-01-01,50,+482560,2025-01-01 00:00:00,u
2750,1103,543337-8,2025-01-01,50,+543337,2025-01-01 00:00:00,u
2751,1104,330151-1,2024-12-01,50,+330151,2024-12-01 00:00:00,u
2752,1104,482560-13,2024-12-01,50,+482560,2024-12-01 00:00:00,u
2753,1104,543337-8,2024-12-01,50,+543337,2024-12-01 00:00:00,u
2754,1105,330151-1,2024-11-01,50,+330151,2024-11-01 00:00:00,u
2755,1105,482560-13,2024-11-01,50,+482560,2024-11-01 00:00:00,u
2756,1105,543337-8,2024-11-01,50,+543337,2024-11-01 00:00:00,u
2757,1106,380294-5,2025-11-01,25,+380294,2025-11-01 00:00:00,u
2758,1106,380683-12,2025-11-01,25,+380683,2025-11-01 00:00:00,u
2759,1106,480394-13,2025-11-01,25,+480394,2025-11-01 00:00:00,u
2760,1106,902522-4,2025-11-01,25,+902522,2025-11-01 00:00:00,u
2761,1107,380294-5,2025-10-01,25,+380294,2025-10-01 00:00:00,u
2762,1107,380683-12,2025-10-01,25,+380683,2025-10-01 00:00:00,u
2763,1107,480394-13,2025-10-01,25,+480394,2025-10-01 00:00:00,u
2764,1107,902522-4,2025-10-01,25,+902522,2025-10-01 00:00:00,u
2765,1108,380294-5,2025-09-01,25,+380294,2025-09-01 00:00:00,u
2766,1108,380683-12,2025-09-01,25,+380683,2025-09-01 00:00:00,u
2767,1108,480394-13,2025-09-01,25,+480394,2025-09-01 00:00:00,u
2768,1108,902522-4,2025-09-01,25,+902522,2025-09-01 00:00:00,u
2769,1109,380294-5,2025-08-01,25,+380294,2025-08-01 00:00:00,u
2770,1109,380683-12,2025-08-01,25,+380683,2025-08-01 00:00:00,u
2771,1109,480394-13,2025-08-01,25,+480394,2025-08-01 00:00:00,u
2772,1109,902522-4,2025-08-01,25,+902522,2025-08-01 00:00:00,u
2773,1110,380294-5,2025-07-01,25,+380294,2025-07-01 00:00:00,u
2774,1110,380683-12,2025-07-01,25,+380683,2025-07-01 00:00:00,u
2775,1110,480394-13,2025-07-01,25,+480394,2025-07-01 00:00:00,u
2776,1110,902522-4,2025-07-01,25,+902522,2025-07-01 00:00:00,u
2777,1111,380294-5,2025-06-01,25,+380294,2025-06-01 00:00:00,u
2778,1111,380683-12,2025-06-01,25,+380683,2025-06-01 00:00:00,u
2779,1111,480394-13,2025-06-01,25,+480394,2025-06-01 00:00:00,u
2780,1111,902522-4,2025-06-01,25,+902522,2025-06-01 00:00:00,u
2781,1112,380294-5,2025-05-01,25,+380294,2025-05-01 00:00:00,u
2782,1112,380683-12,2025-05-01,25,+380683,2025-05-01 00:00:00,u
2783,1112,480394-13,2025-05-01,25,+480394,2025-05-01 00:00:00,u
2784,1112,902522-4,2025-05-01,25,+902522,2025-05-01 00:00:00,u
2785,1113,380294-5,2025-04-01,25,+380294,2025-04-01 00:00:00,u
2786,1113,380683-12,2025-04-01,25,+380683,2025-04-01 00:00:00,u
2787,1113,480394-13,2025-04-01,25,+480394,2025-04-01 00:00:00,u
2788,1113,902522-4,2025-04-01,25,+902522,2025-04-01 00:00:00,u
2789,1114,380294-5,2025-03-01,25,+380294,2025-03-01 00:00:00,u
2790,1114,380683-12,2025-03-01,25,+380683,2025-03-01 00:00:00,u
2791,1114,480394-13,2025-03-01,25,+480394,2025-03-01 00:00:00,u
2792,1114,902522-4,2025-03-01,25,+902522,2025-03-01 00:00:00,u
2793,1115,380294-5,2025-02-01,25,+380294,2025-02-01 00:00:00,u
2794,1115,380683-12,2025-02-01,25,+380683,2025-02-01 00:00:00,u
2795,1115,480394-13,2025-02-01,25,+480394,2025-02-01 00:00:00,u
2796,1115,902522-4,2025-02-01,25,+902522,2025-02-01 00:00:00,u
2797,1116,380294-5,2025-01-01,25,+380294,2025-01-01 00:00:00,u
2798,1116,380683-12,2025-01-01,25,+380683,2025-01-01 00:00:00,u
2799,1116,480394-13,2025-01-01,25,+480394,2025-01-01 00:00:00,u
2800,1116,902522-4,2025-01-01,25,+902522,2025-01-01 00:00:00,u
2801,1117,380294-5,2024-12-01,25,+380294,2024-12-01 00:00:00,u
2802,1117,380683-12,2024-12-01,25,+380683,2024-12-01 00:00:00,u
2803,1117,480394-13,2024-12-01,25,+480394,2024-12-01 00:00:00,u
2804,1117,902522-4,2024-12-01,25,+902522,2024-12-01 00:00:00,u
2805,1118,380294-5,2024-11-01,25,+380294,2024-11-01 00:00:00,u
2806,1118,380683-12,2024-11-01,25,+380683,2024-11-01 00:00:00,u
2807,1118,480394-13,2024-11-01,25,+480394,2024-11-01 00:00:00,u
2808,1118,902522-4,2024-11-01,25,+902522,2024-11-01 00:00:00,u
2809,1119,541373-11,2025-11-01,40,+541373,2025-11-01 00:00:00,u
2810,1119,545226-3,2025-11-01,40,+545226,2025-11-01 00:00:00,u
2811,1120,541373-11,2025-10-01,40,+541373,2025-10-01 00:00:00,u
2812,1120,545226-3,2025-10-01,40,+545226,2025-10-01 00:00:00,u
2813,1121,541373-11,2025-09-01,40,+541373,2025-09-01 00:00:00,u
2814,1121,545226-3,2025-09-01,40,+545226,2025-09-01 00:00:00,u
2815,1122,541373-11,2025-08-01,40,+541373,2025-08-01 00:00:00,u
2816,1122,545226-3,2025-08-01,40,+545226,2025-08-01 00:00:00,u
2817,1123,541373-11,2025-07-01,40,+541373,2025-07-01 00:00:00,u
2818,1123,545226-3,2025-07-01,40,+545226,2025-07-01 00:00:00,u
2819,1124,541373-11,2025-06-01,40,+541373,2025-06-01 00:00:00,u
2820,1124,545226-3,2025-06-01,40,+545226,2025-06-01 00:00:00,u
2821,1125,541373-11,2025-05-01,40,+541373,2025-05-01 00:00:00,u
2822,1125,545226-3,2025-05-01,40,+545226,2025-05-01 00:00:00,u
2823,1126,541373-11,2025-04-01,40,+541373,2025-04-01 00:00:00,u
2824,1126,545226-3,2025-04-01,40,+545226,2025-04-01 00:00:00,u
2825,1127,541373-11,2025-03-01,40,+541373,2025-03-01 00:00:00,u
2826,1127,545226-3,2025-03-01,40,+545226,2025-03-01 00:00:00,u
2827,1128,541373-11,2025-02-01,40,+541373,2025-02-01 00:00:00,u
2828,1128,545226-3,2025-02-01,40,+545226,2025-02-01 00:00:00,u
2829,1129,541373-11,2025-01-01,40,+541373,2025-01-01 00:00:00,u
2830,1129,545226-3,2025-01-01,40,+545226,2025-01-01 00:00:00,u
2831,1130,541373-11,2024-12-01,40,+541373,2024-12-01 00:00:00,u
2832,1130,545226-3,2024-12-01,40,+545226,2024-12-01 00:00:00,u
2833,1131,541373-11,2024-11-01,40,+541373,2024-11-01 00:00:00,u
2834,1131,545226-3,2024-11-01,40,+545226,2024-11-01 00:00:00,u
2835,1132,172467-2,2025-11-01,50,+172467,2025-11-01 00:00:00,u
2836,1132,176289-8,2025-11-01,50,+176289,2025-11-01 00:00:00,u
2837,1132,471060-3,2025-11-01,50,+471060,2025-11-01 00:00:00,u
2838,1133,172467-2,2025-10-01,50,+172467,2025-10-01 00:00:00,u
2839,1133,176289-8,2025-10-01,50,+176289,2025-10-01 00:00:00,u
2840,1133,471060-3,2025-10-01,50,+471060,2025-10-01 00:00:00,u
2841,1134,172467-2,2025-09-01,50,+172467,2025-09-01 00:00:00,u
2842,1134,176289-8,2025-09-01,50,+176289,2025-09-01 00:00:00,u
2843,1134,471060-3,2025-09-01,50,+471060,2025-09-01 00:00:00,u
2844,1135,172467-2,2025-08-01,50,+172467,2025-08-01 00:00:00,u
2845,1135,176289-8,2025-08-01,50,+176289,2025-08-01 00:00:00,u
2846,1135,471060-3,2025-08-01,50,+471060,2025-08-01 00:00:00,u
2847,1136,172467-2,2025-07-01,50,+172467,2025-07-01 00:00:00,u
2848,1136,176289-8,2025-07-01,50,+176289,2025-07-01 00:00:00,u
2849,1136,471060-3,2025-07-01,50,+471060,2025-07-01 00:00:00,u
2850,1137,172467-2,2025-06-01,50,+172467,2025-06-01 00:00:00,u
2851,1137,176289-8,2025-06-01,50,+176289,2025-06-01 00:00:00,u
2852,1137,471060-3,2025-06-01,50,+471060,2025-06-01 00:00:00,u
2853,1138,172467-2,2025-05-01,50,+172467,2025-05-01 00:00:00,u
2854,1138,176289-8,2025-05-01,50,+176289,2025-05-01 00:00:00,u
2855,1138,471060-3,2025-05-01,50,+471060,2025-05-01 00:00:00,u
2856,1139,172467-2,2025-04-01,50,+172467,2025-04-01 00:00:00,u
2857,1139,176289-8,2025-04-01,50,+176289,2025-04-01 00:00:00,u
2858,1139,471060-3,2025-04-01,50,+471060,2025-04-01 00:00:00,u
2859,1140,172467-2,2025-03-01,50,+172467,2025-03-01 00:00:00,u
2860,1140,176289-8,2025-03-01,50,+176289,2025-03-01 00:00:00,u
2861,1140,471060-3,2025-03-01,50,+471060,2025-03-01 00:00:00,u
2862,1141,172467-2,2025-02-01,50,+172467,2025-02-01 00:00:00,u
2863,1141,176289-8,2025-02-01,50,+176289,2025-02-01 00:00:00,u
2864,1141,471060-3,2025-02-01,50,+471060,2025-02-01 00:00:00,u
2865,1142,172467-2,2025-01-01,50,+172467,2025-01-01 00:00:00,u
2866,1142,176289-8,2025-01-01,50,+176289,2025-01-01 00:00:00,u
2867,1142,471060-3,2025-01-01,50,+471060,2025-01-01 00:00:00,u
2868,1143,172467-2,2024-12-01,50,+172467,2024-12-01 00:00:00,u
2869,1143,176289-8,2024-12-01,50,+176289,2024-12-01 00:00:00,u
2870,1143,471060-3,2024-12-01,50,+471060,2024-12-01 00:00:00,u
2871,1144,172467-2,2024-11-01,50,+172467,2024-11-01 00:00:00,u
2872,1144,176289-8,2024-11-01,50,+176289,2024-11-01 00:00:00,u
2873,1144,471060-3,2024-11-01,50,+471060,2024-11-01 00:00:00,u
2874,1145,337377-14,2025-11-01,25,+337377,2025-11-01 00:00:00,u
2875,1146,337377-14,2025-10-01,25,+337377,2025-10-01 00:00:00,u
2876,1147,337377-14,2025-09-01,25,+337377,2025-09-01 00:00:00,u
2877,1148,337377-14,2025-08-01,25,+337377,2025-08-01 00:00:00,u
2878,1149,337377-14,2025-07-01,25,+337377,2025-07-01 00:00:00,u
2879,1150,337377-14,2025-06-01,25,+337377,2025-06-01 00:00:00,u
2880,1151,337377-14,2025-05-01,25,+337377,2025-05-01 00:00:00,u
2881,1152,337377-14,2025-04-01,25,+337377,2025-04-01 00:00:00,u
2882,1153,337377-14,2025-03-01,25,+337377,2025-03-01 00:00:00,u
2883,1154,337377-14,2025-02-01,25,+337377,2025-02-01 00:00:00,u
2884,1155,337377-14,2025-01-01,25,+337377,2025-01-01 00:00:00,u
2885,1156,337377-14,2024-12-01,25,+337377,2024-12-01 00:00:00,u
2886,1157,337377-14,2024-11-01,25,+337377,2024-11-01 00:00:00,u
2887,1158,443687-9,2025-11-01,40,+443687,2025-11-01 00:00:00,u
2888,1159,443687-9,2025-10-01,40,+443687,2025-10-01 00:00:00,u
2889,1160,443687-9,2025-09-01,40,+443687,2025-09-01 00:00:00,u
2890,1161,443687-9,2025-08-01,40,+443687,2025-08-01 00:00:00,u
2891,1162,443687-9,2025-07-01,40,+443687,2025-07-01 00:00:00,u
2892,1163,443687-9,2025-06-01,40,+443687,2025-06-01 00:00:00,u
2893,1164,443687-9,2025-05-01,40,+443687,2025-05-01 00:00:00,u
2894,1165,443687-9,2025-04-01,40,+443687,2025-04-01 00:00:00,u
2895,1166,443687-9,2025-03-01,40,+443687,2025-03-01 00:00:00,u
2896,1167,443687-9,2025-02-01,40,+443687,2025-02-01 00:00:00,u
2897,1168,443687-9,2025-01-01,40,+443687,2025-01-01 00:00:00,u
2898,1169,443687-9,2024-12-01,40,+443687,2024-12-01 00:00:00,u
2899,1170,443687-9,2024-11-01,40,+443687,2024-11-01 00:00:00,u
2900,1171,515816-6,2025-11-01,25,+515816,2025-11-01 00:00:00,u
2901,1171,528385-9,2025-11-01,25,+528385,2025-11-01 00:00:00,u
2902,1171,817918-3,2025-11-01,25,+817918,2025-11-01 00:00:00,u
2903,1172,515816-6,2025-10-01,25,+515816,2025-10-01 00:00:00,u
2904,1172,528385-9,2025-10-01,25,+528385,2025-10-01 00:00:00,u
2905,1172,817918-3,2025-10-01,25,+817918,2025-10-01 00:00:00,u
2906,1173,515816-6,2025-09-01,25,+515816,2025-09-01 00:00:00,u
2907,1173,528385-9,2025-09-01,25,+528385,2025-09-01 00:00:00,u
2908,1173,817918-3,2025-09-01,25,+817918,2025-09-01 00:00:00,u
2909,1174,515816-6,2025-08-01,25,+515816,2025-08-01 00:00:00,u
2910,1174,528385-9,2025-08-01,25,+528385,2025-08-01 00:00:00,u
2911,1174,817918-3,2025-08-01,25,+817918,2025-08-01 00:00:00,u
2912,1175,515816-6,2025-07-01,25,+515816,2025-07-01 00:00:00,u
2913,1175,528385-9,2025-07-01,25,+528385,2025-07-01 00:00:00,u
2914,1175,817918-3,2025-07-01,25,+817918,2025-07-01 00:00:00,u
2915,1176,515816-6,2025-06-01,25,+515816,2025-06-01 00:00:00,u
2916,1176,528385-9,2025-06-01,25,+528385,2025-06-01 00:00:00,u
2917,1176,817918-3,2025-06-01,25,+817918,2025-06-01 00:00:00,u
2918,1177,515816-6,2025-05-01,25,+515816,2025-05-01 00:00:00,u
2919,1177,528385-9,2025-05-01,25,+528385,2025-05-01 00:00:00,u
2920,1177,817918-3,2025-05-01,25,+817918,2025-05-01 00:00:00,u
2921,1178,515816-6,2025-04-01,25,+515816,2025-04-01 00:00:00,u
2922,1178,528385-9,2025-04-01,25,+528385,2025-04-01 00:00:00,u
2923,1178,817918-3,2025-04-01,25,+817918,2025-04-01 00:00:00,u
2924,1179,515816-6,2025-03-01,25,+515816,2025-03-01 00:00:00,u
2925,1179,528385-9,2025-03-01,25,+528385,2025-03-01 00:00:00,u
2926,1179,817918-3,2025-03-01,25,+817918,2025-03-01 00:00:00,u
2927,1180,515816-6,2025-02-01,25,+515816,2025-02-01 00:00:00,u
2928,1180,528385-9,2025-02-01,25,+528385,2025-02-01 00:00:00,u
2929,1180,817918-3,2025-02-01,25,+817918,2025-02-01 00:00:00,u
2930,1181,515816-6,2025-01-01,25,+515816,2025-01-01 00:00:00,u
2931,1181,528385-9,2025-01-01,25,+528385,2025-01-01 00:00:00,u
2932,1181,817918-3,2025-01-01,25,+817918,2025-01-01 00:00:00,u
2933,1182,515816-6,2024-12-01,25,+515816,2024-12-01 00:00:00,u
2934,1182,528385-9,2024-12-01,25,+528385,2024-12-01 00:00:00,u
2935,1182,817918-3,2024-12-01,25,+817918,2024-12-01 00:00:00,u
2936,1183,515816-6,2024-11-01,25,+515816,2024-11-01 00:00:00,u
2937,1183,528385-9,2024-11-01,25,+528385,2024-11-01 00:00:00,u
2938,1183,817918-3,2024-11-01,25,+817918,2024-11-01 00:00:00,u
2939,1184,337901-1,2025-11-01,40,+337901,2025-11-01 00:00:00,u
2940,1184,380943-10,2025-11-01,40,+380943,2025-11-01 00:00:00,u
2941,1184,659039-8,2025-11-01,40,+659039,2025-11-01 00:00:00,u
2942,1185,337901-1,2025-10-01,40,+337901,2025-10-01 00:00:00,u
2943,1185,380943-10,2025-10-01,40,+380943,2025-10-01 00:00:00,u
2944,1185,659039-8,2025-10-01,40,+659039,2025-10-01 00:00:00,u
2945,1186,337901-1,2025-09-01,40,+337901,2025-09-01 00:00:00,u
2946,1186,380943-10,2025-09-01,40,+380943,2025-09-01 00:00:00,u
2947,1186,659039-8,2025-09-01,40,+659039,2025-09-01 00:00:00,u
2948,1187,337901-1,2025-08-01,40,+337901,2025-08-01 00:00:00,u
2949,1187,380943-10,2025-08-01,40,+380943,2025-08-01 00:00:00,u
2950,1187,659039-8,2025-08-01,40,+659039,2025-08-01 00:00:00,u
2951,1188,337901-1,2025-07-01,40,+337901,2025-07-01 00:00:00,u
2952,1188,380943-10,2025-07-01,40,+380943,2025-07-01 00:00:00,u
2953,1188,659039-8,2025-07-01,40,+659039,2025-07-01 00:00:00,u
2954,1189,337901-1,2025-06-01,40,+337901,2025-06-01 00:00:00,u
2955,1189,380943-10,2025-06-01,40,+380943,2025-06-01 00:00:00,u
2956,1189,659039-8,2025-06-01,40,+659039,2025-06-01 00:00:00,u
2957,1190,337901-1,2025-05-01,40,+337901,2025-05-01 00:00:00,u
2958,1190,380943-10,2025-05-01,40,+380943,2025-05-01 00:00:00,u
2959,1190,659039-8,2025-05-01,40,+659039,2025-05-01 00:00:00,u
2960,1191,337901-1,2025-04-01,40,+337901,2025-04-01 00:00:00,u
2961,1191,380943-10,2025-04-01,40,+380943,2025-04-01 00:00:00,u
2962,1191,659039-8,2025-04-01,40,+659039,2025-04-01 00:00:00,u
2963,1192,337901-1,2025-03-01,40,+337901,2025-03-01 00:00:00,u
2964,1192,380943-10,2025-03-01,40,+380943,2025-03-01 00:00:00,u
2965,1192,659039-8,2025-03-01,40,+659039,2025-03-01 00:00:00,u
2966,1193,337901-1,2025-02-01,40,+337901,2025-02-01 00:00:00,u
2967,1193,380943-10,2025-02-01,40,+380943,2025-02-01 00:00:00,u
2968,1193,659039-8,2025-02-01,40,+659039,2025-02-01 00:00:00,u
2969,1194,337901-1,2025-01-01,40,+337901,2025-01-01 00:00:00,u
2970,1194,380943-10,2025-01-01,40,+380943,2025-01-01 00:00:00,u
2971,1194,659039-8,2025-01-01,40,+659039,2025-01-01 00:00:00,u
2972,1195,337901-1,2024-12-01,40,+337901,2024-12-01 00:00:00,u
2973,1195,380943-10,2024-12-01,40,+380943,2024-12-01 00:00:00,u
2974,1195,659039-8,2024-12-01,40,+659039,2024-12-01 00:00:00,u
2975,1196,337901-1,2024-11-01,40,+337901,2024-11-01 00:00:00,u
2976,1196,380943-10,2024-11-01,40,+380943,2024-11-01 00:00:00,u
2977,1196,659039-8,2024-11-01,40,+659039,2024-11-01 00:00:00,u
2978,1197,213523-7,2025-11-01,50,+213523,2025-11-01 00:00:00,u
2979,1197,359847-13,2025-11-01,50,+359847,2025-11-01 00:00:00,u
2980,1197,406382-3,2025-11-01,50,+406382,2025-11-01 00:00:00,u
2981,1197,593090-8,2025-11-01,50,+593090,2025-11-01 00:00:00,u
2982,1198,213523-7,2025-10-01,50,+213523,2025-10-01 00:00:00,u
2983,1198,359847-13,2025-10-01,50,+359847,2025-10-01 00:00:00,u
2984,1198,406382-3,2025-10-01,50,+406382,2025-10-01 00:00:00,u
2985,1198,593090-8,2025-10-01,50,+593090,2025-10-01 00:00:00,u
2986,1199,213523-7,2025-09-01,50,+213523,2025-09-01 00:00:00,u
2987,1199,359847-13,2025-09-01,50,+359847,2025-09-01 00:00:00,u
2988,1199,406382-3,2025-09-01,50,+406382,2025-09-01 00:00:00,u
2989,1199,593090-8,2025-09-01,50,+593090,2025-09-01 00:00:00,u
2990,1200,213523-7,2025-08-01,50,+213523,2025-08-01 00:00:00,u
2991,1200,359847-13,2025-08-01,50,+359847,2025-08-01 00:00:00,u
2992,1200,406382-3,2025-08-01,50,+406382,2025-08-01 00:00:00,u
2993,1200,593090-8,2025-08-01,50,+593090,2025-08-01 00:00:00,u
2994,1201,213523-7,2025-07-01,50,+213523,2025-07-01 00:00:00,u
2995,1201,359847-13,2025-07-01,50,+359847,2025-07-01 00:00:00,u
2996,1201,406382-3,2025-07-01,50,+406382,2025-07-01 00:00:00,u
2997,1201,593090-8,2025-07-01,50,+593090,2025-07-01 00:00:00,u
2998,1202,213523-7,2025-06-01,50,+213523,2025-06-01 00:00:00,u
2999,1202,359847-13,2025-06-01,50,+359847,2025-06-01 00:00:00,u
3000,1202,406382-3,2025-06-01,50,+406382,2025-06-01 00:00:00,u
3001,1202,593090-8,2025-06-01,50,+593090,2025-06-01 00:00:00,u
3002,1203,213523-7,2025-05-01,50,+213523,2025-05-01 00:00:00,u
3003,1203,359847-13,2025-05-01,50,+359847,2025-05-01 00:00:00,u
3004,1203,406382-3,2025-05-01,50,+406382,2025-05-01 00:00:00,u
3005,1203,593090-8,2025-05-01,50,+593090,2025-05-01 00:00:00,u
3006,1204,213523-7,2025-04-01,50,+213523,2025-04-01 00:00:00,u
3007,1204,359847-13,2025-04-01,50,+359847,2025-04-01 00:00:00,u
3008,1204,406382-3,2025-04-01,50,+406382,2025-04-01 00:00:00,u
3009,1204,593090-8,2025-04-01,50,+593090,2025-04-01 00:00:00,u
3010,1205,213523-7,2025-03-01,50,+213523,2025-03-01 00:00:00,u
3011,1205,359847-13,2025-03-01,50,+359847,2025-03-01 00:00:00,u
3012,1205,406382-3,2025-03-01,50,+406382,2025-03-01 00:00:00,u
3013,1205,593090-8,2025-03-01,50,+593090,2025-03-01 00:00:00,u
3014,1206,213523-7,2025-02-01,50,+213523,2025-02-01 00:00:00,u
3015,1206,359847-13,2025-02-01,50,+359847,2025-02-01 00:00:00,u
3016,1206,406382-3,2025-02-01,50,+406382,2025-02-01 00:00:00,u
3017,1206,593090-8,2025-02-01,50,+593090,2025-02-01 00:00:00,u
3018,1207,213523-7,2025-01-01,50,+213523,2025-01-01 00:00:00,u
3019,1207,359847-13,2025-01-01,50,+359847,2025-01-01 00:00:00,u
3020,1207,406382-3,2025-01-01,50,+406382,2025-01-01 00:00:00,u
3021,1207,593090-8,2025-01-01,50,+593090,2025-01-01 00:00:00,u
3022,1208,213523-7,2024-12-01,50,+213523,2024-12-01 00:00:00,u
3023,1208,359847-13,2024-12-01,50,+359847,2024-12-01 00:00:00,u
3024,1208,406382-3,2024-12-01,50,+406382,2024-12-01 00:00:00,u
3025,1208,593090-8,2024-12-01,50,+593090,2024-12-01 00:00:00,u
3026,1209,213523-7,2024-11-01,50,+213523,2024-11-01 00:00:00,u
3027,1209,359847-13,2024-11-01,50,+359847,2024-11-01 00:00:00,u
3028,1209,406382-3,2024-11-01,50,+406382,2024-11-01 00:00:00,u
3029,1209,593090-8,2024-11-01,50,+593090,2024-11-01 00:00:00,u
3030,1210,780202-1,2025-11-01,50,+780202,2025-11-01 00:00:00,u
3031,1211,780202-1,2025-10-01,50,+780202,2025-10-01 00:00:00,u
3032,1212,780202-1,2025-09-01,50,+780202,2025-09-01 00:00:00,u
3033,1213,780202-1,2025-08-01,50,+780202,2025-08-01 00:00:00,u
3034,1214,780202-1,2025-07-01,50,+780202,2025-07-01 00:00:00,u
3035,1215,780202-1,2025-06-01,50,+780202,2025-06-01 00:00:00,u
3036,1216,780202-1,2025-05-01,50,+780202,2025-05-01 00:00:00,u
3037,1217,780202-1,2025-04-01,50,+780202,2025-04-01 00:00:00,u
3038,1218,780202-1,2025-03-01,50,+780202,2025-03-01 00:00:00,u
3039,1219,780202-1,2025-02-01,50,+780202,2025-02-01 00:00:00,u
3040,1220,780202-1,2025-01-01,50,+780202,2025-01-01 00:00:00,u
3041,1221,780202-1,2024-12-01,50,+780202,2024-12-01 00:00:00,u
3042,1222,780202-1,2024-11-01,50,+780202,2024-11-01 00:00:00,u
3043,1223,162429-2,2025-11-01,25,+162429,2025-11-01 00:00:00,u
3044,1223,372654-13,2025-11-01,25,+372654,2025-11-01 00:00:00,u
3045,1224,162429-2,2025-10-01,25,+162429,2025-10-01 00:00:00,u
3046,1224,372654-13,2025-10-01,25,+372654,2025-10-01 00:00:00,u
3047,1225,162429-2,2025-09-01,25,+162429,2025-09-01 00:00:00,u
3048,1225,372654-13,2025-09-01,25,+372654,2025-09-01 00:00:00,u
3049,1226,162429-2,2025-08-01,25,+162429,2025-08-01 00:00:00,u
3050,1226,372654-13,2025-08-01,25,+372654,2025-08-01 00:00:00,u
3051,1227,162429-2,2025-07-01,25,+162429,2025-07-01 00:00:00,u
3052,1227,372654-13,2025-07-01,25,+372654,2025-07-01 00:00:00,u
3053,1228,162429-2,2025-06-01,25,+162429,2025-06-01 00:00:00,u
3054,1228,372654-13,2025-06-01,25,+372654,2025-06-01 00:00:00,u
3055,1229,162429-2,2025-05-01,25,+162429,2025-05-01 00:00:00,u
3056,1229,372654-13,2025-05-01,25,+372654,2025-05-01 00:00:00,u
3057,1230,162429-2,2025-04-01,25,+162429,2025-04-01 00:00:00,u
3058,1230,372654-13,2025-04-01,25,+372654,2025-04-01 00:00:00,u
3059,1231,162429-2,2025-03-01,25,+162429,2025-03-01 00:00:00,u
3060,1231,372654-13,2025-03-01,25,+372654,2025-03-01 00:00:00,u
3061,1232,162429-2,2025-02-01,25,+162429,2025-02-01 00:00:00,u
3062,1232,372654-13,2025-02-01,25,+372654,2025-02-01 00:00:00,u
3063,1233,162429-2,2025-01-01,25,+162429,2025-01-01 00:00:00,u
3064,1233,372654-13,2025-01-01,25,+372654,2025-01-01 00:00:00,u
3065,1234,162429-2,2024-12-01,25,+162429,2024-12-01 00:00:00,u
3066,1234,372654-13,2024-12-01,25,+372654,2024-12-01 00:00:00,u
3067,1235,162429-2,2024-11-01,25,+162429,2024-11-01 00:00:00,u
3068,1235,372654-13,2024-11-01,25,+372654,2024-11-01 00:00:00,u
3069,1236,339509-10,2025-11-01,40,+339509,2025-11-01 00:00:00,u
3070,1236,912143-12,2025-11-01,40,+912143,2025-11-01 00:00:00,u
3071,1237,339509-10,2025-10-01,40,+339509,2025-10-01 00:00:00,u
3072,1237,912143-12,2025-10-01,40,+912143,2025-10-01 00:00:00,u
3073,1238,339509-10,2025-09-01,40,+339509,2025-09-01 00:00:00,u
3074,1238,912143-12,2025-09-01,40,+912143,2025-09-01 00:00:00,u
3075,1239,339509-10,2025-08-01,40,+339509,2025-08-01 00:00:00,u
3076,1239,912143-12,2025-08-01,40,+912143,2025-08-01 00:00:00,u
3077,1240,339509-10,2025-07-01,40,+339509,2025-07-01 00:00:00,u
3078,1240,912143-12,2025-07-01,40,+912143,2025-07-01 00:00:00,u
3079,1241,339509-10,2025-06-01,40,+339509,2025-06-01 00:00:00,u
3080,1241,912143-12,2025-06-01,40,+912143,2025-06-01 00:00:00,u
3081,1242,339509-10,2025-05-01,40,+339509,2025-05-01 00:00:00,u
3082,1242,912143-12,2025-05-01,40,+912143,2025-05-01 00:00:00,u
3083,1243,339509-10,2025-04-01,40,+339509,2025-04-01 00:00:00,u
3084,1243,912143-12,2025-04-01,40,+912143,2025-04-01 00:00:00,u
3085,1244,339509-10,2025-03-01,40,+339509,2025-03-01 00:00:00,u
3086,1244,912143-12,2025-03-01,40,+912143,2025-03-01 00:00:00,u
3087,1245,339509-10,2025-02-01,40,+339509,2025-02-01 00:00:00,u
3088,1245,912143-12,2025-02-01,40,+912143,2025-02-01 00:00:00,u
3089,1246,339509-10,2025-01-01,40,+339509,2025-01-01 00:00:00,u
3090,1246,912143-12,2025-01-01,40,+912143,2025-01-01 00:00:00,u
3091,1247,339509-10,2024-12-01,40,+339509,2024-12-01 00:00:00,u
3092,1247,912143-12,2024-12-01,40,+912143,2024-12-01 00:00:00,u
3093,1248,339509-10,2024-11-01,40,+339509,2024-11-01 00:00:00,u
3094,1248,912143-12,2024-11-01,40,+912143,2024-11-01 00:00:00,u
3095,1249,351851-11,2025-11-01,50,+351851,2025-11-01 00:00:00,u
3096,1249,824477-10,2025-11-01,50,+824477,2025-11-01 00:00:00,u
3097,1250,351851-11,2025-10-01,50,+351851,2025-10-01 00:00:00,u
3098,1250,824477-10,2025-10-01,50,+824477,2025-10-01 00:00:00,u
3099,1251,351851-11,2025-09-01,50,+351851,2025-09-01 00:00:00,u
3100,1251,824477-10,2025-09-01,50,+824477,2025-09-01 00:00:00,u
3101,1252,351851-11,2025-08-01,50,+351851,2025-08-01 00:00:00,u
3102,1252,824477-10,2025-08-01,50,+824477,2025-08-01 00:00:00,u
3103,1253,351851-11,2025-07-01,50,+351851,2025-07-01 00:00:00,u
3104,1253,824477-10,2025-07-01,50,+824477,2025-07-01 00:00:00,u
3105,1254,351851-11,2025-06-01,50,+351851,2025-06-01 00:00:00,u
3106,1254,824477-10,2025-06-01,50,+824477,2025-06-01 00:00:00,u
3107,1255,351851-11,2025-05-01,50,+351851,2025-05-01 00:00:00,u
3108,1255,824477-10,2025-05-01,50,+824477,2025-05-01 00:00:00,u
3109,1256,351851-11,2025-04-01,50,+351851,2025-04-01 00:00:00,u
3110,1256,824477-10,2025-04-01,50,+824477,2025-04-01 00:00:00,u
3111,1257,351851-11,2025-03-01,50,+351851,2025-03-01 00:00:00,u
3112,1257,824477-10,2025-03-01,50,+824477,2025-03-01 00:00:00,u
3113,1258,351851-11,2025-02-01,50,+351851,2025-02-01 00:00:00,u
3114,1258,824477-10,2025-02-01,50,+824477,2025-02-01 00:00:00,u
3115,1259,351851-11,2025-01-01,50,+351851,2025-01-01 00:00:00,u
3116,1259,824477-10,2025-01-01,50,+824477,2025-01-01 00:00:00,u
3117,1260,351851-11,2024-12-01,50,+351851,2024-12-01 00:00:00,u
3118,1260,824477-10,2024-12-01,50,+824477,2024-12-01 00:00:00,u
3119,1261,351851-11,2024-11-01,50,+351851,2024-11-01 00:00:00,u
3120,1261,824477-10,2024-11-01,50,+824477,2024-11-01 00:00:00,u
3121,1262,402884-14,2025-11-01,25,+402884,2025-11-01 00:00:00,u
3122,1262,420851-8,2025-11-01,25,+420851,2025-11-01 00:00:00,u
3123,1262,484274-7,2025-11-01,25,+484274,2025-11-01 00:00:00,u
3124,1262,490122-3,2025-11-01,25,+490122,2025-11-01 00:00:00,u
3125,1263,402884-14,2025-10-01,25,+402884,2025-10-01 00:00:00,u
3126,1263,420851-8,2025-10-01,25,+420851,2025-10-01 00:00:00,u
3127,1263,484274-7,2025-10-01,25,+484274,2025-10-01 00:00:00,u
3128,1263,490122-3,2025-10-01,25,+490122,2025-10-01 00:00:00,u
3129,1264,402884-14,2025-09-01,25,+402884,2025-09-01 00:00:00,u
3130,1264,420851-8,2025-09-01,25,+420851,2025-09-01 00:00:00,u
3131,1264,484274-7,2025-09-01,25,+484274,2025-09-01 00:00:00,u
3132,1264,490122-3,2025-09-01,25,+490122,2025-09-01 00:00:00,u
3133,1265,402884-14,2025-08-01,25,+402884,2025-08-01 00:00:00,u
3134,1265,420851-8,2025-08-01,25,+420851,2025-08-01 00:00:00,u
3135,1265,484274-7,2025-08-01,25,+484274,2025-08-01 00:00:00,u
3136,1265,490122-3,2025-08-01,25,+490122,2025-08-01 00:00:00,u
3137,1266,402884-14,2025-07-01,25,+402884,2025-07-01 00:00:00,u
3138,1266,420851-8,2025-07-01,25,+420851,2025-07-01 00:00:00,u
3139,1266,484274-7,2025-07-01,25,+484274,2025-07-01 00:00:00,u
3140,1266,490122-3,2025-07-01,25,+490122,2025-07-01 00:00:00,u
3141,1267,402884-14,2025-06-01,25,+402884,2025-06-01 00:00:00,u
3142,1267,420851-8,2025-06-01,25,+420851,2025-06-01 00:00:00,u
3143,1267,484274-7,2025-06-01,25,+484274,2025-06-01 00:00:00,u
3144,1267,490122-3,2025-06-01,25,+490122,2025-06-01 00:00:00,u
3145,1268,402884-14,2025-05-01,25,+402884,2025-05-01 00:00:00,u
3146,1268,420851-8,2025-05-01,25,+420851,2025-05-01 00:00:00,u
3147,1268,484274-7,2025-05-01,25,+484274,2025-05-01 00:00:00,u
3148,1268,490122-3,2025-05-01,25,+490122,2025-05-01 00:00:00,u
3149,1269,402884-14,2025-04-01,25,+402884,2025-04-01 00:00:00,u
3150,1269,420851-8,2025-04-01,25,+420851,2025-04-01 00:00:00,u
3151,1269,484274-7,2025-04-01,25,+484274,2025-04-01 00:00:00,u
3152,1269,490122-3,2025-04-01,25,+490122,2025-04-01 00:00:00,u
3153,1270,402884-14,2025-03-01,25,+402884,2025-03-01 00:00:00,u
3154,1270,420851-8,2025-03-01,25,+420851,2025-03-01 00:00:00,u
3155,1270,484274-7,2025-03-01,25,+484274,2025-03-01 00:00:00,u
3156,1270,490122-3,2025-03-01,25,+490122,2025-03-01 00:00:00,u
3157,1271,402884-14,2025-02-01,25,+402884,2025-02-01 00:00:00,u
3158,1271,420851-8,2025-02-01,25,+420851,2025-02-01 00:00:00,u
3159,1271,484274-7,2025-02-01,25,+484274,2025-02-01 00:00:00,u
3160,1271,490122-3,2025-02-01,25,+490122,2025-02-01 00:00:00,u
3161,1272,402884-14,2025-01-01,25,+402884,2025-01-01 00:00:00,u
3162,1272,420851-8,2025-01-01,25,+420851,2025-01-01 00:00:00,u
3163,1272,484274-7,2025-01-01,25,+484274,2025-01-01 00:00:00,u
3164,1272,490122-3,2025-01-01,25,+490122,2025-01-01 00:00:00,u
3165,1273,402884-14,2024-12-01,25,+402884,2024-12-01 00:00:00,u
3166,1273,420851-8,2024-12-01,25,+420851,2024-12-01 00:00:00,u
3167,1273,484274-7,2024-12-01,25,+484274,2024-12-01 00:00:00,u
3168,1273,490122-3,2024-12-01,25,+490122,2024-12-01 00:00:00,u
3169,1274,402884-14,2024-11-01,25,+402884,2024-11-01 00:00:00,u
3170,1274,420851-8,2024-11-01,25,+420851,2024-11-01 00:00:00,u
3171,1274,484274-7,2024-11-01,25,+484274,2024-11-01 00:00:00,u
3172,1274,490122-3,2024-11-01,25,+490122,2024-11-01 00:00:00,u
3173,1275,828346-1,2025-11-01,40,+828346,2025-11-01 00:00:00,u
3174,1276,828346-1,2025-10-01,40,+828346,2025-10-01 00:00:00,u
3175,1277,828346-1,2025-09-01,40,+828346,2025-09-01 00:00:00,u
3176,1278,828346-1,2025-08-01,40,+828346,2025-08-01 00:00:00,u
3177,1279,828346-1,2025-07-01,40,+828346,2025-07-01 00:00:00,u
3178,1280,828346-1,2025-06-01,40,+828346,2025-06-01 00:00:00,u
3179,1281,828346-1,2025-05-01,40,+828346,2025-05-01 00:00:00,u
3180,1282,828346-1,2025-04-01,40,+828346,2025-04-01 00:00:00,u
3181,1283,828346-1,2025-03-01,40,+828346,2025-03-01 00:00:00,u
3182,1284,828346-1,2025-02-01,40,+828346,2025-02-01 00:00:00,u
3183,1285,828346-1,2025-01-01,40,+828346,2025-01-01 00:00:00,u
3184,1286,828346-1,2024-12-01,40,+828346,2024-12-01 00:00:00,u
3185,1287,828346-1,2024-11-01,40,+828346,2024-11-01 00:00:00,u
3186,1288,651266-12,2025-11-01,50,+651266,2025-11-01 00:00:00,u
3187,1289,651266-12,2025-10-01,50,+651266,2025-10-01 00:00:00,u
3188,1290,651266-12,2025-09-01,50,+651266,2025-09-01 00:00:00,u
3189,1291,651266-12,2025-08-01,50,+651266,2025-08-01 00:00:00,u
3190,1292,651266-12,2025-07-01,50,+651266,2025-07-01 00:00:00,u
3191,1293,651266-12,2025-06-01,50,+651266,2025-06-01 00:00:00,u
3192,1294,651266-12,2025-05-01,50,+651266,2025-05-01 00:00:00,u
3193,1295,651266-12,2025-04-01,50,+651266,2025-04-01 00:00:00,u
3194,1296,651266-12,2025-03-01,50,+651266,2025-03-01 00:00:00,u
3195,1297,651266-12,2025-02-01,50,+651266,2025-02-01 00:00:00,u
3196,1298,651266-12,2025-01-01,50,+651266,2025-01-01 00:00:00,u
3197,1299,651266-12,2024-12-01,50,+651266,2024-12-01 00:00:00,u
3198,1300,651266-12,2024-11-01,50,+651266,2024-11-01 00:00:00,u
